# JMP-table dispatch audit
# total sites: 1910
#
# Summary:
#   static_target           1795  (JMP with statically resolved target — safe)
#   in_function_switch         0  (JMP(PC,Dn.W) compiled to in-function switch+goto — safe, this is the Duff's-device fix)
#   dynamic_register          19  (JMP (An)/(d,An)/(An,Xn) — runtime address from register, safe via call_by_address)
#   fallback_hybrid                — JMP(PC,Dn.W) routed through hybrid_jmp_interpret; subdivided:
#     function_entry          28    (base IS a registered function — call_by_address resolves it directly)
#     bra_w_trampoline         0    (base opcode = 0x6000; runtime miss feedback works)
#     offset_table            67    (base is a dc.w (target-base) table; 1+ entries decode to functions — runtime resolves it)
#     INTERIOR_UNRESOLVED      1    (DANGER: base is interior to a function, NOT one of the safe patterns above — silent failure class like pre-fix CPZ)
#     external_unresolved      0    (base outside any known function — investigate)
#   unsupported                0  (decoder hit a JMP mode the emitter doesn't handle)
#
# When `interior_unresolved` is non-zero, inspect each site — these are
# Sonic-2-CPZ-style silent-failure candidates. Either the recompiler's
# Duff's-device probe (probe_pc_idx_targets) didn't match, or the table
# really is a new pattern that needs new codegen support.
#
# Format: <jmp_addr>  in func <func>  base <base>  kind=<kind>[ targets=N]

$000BE2  in func $000AB4  base $001E7A  kind=static_target
$000BEA  in func $000AB4  base $001E7A  kind=static_target
$000D1E  in func $000C0E  base $001E7A  kind=static_target
$000EA8  in func $000EA0  base $001E7A  kind=static_target
$000EC6  in func $000EC6  base $001E7A  kind=static_target
$000ED8  in func $000ECC  base $001E7A  kind=static_target
$000F9E  in func $000F9E  base $FFFFF608  kind=static_target
$0018CE  in func $0018C6  base $000000  kind=dynamic_register
$001B84  in func $001B78  base $001BD4  kind=fallback_hybrid/function_entry
$001E5A  in func $001DF4  base $001D74  kind=static_target
$0023DE  in func $0023CA  base $0023E4  kind=fallback_hybrid/offset_table
$003338  in func $003338  base $0023CA  kind=static_target
$003FCE  in func $003FC2  base $019240  kind=static_target
$00402C  in func $00402C  base $019240  kind=static_target
$0040B2  in func $0040B2  base $019240  kind=static_target
$00413A  in func $00413A  base $019240  kind=static_target
$00417E  in func $004172  base $019240  kind=static_target
$0041E2  in func $0041D6  base $019240  kind=static_target
$004278  in func $00426C  base $019240  kind=static_target
$005316  in func $005310  base $019230  kind=static_target
$007DA2  in func $007DA2  base $019240  kind=static_target
$007E16  in func $007E0C  base $019240  kind=static_target
$007E58  in func $007E50  base $019240  kind=static_target
$007E90  in func $007E88  base $019240  kind=static_target
$007EA0  in func $007E96  base $019240  kind=static_target
$007ECA  in func $007EC2  base $019240  kind=static_target
$0083DE  in func $0083DE  base $019240  kind=static_target
$0086F8  in func $0086D4  base $0015E2  kind=static_target
$008AB0  in func $008A32  base $001D5C  kind=static_target
$0096F4  in func $0096B8  base $0096F8  kind=fallback_hybrid/function_entry
$009770  in func $009768  base $00160A  kind=static_target
$0097CA  in func $0097CA  base $019240  kind=static_target
$009810  in func $009804  base $019240  kind=static_target
$009DBA  in func $009D8E  base $019240  kind=static_target
$009E8E  in func $009E6C  base $00B534  kind=static_target
$009E98  in func $009E94  base $00B534  kind=static_target
$009F20  in func $009F0A  base $001770  kind=static_target
$00A398  in func $00A38C  base $019240  kind=static_target
$00A4DE  in func $00A4CE  base $019240  kind=static_target
$00A536  in func $00A504  base $019240  kind=static_target
$00A556  in func $00A53C  base $019240  kind=static_target
$00AC06  in func $00AC02  base $00A38C  kind=static_target
$00B264  in func $00B264  base $019240  kind=static_target
$00B854  in func $00B83C  base $00B7BE  kind=static_target
$00BADA  in func $00BAD0  base $00160A  kind=static_target
$00C1B6  in func $00C1AA  base $019240  kind=static_target
$00C21E  in func $00C1BE  base $019240  kind=static_target
$00C404  in func $00C3F4  base $019240  kind=static_target
$00C470  in func $00C40A  base $019240  kind=static_target
$00C4C6  in func $00C4C6  base $019240  kind=static_target
$00C566  in func $00C55E  base $019240  kind=static_target
$00C572  in func $00C56C  base $00C576  kind=fallback_hybrid/function_entry
$00C636  in func $00C624  base $019240  kind=static_target
$00C6A6  in func $00C6A6  base $019240  kind=static_target
$00C6E8  in func $00C6E8  base $019240  kind=static_target
$00E928  in func $00E90E  base $0195CE  kind=static_target
$00EA7A  in func $00EA46  base $0015E2  kind=static_target
$00F5FC  in func $00F5F2  base $00F600  kind=fallback_hybrid/offset_table
$00F790  in func $00F78C  base $018D72  kind=static_target
$00F8C8  in func $00F8BE  base $00F8CC  kind=fallback_hybrid/offset_table
$00FA6C  in func $00FA66  base $00FA7C  kind=fallback_hybrid/offset_table
$00FD16  in func $00FCFC  base $00160A  kind=static_target
$011704  in func $0116FE  base $05B520  kind=static_target
$011730  in func $011726  base $011734  kind=fallback_hybrid/offset_table
$011BF6  in func $011BF2  base $019240  kind=static_target
$011BFC  in func $011BFC  base $05B520  kind=static_target
$011C0C  in func $011C02  base $011C10  kind=fallback_hybrid/offset_table
$011E44  in func $011E3C  base $00164C  kind=static_target
$011FA6  in func $011F88  base $00160A  kind=static_target
$01202C  in func $012028  base $00160A  kind=static_target
$01278C  in func $01278C  base $011562  kind=static_target
$01298E  in func $012972  base $00160A  kind=static_target
$0129B6  in func $012994  base $00160A  kind=static_target
$0129E6  in func $0129BC  base $00160A  kind=static_target
$012A1A  in func $012A02  base $00160A  kind=static_target
$012A80  in func $012A22  base $0015E2  kind=static_target
$01313C  in func $0130D2  base $00160A  kind=static_target
$013196  in func $013186  base $019240  kind=static_target
$0131F8  in func $0131F8  base $011562  kind=static_target
$01322A  in func $013218  base $019240  kind=static_target
$0132EA  in func $0132D0  base $0019D0  kind=static_target
$0133FE  in func $0133FA  base $019240  kind=static_target
$013432  in func $01341E  base $019240  kind=static_target
$013E80  in func $013E7A  base $05B520  kind=static_target
$013EAC  in func $013EA2  base $013EB0  kind=fallback_hybrid/offset_table
$0143F8  in func $0143F4  base $019240  kind=static_target
$0143FE  in func $0143FE  base $05B520  kind=static_target
$01440E  in func $014404  base $014412  kind=fallback_hybrid/offset_table
$0146B2  in func $014676  base $00164C  kind=static_target
$0146FA  in func $0146EE  base $0146FE  kind=fallback_hybrid/offset_table
$0152F0  in func $0152D8  base $00160A  kind=static_target
$015366  in func $015362  base $00160A  kind=static_target
$015AF4  in func $015AF4  base $011562  kind=static_target
$01625C  in func $01624C  base $019240  kind=static_target
$0162BE  in func $0162BE  base $011562  kind=static_target
$0162EE  in func $0162DC  base $019240  kind=static_target
$01631E  in func $01631A  base $019240  kind=static_target
$016350  in func $01633C  base $019240  kind=static_target
$016C16  in func $016C08  base $019240  kind=static_target
$016D52  in func $016D44  base $019240  kind=static_target
$016F06  in func $016EFC  base $016F0A  kind=fallback_hybrid/offset_table
$016FE0  in func $016FB0  base $019240  kind=static_target
$016FE6  in func $016FE6  base $019230  kind=static_target
$016FFE  in func $016FEC  base $019240  kind=static_target
$017004  in func $017004  base $019230  kind=static_target
$01703E  in func $017028  base $019240  kind=static_target
$017044  in func $017044  base $019230  kind=static_target
$017064  in func $01704A  base $019240  kind=static_target
$0174F0  in func $0174E6  base $0174F4  kind=fallback_hybrid/offset_table
$017560  in func $017554  base $019240  kind=static_target
$017568  in func $017568  base $019230  kind=static_target
$0178C8  in func $0178BE  base $0178CC  kind=fallback_hybrid/offset_table
$01793A  in func $01792A  base $01793E  kind=fallback_hybrid/offset_table
$01799A  in func $017984  base $019240  kind=static_target
$017A0E  in func $0179FE  base $019240  kind=static_target
$017CDC  in func $017CD2  base $017CE0  kind=fallback_hybrid/offset_table
$017D2E  in func $017D1E  base $017D32  kind=fallback_hybrid/offset_table
$017D9E  in func $017D92  base $019240  kind=static_target
$017F46  in func $017F46  base $019240  kind=static_target
$017F7C  in func $017F7C  base $019230  kind=static_target
$018012  in func $01800C  base $019230  kind=static_target
$018152  in func $0180F0  base $019240  kind=static_target
$018230  in func $0181B6  base $019240  kind=static_target
$018358  in func $018334  base $019240  kind=static_target
$01842C  in func $01840E  base $019240  kind=static_target
$018432  in func $018432  base $019230  kind=static_target
$018512  in func $0184BC  base $019240  kind=static_target
$018D00  in func $018CF6  base $018D04  kind=fallback_hybrid/offset_table
$018DBE  in func $018DB4  base $0015E2  kind=static_target
$018DC4  in func $018DC4  base $00160A  kind=static_target
$018E1A  in func $018E14  base $0015E2  kind=static_target
$018E20  in func $018E20  base $00160A  kind=static_target
$018E30  in func $018E26  base $018E34  kind=fallback_hybrid/offset_table
$0190D0  in func $0190CC  base $019216  kind=static_target
$019CF8  in func $019CF2  base $019CFC  kind=fallback_hybrid/function_entry
$01A75C  in func $01A75C  base $03923E  kind=static_target
$01A912  in func $01A908  base $01A916  kind=fallback_hybrid/offset_table
$01AAA6  in func $01AA9C  base $01AAAA  kind=fallback_hybrid/offset_table
$01AC44  in func $01AC3A  base $01AC48  kind=fallback_hybrid/offset_table
$01ACBC  in func $01ACB2  base $01ACC0  kind=fallback_hybrid/offset_table
$01ACE2  in func $01ACD8  base $01ACE6  kind=fallback_hybrid/offset_table
$01AD92  in func $01AD88  base $01AD96  kind=fallback_hybrid/offset_table
$01ADD4  in func $01ADCA  base $01ADD8  kind=fallback_hybrid/offset_table
$01AE06  in func $01ADFC  base $01AE0A  kind=fallback_hybrid/offset_table
$01B0C2  in func $01B0BA  base $019BEA  kind=static_target
$01B0EA  in func $01B0C8  base $019240  kind=static_target
$01B22C  in func $01B224  base $019BEA  kind=static_target
$01B254  in func $01B232  base $019240  kind=static_target
$01B428  in func $01B41E  base $01B42C  kind=fallback_hybrid/offset_table
$01B60C  in func $01B602  base $01B610  kind=fallback_hybrid/offset_table
$01B698  in func $01B68C  base $01B69C  kind=fallback_hybrid/offset_table
$01B6C4  in func $01B6B6  base $0015E2  kind=static_target
$01B716  in func $01B714  base $0015E2  kind=static_target
$01B76C  in func $01B76A  base $00164C  kind=static_target
$01B8DC  in func $01B878  base $0015E2  kind=static_target
$01C21E  in func $01C214  base $01C222  kind=fallback_hybrid/offset_table
$01C2BA  in func $01C2BA  base $019240  kind=static_target
$01C318  in func $01C318  base $019240  kind=static_target
$01C384  in func $01C384  base $019240  kind=static_target
$01C3E2  in func $01C3E2  base $019BEA  kind=static_target
$01C424  in func $01C424  base $019BEA  kind=static_target
$01C5C4  in func $01C5BC  base $019BEA  kind=static_target
$01C6FA  in func $01C6F2  base $019BEA  kind=static_target
$01C784  in func $01C784  base $019230  kind=static_target
$01C86A  in func $01C834  base $019240  kind=static_target
$01CB26  in func $01CB1E  base $019240  kind=static_target
$01CDC4  in func $01CDC2  base $00160A  kind=static_target
$01D154  in func $01D13A  base $019240  kind=static_target
$01D1B8  in func $01D19E  base $019240  kind=static_target
$01D21C  in func $01D202  base $019240  kind=static_target
$01D2E2  in func $01D2C8  base $019240  kind=static_target
$01D346  in func $01D32C  base $019240  kind=static_target
$01D3AA  in func $01D390  base $019240  kind=static_target
$01D430  in func $01D430  base $019C36  kind=static_target
$01D612  in func $01D5BA  base $013A82  kind=static_target
$01D776  in func $01D76C  base $019C12  kind=static_target
$01D77C  in func $01D77C  base $019240  kind=static_target
$01D868  in func $01D854  base $019240  kind=static_target
$01D86E  in func $01D86E  base $019230  kind=static_target
$01D89A  in func $01D886  base $019240  kind=static_target
$01D8DA  in func $01D8DA  base $019240  kind=static_target
$01D91A  in func $01D910  base $019C12  kind=static_target
$01D920  in func $01D920  base $019240  kind=static_target
$01DBE4  in func $01DBE2  base $00160A  kind=static_target
$01E25C  in func $01E248  base $019240  kind=static_target
$01E262  in func $01E262  base $019230  kind=static_target
$01E366  in func $01E354  base $019240  kind=static_target
$01E378  in func $01E36C  base $019240  kind=static_target
$01E37E  in func $01E37E  base $019230  kind=static_target
$01E496  in func $01E47E  base $00160A  kind=static_target
$01F6DA  in func $01F6BC  base $019230  kind=static_target
$01F87A  in func $01F844  base $019230  kind=static_target
$01F888  in func $01F888  base $019BEA  kind=static_target
$01F980  in func $01F96E  base $019240  kind=static_target
$01F986  in func $01F986  base $019230  kind=static_target
$01F9FC  in func $01F9FA  base $00160A  kind=static_target
$01FABC  in func $01FABC  base $019BEA  kind=static_target
$01FB22  in func $01FAEC  base $019230  kind=static_target
$01FB32  in func $01FB32  base $019BEA  kind=static_target
$02038C  in func $020378  base $019240  kind=static_target
$0203BA  in func $0203BA  base $019230  kind=static_target
$020422  in func $0203FE  base $019240  kind=static_target
$02044E  in func $020428  base $019240  kind=static_target
$02047A  in func $020454  base $019240  kind=static_target
$0204FA  in func $0204FA  base $019240  kind=static_target
$020840  in func $02082C  base $019240  kind=static_target
$02086E  in func $02086E  base $019230  kind=static_target
$0208A0  in func $020874  base $019240  kind=static_target
$020902  in func $0208E8  base $019240  kind=static_target
$02092E  in func $020908  base $019240  kind=static_target
$0209B2  in func $0209B2  base $019240  kind=static_target
$020C00  in func $020C00  base $019BEA  kind=static_target
$020C86  in func $020C74  base $019BEA  kind=static_target
$020CFE  in func $020CE2  base $019BEA  kind=static_target
$020D32  in func $020D32  base $019BEA  kind=static_target
$020D38  in func $020D38  base $019BEA  kind=static_target
$020FE6  in func $020FE6  base $019BEA  kind=static_target
$02109E  in func $02106C  base $019230  kind=static_target
$0210CC  in func $0210C0  base $019BEA  kind=static_target
$021110  in func $0210E0  base $019230  kind=static_target
$02113E  in func $021132  base $019BEA  kind=static_target
$02133C  in func $02133C  base $019BEA  kind=static_target
$021418  in func $0213D8  base $02141C  kind=fallback_hybrid/offset_table
$0215F2  in func $0215E6  base $019BEA  kind=static_target
$021644  in func $021638  base $019240  kind=static_target
$0216F0  in func $0216EE  base $00160A  kind=static_target
$02177E  in func $02176A  base $019C12  kind=static_target
$021800  in func $0217F4  base $019240  kind=static_target
$021906  in func $0218F2  base $00160A  kind=static_target
$021A0E  in func $021A02  base $019BEA  kind=static_target
$021A64  in func $021A58  base $019240  kind=static_target
$021B18  in func $021B00  base $00160A  kind=static_target
$021B6E  in func $021B5E  base $019C12  kind=static_target
$021C5A  in func $021C58  base $00160A  kind=static_target
$021CAC  in func $021C9C  base $019C12  kind=static_target
$021D72  in func $021D70  base $00160A  kind=static_target
$022084  in func $022072  base $022088  kind=fallback_hybrid/offset_table
$0222AE  in func $0222A0  base $0222B2  kind=fallback_hybrid/offset_table
$0225B2  in func $022594  base $019240  kind=static_target
$022748  in func $022744  base $019C12  kind=static_target
$0227A4  in func $0227A0  base $019C12  kind=static_target
$0227F4  in func $0227F0  base $019C12  kind=static_target
$022842  in func $022842  base $019240  kind=static_target
$02289A  in func $02289A  base $019240  kind=static_target
$0228E6  in func $0228E6  base $019240  kind=static_target
$02292C  in func $022922  base $022930  kind=fallback_hybrid/offset_table
$0229CA  in func $0229C0  base $0229CE  kind=fallback_hybrid/offset_table
$0237BE  in func $0237BE  base $019230  kind=static_target
$023C9C  in func $023C9C  base $019230  kind=static_target
$023E26  in func $023E12  base $019240  kind=static_target
$023E48  in func $023E48  base $019230  kind=static_target
$0242D2  in func $0242B8  base $019240  kind=static_target
$024532  in func $02451E  base $019240  kind=static_target
$024544  in func $024544  base $019230  kind=static_target
$02464E  in func $02461A  base $019240  kind=static_target
$024660  in func $024660  base $019230  kind=static_target
$0247B8  in func $0247B8  base $019BEA  kind=static_target
$02497A  in func $02497A  base $019CC4  kind=static_target
$024AFE  in func $024AFE  base $019BEA  kind=static_target
$024CEC  in func $024CE8  base $019C12  kind=static_target
$02518E  in func $02518E  base $019BEA  kind=static_target
$025238  in func $025236  base $00160A  kind=static_target
$02529E  in func $02528E  base $019BEA  kind=static_target
$02541C  in func $0253FE  base $019BEA  kind=static_target
$02543A  in func $02543A  base $019CC4  kind=static_target
$025660  in func $02564C  base $019240  kind=static_target
$02567A  in func $025666  base $019240  kind=static_target
$02569A  in func $02569A  base $019230  kind=static_target
$025752  in func $025752  base $019240  kind=static_target
$025BC8  in func $025BC0  base $025BCC  kind=fallback_hybrid/offset_table
$025F1E  in func $025F14  base $019BEA  kind=static_target
$025F3A  in func $025F26  base $019240  kind=static_target
$025F5C  in func $025F4C  base $019230  kind=static_target
$0260D4  in func $0260CE  base $03176A  kind=static_target
$0260E6  in func $0260DC  base $019BEA  kind=static_target
$02613E  in func $026120  base $019C12  kind=static_target
$026194  in func $026194  base $019BEA  kind=static_target
$0262D6  in func $0262C2  base $019BEA  kind=static_target
$0262EA  in func $0262DC  base $019BEA  kind=static_target
$0264D8  in func $0264C4  base $01C136  kind=static_target
$026566  in func $026566  base $019BEA  kind=static_target
$0266A2  in func $02668E  base $019240  kind=static_target
$0266A8  in func $0266A8  base $019230  kind=static_target
$0266DC  in func $0266C8  base $019240  kind=static_target
$0267CE  in func $0267CC  base $00160A  kind=static_target
$0269DA  in func $0269CE  base $019BEA  kind=static_target
$026AAC  in func $026A92  base $026AB2  kind=fallback_hybrid/offset_table
$026BB2  in func $026B84  base $0017B0  kind=static_target
$026CE0  in func $026CBE  base $0017B0  kind=static_target
$026D08  in func $026CE6  base $0017B0  kind=static_target
$026D50  in func $026D2C  base $0017B0  kind=static_target
$026D8C  in func $026D66  base $0017B0  kind=static_target
$02739A  in func $02738C  base $0017B0  kind=static_target
$0273AE  in func $0273A0  base $0017B0  kind=static_target
$027A12  in func $027A12  base $019BEA  kind=static_target
$027CBC  in func $027C9E  base $019BEA  kind=static_target
$02820C  in func $0281DA  base $019BEA  kind=static_target
$028230  in func $028230  base $019BEA  kind=static_target
$028318  in func $028318  base $019C36  kind=static_target
$02838E  in func $02838E  base $019BEA  kind=static_target
$028474  in func $02846E  base $019C36  kind=static_target
$0284DC  in func $0284B4  base $019C36  kind=static_target
$02857A  in func $02857A  base $019C36  kind=static_target
$028588  in func $028580  base $02858C  kind=fallback_hybrid/offset_table
$0288FE  in func $0288FE  base $019C36  kind=static_target
$028960  in func $028960  base $019BEA  kind=static_target
$028990  in func $028990  base $019BEA  kind=static_target
$0289C0  in func $0289C0  base $019BEA  kind=static_target
$028A2A  in func $028A2A  base $019C36  kind=static_target
$028A64  in func $028A64  base $019BEA  kind=static_target
$028AA8  in func $028AA8  base $019C36  kind=static_target
$028B6C  in func $028B6C  base $019C36  kind=static_target
$028BB8  in func $028BB8  base $019CC4  kind=static_target
$028CD6  in func $028CBC  base $019BEA  kind=static_target
$028D58  in func $028D2E  base $019BEA  kind=static_target
$028D88  in func $028D88  base $019BEA  kind=static_target
$028DA2  in func $028D94  base $028DA6  kind=fallback_hybrid/offset_table
$02944A  in func $02944A  base $019BEA  kind=static_target
$02948E  in func $029478  base $019BEA  kind=static_target
$02977C  in func $02977C  base $019BEA  kind=static_target
$02984C  in func $029838  base $019240  kind=static_target
$029852  in func $029852  base $019230  kind=static_target
$02988A  in func $029858  base $019BEA  kind=static_target
$0298C6  in func $0298C6  base $019BEA  kind=static_target
$029950  in func $029950  base $019BEA  kind=static_target
$02A0A6  in func $02A08A  base $019C36  kind=static_target
$02A0AC  in func $02A0AC  base $019BEA  kind=static_target
$02A308  in func $02A2B6  base $01C136  kind=static_target
$02A576  in func $02A560  base $019C36  kind=static_target
$02A57C  in func $02A57C  base $019BEA  kind=static_target
$02A58C  in func $02A582  base $019240  kind=static_target
$02A59E  in func $02A592  base $019240  kind=static_target
$02A5A4  in func $02A5A4  base $019230  kind=static_target
$02A5E4  in func $02A5CE  base $019C36  kind=static_target
$02A5FC  in func $02A5FC  base $019240  kind=static_target
$02A62C  in func $02A620  base $019240  kind=static_target
$02A632  in func $02A632  base $019230  kind=static_target
$02A65E  in func $02A644  base $019C36  kind=static_target
$02A732  in func $02A724  base $00160A  kind=static_target
$02AA14  in func $02A9F6  base $019240  kind=static_target
$02AA42  in func $02AA42  base $019230  kind=static_target
$02AA48  in func $02AA48  base $019240  kind=static_target
$02AAFC  in func $02AAF2  base $019240  kind=static_target
$02AB0E  in func $02AB02  base $019240  kind=static_target
$02AB14  in func $02AB14  base $019230  kind=static_target
$02AB5A  in func $02AB5A  base $019230  kind=static_target
$02AC0A  in func $02ABFC  base $00160A  kind=static_target
$02AC64  in func $02AC5E  base $019230  kind=static_target
$02AD62  in func $02AD62  base $019C36  kind=static_target
$02ADCC  in func $02ADA0  base $019240  kind=static_target
$02ADEE  in func $02ADEE  base $019230  kind=static_target
$02AE1A  in func $02AE1A  base $019240  kind=static_target
$02B090  in func $02B05E  base $019240  kind=static_target
$02B0B0  in func $02B0B0  base $019230  kind=static_target
$02B0D8  in func $02B0B6  base $0115FE  kind=static_target
$02B314  in func $02B314  base $019BEA  kind=static_target
$02B6B0  in func $02B6A4  base $019BEA  kind=static_target
$02B7A8  in func $02B7A8  base $019BEA  kind=static_target
$02B7DE  in func $02B7AE  base $019C12  kind=static_target
$02B814  in func $02B7E4  base $019C12  kind=static_target
$02B84A  in func $02B81A  base $019C12  kind=static_target
$02B880  in func $02B850  base $019C12  kind=static_target
$02B8B2  in func $02B886  base $019C12  kind=static_target
$02B8E6  in func $02B8B8  base $019C12  kind=static_target
$02B98E  in func $02B98E  base $019BEA  kind=static_target
$02B9EA  in func $02B9D2  base $019C36  kind=static_target
$02BBF8  in func $02BBF8  base $019BEA  kind=static_target
$02BC62  in func $02BC62  base $019BEA  kind=static_target
$02BCEA  in func $02BCEA  base $019240  kind=static_target
$02BDA2  in func $02BD98  base $02BDA6  kind=fallback_hybrid/offset_table
$02BF28  in func $02BEC2  base $019240  kind=static_target
$02BFCE  in func $02BFCE  base $019240  kind=static_target
$02BFDE  in func $02BFD4  base $019240  kind=static_target
$02BFE4  in func $02BFE4  base $019230  kind=static_target
$02C040  in func $02C040  base $019240  kind=static_target
$02C080  in func $02C072  base $019240  kind=static_target
$02C0E8  in func $02C0DA  base $019240  kind=static_target
$02C106  in func $02C106  base $019240  kind=static_target
$02C128  in func $02C128  base $019240  kind=static_target
$02C32A  in func $02C316  base $019240  kind=static_target
$02C428  in func $02C41E  base $02C42C  kind=fallback_hybrid/offset_table
$02C57A  in func $02C56E  base $019BEA  kind=static_target
$02C59E  in func $02C59E  base $019230  kind=static_target
$02C5D4  in func $02C5A4  base $019BEA  kind=static_target
$02C9A0  in func $02C99C  base $019CC4  kind=static_target
$02C9A6  in func $02C9A6  base $019230  kind=static_target
$02C9FA  in func $02C9F6  base $019240  kind=static_target
$02CA36  in func $02CA0E  base $019240  kind=static_target
$02CA60  in func $02CA60  base $019240  kind=static_target
$02CA70  in func $02CA66  base $02CA74  kind=fallback_hybrid/offset_table
$02CA90  in func $02CA7C  base $019230  kind=static_target
$02CC12  in func $02CC12  base $019230  kind=static_target
$02CC2C  in func $02CC18  base $019230  kind=static_target
$02CC5C  in func $02CC56  base $019240  kind=static_target
$02CC84  in func $02CC70  base $019230  kind=static_target
$02CCAE  in func $02CCAE  base $019240  kind=static_target
$02CCD2  in func $02CCCA  base $019230  kind=static_target
$02CCF2  in func $02CCD8  base $019230  kind=static_target
$02CD1C  in func $02CD1C  base $019240  kind=static_target
$02CDE6  in func $02CDDC  base $02CDEA  kind=fallback_hybrid/offset_table
$02CF46  in func $02CF26  base $0015E2  kind=static_target
$02CF88  in func $02CF6E  base $00160A  kind=static_target
$02CFCE  in func $02CFC0  base $019230  kind=static_target
$02D050  in func $02D04C  base $019240  kind=static_target
$02D074  in func $02D072  base $019240  kind=static_target
$02D0CE  in func $02D0B8  base $019230  kind=static_target
$02D428  in func $02D41E  base $02D42C  kind=fallback_hybrid/offset_table
$02D4AE  in func $02D49A  base $0015E2  kind=static_target
$02D4EC  in func $02D4D6  base $00160A  kind=static_target
$02D714  in func $02D710  base $019240  kind=static_target
$02D730  in func $02D72C  base $019240  kind=static_target
$02D744  in func $02D736  base $019240  kind=static_target
$02D764  in func $02D74A  base $019240  kind=static_target
$02D7AA  in func $02D7A2  base $000000  kind=dynamic_register
$02D7DC  in func $02D7D4  base $000000  kind=dynamic_register
$02D7FE  in func $02D7F6  base $000000  kind=dynamic_register
$02D826  in func $02D800  base $000000  kind=dynamic_register
$02D86A  in func $02D85A  base $019240  kind=static_target
$02D88C  in func $02D87E  base $019230  kind=static_target
$02D898  in func $02D898  base $019240  kind=static_target
$02D89E  in func $02D89E  base $019230  kind=static_target
$02E058  in func $02E04E  base $02E05C  kind=fallback_hybrid/offset_table
$02E136  in func $02E12A  base $019240  kind=static_target
$02E13C  in func $02E13C  base $019230  kind=static_target
$02E154  in func $02E142  base $019240  kind=static_target
$02E15A  in func $02E15A  base $019230  kind=static_target
$02E160  in func $02E160  base $019230  kind=static_target
$02E2A0  in func $02E2A0  base $019230  kind=static_target
$02E2A6  in func $02E2A6  base $019240  kind=static_target
$02E56E  in func $02E56E  base $019BEA  kind=static_target
$02E5C2  in func $02E5C2  base $019BEA  kind=static_target
$02E606  in func $02E5E8  base $019BEA  kind=static_target
$02E79E  in func $02E794  base $019230  kind=static_target
$02E896  in func $02E896  base $019BEA  kind=static_target
$02E990  in func $02E990  base $019BEA  kind=static_target
$02E9A4  in func $02E99E  base $019230  kind=static_target
$02EA32  in func $02EA32  base $019240  kind=static_target
$02EA62  in func $02EA4E  base $019240  kind=static_target
$02EA68  in func $02EA68  base $019230  kind=static_target
$02EAA6  in func $02EA92  base $019240  kind=static_target
$02EAC8  in func $02EAAC  base $019240  kind=static_target
$02EAEA  in func $02EACE  base $019240  kind=static_target
$02EB48  in func $02EB48  base $019C36  kind=static_target
$02ED64  in func $02ED64  base $019BEA  kind=static_target
$02EE0A  in func $02EDFE  base $019BEA  kind=static_target
$02F156  in func $02F152  base $019C12  kind=static_target
$02F222  in func $02F212  base $019240  kind=static_target
$02F228  in func $02F228  base $019230  kind=static_target
$02F2D2  in func $02F2A4  base $019C12  kind=static_target
$02F2FE  in func $02F2F8  base $019C36  kind=static_target
$02F3A4  in func $02F3A4  base $019BEA  kind=static_target
$02F582  in func $02F582  base $019240  kind=static_target
$02F780  in func $02F762  base $019BEA  kind=static_target
$02F7F6  in func $02F7F6  base $019BEA  kind=static_target
$02F992  in func $02F992  base $019BEA  kind=static_target
$02FBC8  in func $02FBAA  base $019BEA  kind=static_target
$02FD2E  in func $02FD10  base $019BEA  kind=static_target
$02FDDA  in func $02FDDA  base $019230  kind=static_target
$02FE7A  in func $02FE7A  base $019230  kind=static_target
$0302A6  in func $030280  base $019240  kind=static_target
$0302B8  in func $0302B8  base $019230  kind=static_target
$03040C  in func $0303F2  base $019CC4  kind=static_target
$0307E6  in func $0307DE  base $019BEA  kind=static_target
$0307FE  in func $0307EC  base $01BFAC  kind=static_target
$030C2E  in func $030C10  base $019BEA  kind=static_target
$030CD6  in func $030CC4  base $00160A  kind=static_target
$030D86  in func $030D5C  base $019BEA  kind=static_target
$030E4C  in func $030E4C  base $019BEA  kind=static_target
$030F50  in func $030F4C  base $019C12  kind=static_target
$030F7E  in func $030F7E  base $019C36  kind=static_target
$0310CC  in func $0310BC  base $019C36  kind=static_target
$03117A  in func $031164  base $019C36  kind=static_target
$031336  in func $031332  base $019C12  kind=static_target
$031344  in func $03133C  base $031348  kind=fallback_hybrid/offset_table
$031936  in func $031932  base $019C12  kind=static_target
$031944  in func $03193C  base $031948  kind=fallback_hybrid/offset_table
$031B72  in func $031B60  base $019C36  kind=static_target
$031C42  in func $031C36  base $019C36  kind=static_target
$031D02  in func $031CEA  base $00160A  kind=static_target
$031DF2  in func $031DF2  base $019C36  kind=static_target
$03207C  in func $032062  base $00160A  kind=static_target
$032204  in func $0321E0  base $019240  kind=static_target
$032216  in func $032216  base $019230  kind=static_target
$0322BA  in func $0322A8  base $019240  kind=static_target
$032322  in func $032322  base $019C36  kind=static_target
$032330  in func $032328  base $032334  kind=fallback_hybrid/offset_table
$0325C6  in func $0325B0  base $019C36  kind=static_target
$0327F8  in func $0327E2  base $019C36  kind=static_target
$032AF8  in func $032AF8  base $019C36  kind=static_target
$032CF8  in func $032CDE  base $013A82  kind=static_target
$032E48  in func $032E2E  base $013A82  kind=static_target
$032EE2  in func $032ED2  base $019C36  kind=static_target
$0331B0  in func $033196  base $013A82  kind=static_target
$0332B4  in func $033286  base $019C12  kind=static_target
$0332BA  in func $0332BA  base $019BEA  kind=static_target
$033464  in func $033460  base $019CC8  kind=static_target
$0334AE  in func $0334AE  base $019CC4  kind=static_target
$0334B4  in func $0334B4  base $019BEA  kind=static_target
$0337BC  in func $0337BC  base $019CC4  kind=static_target
$0337D4  in func $0337C2  base $019240  kind=static_target
$0337DA  in func $0337DA  base $019230  kind=static_target
$0337EC  in func $0337E0  base $019BEA  kind=static_target
$033938  in func $033916  base $019C12  kind=static_target
$0339AC  in func $03398E  base $019BEA  kind=static_target
$033B92  in func $033B8E  base $019C12  kind=static_target
$033E64  in func $033E5C  base $019BEA  kind=static_target
$0340BA  in func $0340B6  base $019C12  kind=static_target
$034324  in func $0342FA  base $019BEA  kind=static_target
$03434E  in func $03434E  base $019BEA  kind=static_target
$03448C  in func $034484  base $034490  kind=fallback_hybrid/offset_table
$034FAC  in func $034FAC  base $019BEA  kind=static_target
$035006  in func $035006  base $019BEA  kind=static_target
$03511C  in func $0350E8  base $019240  kind=static_target
$035132  in func $035122  base $0115FE  kind=static_target
$035148  in func $035138  base $0115FE  kind=static_target
$035256  in func $03523E  base $019240  kind=static_target
$0352AE  in func $035296  base $019240  kind=static_target
$0353D8  in func $0353C0  base $00160A  kind=static_target
$035400  in func $035400  base $019240  kind=static_target
$0355B2  in func $0355B2  base $019240  kind=static_target
$0358DC  in func $0358DC  base $019240  kind=static_target
$0359C8  in func $0359AA  base $019240  kind=static_target
$035B98  in func $035B7A  base $018D72  kind=static_target
$035B9E  in func $035B9E  base $018DCC  kind=static_target
$035C94  in func $035C86  base $019230  kind=static_target
$035CD6  in func $035CC4  base $019230  kind=static_target
$035CEA  in func $035CEA  base $019240  kind=static_target
$035D4E  in func $035D4C  base $00160A  kind=static_target
$035DCC  in func $035DC6  base $019230  kind=static_target
$035DD8  in func $035DD2  base $019240  kind=static_target
$035E86  in func $035E62  base $019230  kind=static_target
$035E92  in func $035E8C  base $019240  kind=static_target
$035EB2  in func $035EA4  base $0228EC  kind=static_target
$035FBE  in func $035FAC  base $019230  kind=static_target
$035FC4  in func $035FC4  base $019240  kind=static_target
$0362CA  in func $03627C  base $019240  kind=static_target
$036388  in func $03637C  base $019240  kind=static_target
$036486  in func $036484  base $00160A  kind=static_target
$036604  in func $0365CC  base $019230  kind=static_target
$036640  in func $036632  base $019240  kind=static_target
$036662  in func $036654  base $019240  kind=static_target
$036748  in func $036740  base $019240  kind=static_target
$036A88  in func $036A82  base $019230  kind=static_target
$036A9A  in func $036A8E  base $019240  kind=static_target
$037298  in func $037292  base $019230  kind=static_target
$0373B6  in func $0373A6  base $019240  kind=static_target
$03748C  in func $037454  base $019230  kind=static_target
$0374CE  in func $0374CA  base $019240  kind=static_target
$0374F6  in func $0374F2  base $019240  kind=static_target
$037648  in func $03763A  base $019240  kind=static_target
$0376D6  in func $03768A  base $019240  kind=static_target
$03771A  in func $03771A  base $019240  kind=static_target
$037778  in func $03776A  base $019230  kind=static_target
$03777E  in func $03777E  base $019240  kind=static_target
$0377D8  in func $0377C6  base $019230  kind=static_target
$0377DE  in func $0377DE  base $019240  kind=static_target
$037888  in func $037888  base $019BEA  kind=static_target
$0378DC  in func $0378C8  base $019230  kind=static_target
$03790E  in func $037908  base $019240  kind=static_target
$037A84  in func $037A84  base $019BEA  kind=static_target
$037B06  in func $037B06  base $019BEA  kind=static_target
$037E74  in func $037E74  base $019230  kind=static_target
$037E7A  in func $037E7A  base $019240  kind=static_target
$037EEC  in func $037EE2  base $019240  kind=static_target
$037EFE  in func $037EF2  base $019240  kind=static_target
$037F04  in func $037F04  base $019230  kind=static_target
$037F3E  in func $037F3E  base $019230  kind=static_target
$038070  in func $038062  base $00160A  kind=static_target
$0381CE  in func $0381A6  base $01C100  kind=static_target
$0386BA  in func $0386BA  base $019C36  kind=static_target
$038A6E  in func $038A5C  base $019240  kind=static_target
$038BF6  in func $038BF0  base $019240  kind=static_target
$038C6E  in func $038C68  base $019240  kind=static_target
$038C74  in func $038C74  base $019230  kind=static_target
$038DCA  in func $038DC4  base $019240  kind=static_target
$038EAA  in func $038EA4  base $019230  kind=static_target
$038EF2  in func $038EE4  base $019230  kind=static_target
$038FC2  in func $038FA4  base $019240  kind=static_target
$038FC8  in func $038FC8  base $019230  kind=static_target
$039134  in func $039120  base $019230  kind=static_target
$039236  in func $0391EC  base $019230  kind=static_target
$0396C0  in func $0396B6  base $0396C4  kind=fallback_hybrid/function_entry
$039C3E  in func $039C1E  base $03998E  kind=static_target
$039C62  in func $039C42  base $03998E  kind=static_target
$03A074  in func $03A064  base $000000  kind=dynamic_register
$03A602  in func $03A5FE  base $039B60  kind=static_target
$03A606  in func $03A606  base $039C1E  kind=static_target
$03A616  in func $03A60A  base $039E52  kind=static_target
$03A622  in func $03A61A  base $039E52  kind=static_target
$03A686  in func $03A63C  base $039BD6  kind=static_target
$03A6A8  in func $03A68A  base $03A080  kind=static_target
$03A6C8  in func $03A6AC  base $03A080  kind=static_target
$03A73A  in func $03A71A  base $039BD6  kind=static_target
$03A792  in func $03A764  base $03A04A  kind=static_target
$03A7B6  in func $03A796  base $03A04A  kind=static_target
$03AA9E  in func $03AA9A  base $039B60  kind=static_target
$03AC20  in func $03AC14  base $019230  kind=static_target
$03ACE2  in func $03ACC8  base $039E8C  kind=static_target
$03AD08  in func $03ACE6  base $03B0D4  kind=static_target
$03AD10  in func $03AD0C  base $03AD14  kind=fallback_hybrid/function_entry
$03AD82  in func $03AD66  base $039E8C  kind=static_target
$03ADBC  in func $03ADAC  base $03B0D4  kind=static_target
$03AECE  in func $03AECA  base $039E52  kind=static_target
$03AEFA  in func $03AEF6  base $039E52  kind=static_target
$03AFCE  in func $03AFCA  base $039E52  kind=static_target
$03B0EA  in func $03B0D4  base $039E8C  kind=static_target
$03B14E  in func $03B0EE  base $039F18  kind=static_target
$03B1F0  in func $03B1D8  base $01BA6C  kind=static_target
$03B288  in func $03B284  base $039B60  kind=static_target
$03B298  in func $03B28C  base $03B29C  kind=fallback_hybrid/function_entry
$03B37C  in func $03B368  base $039CA0  kind=static_target
$03B3CA  in func $03B3CA  base $039C1E  kind=static_target
$03B426  in func $03B418  base $03B680  kind=static_target
$03B442  in func $03B42A  base $03B446  kind=fallback_hybrid/function_entry
$03B47C  in func $03B45E  base $039E52  kind=static_target
$03B4B0  in func $03B4B0  base $039E52  kind=static_target
$03B5DC  in func $03B5C8  base $03A0B8  kind=static_target
$03B622  in func $03B622  base $03A0B8  kind=static_target
$03B8F0  in func $03B8E8  base $019230  kind=static_target
$03B904  in func $03B8F6  base $019240  kind=static_target
$03B948  in func $03B942  base $03B94C  kind=fallback_hybrid/function_entry
$03B980  in func $03B97C  base $019240  kind=static_target
$03BA80  in func $03BA70  base $019230  kind=static_target
$03BA98  in func $03BA98  base $019240  kind=static_target
$03BAC4  in func $03BABC  base $019230  kind=static_target
$03BB1C  in func $03BB14  base $019230  kind=static_target
$03BB40  in func $03BB22  base $019240  kind=static_target
$03BBB4  in func $03BB9A  base $019230  kind=static_target
$03C294  in func $03C28C  base $039B60  kind=static_target
$03C298  in func $03C298  base $039C1E  kind=static_target
$03C2C6  in func $03C2BE  base $039E8C  kind=static_target
$03C2CE  in func $03C2CA  base $03C2D2  kind=fallback_hybrid/function_entry
$03C352  in func $03C336  base $039E8C  kind=static_target
$03C402  in func $03C3E6  base $039E8C  kind=static_target
$03C5B2  in func $03C5AE  base $039B60  kind=static_target
$03C5BE  in func $03C5B6  base $039C1E  kind=static_target
$03C5E4  in func $03C5C2  base $039E52  kind=static_target
$03C604  in func $03C5E8  base $039E8C  kind=static_target
$03C60C  in func $03C608  base $03C610  kind=fallback_hybrid/function_entry
$03C6EE  in func $03C6D6  base $039E8C  kind=static_target
$03C828  in func $03C820  base $039B60  kind=static_target
$03C838  in func $03C82C  base $039C1E  kind=static_target
$03C850  in func $03C83C  base $039E8C  kind=static_target
$03C858  in func $03C854  base $03C85C  kind=fallback_hybrid/function_entry
$03C8C4  in func $03C8B4  base $03A0B8  kind=static_target
$03C96C  in func $03C960  base $039E8C  kind=static_target
$03CA20  in func $03CA14  base $039B60  kind=static_target
$03CA34  in func $03CA24  base $03CA38  kind=fallback_hybrid/function_entry
$03CA52  in func $03CA44  base $039C1E  kind=static_target
$03CA72  in func $03CA68  base $039C1E  kind=static_target
$03CA82  in func $03CA76  base $039D1E  kind=static_target
$03CAA2  in func $03CA9C  base $039C1E  kind=static_target
$03CC0E  in func $03CC02  base $03CC12  kind=fallback_hybrid/function_entry
$03CDD0  in func $03CDCC  base $03CDD4  kind=fallback_hybrid/function_entry
$03CF28  in func $03CF20  base $019230  kind=static_target
$03CF52  in func $03CF2E  base $01BA6C  kind=static_target
$03D130  in func $03D10C  base $039E8C  kind=static_target
$03D138  in func $03D134  base $03D13C  kind=fallback_hybrid/function_entry
$03D18C  in func $03D160  base $03A0B8  kind=static_target
$03D1D4  in func $03D1D0  base $03D1D8  kind=fallback_hybrid/function_entry
$03D2E4  in func $03D2D8  base $03D2E8  kind=fallback_hybrid/function_entry
$03D3F8  in func $03D3F2  base $019230  kind=static_target
$03D43E  in func $03D426  base $019230  kind=static_target
$03D518  in func $03D514  base $039B60  kind=static_target
$03D526  in func $03D51C  base $039BF0  kind=static_target
$03D602  in func $03D5EC  base $039E8C  kind=static_target
$03D60A  in func $03D606  base $03D60E  kind=fallback_hybrid/function_entry
$03D694  in func $03D678  base $039E8C  kind=static_target
$03D6A0  in func $03D69C  base $039E52  kind=static_target
$03D6BA  in func $03D6A4  base $039E52  kind=static_target
$03D6D0  in func $03D6BE  base $03A09E  kind=static_target
$03D708  in func $03D6E8  base $03A09E  kind=static_target
$03D794  in func $03D770  base $039E52  kind=static_target
$03D878  in func $03D870  base $039E52  kind=static_target
$03D914  in func $03D90E  base $03D918  kind=fallback_hybrid/function_entry
$03DA22  in func $03DA1E  base $019230  kind=static_target
$03DA36  in func $03DA32  base $039B60  kind=static_target
$03DA4C  in func $03DA3A  base $039BF0  kind=static_target
$03DA50  in func $03DA50  base $039C1E  kind=static_target
$03DA70  in func $03DA54  base $039E8C  kind=static_target
$03DA78  in func $03DA74  base $03DA7C  kind=fallback_hybrid/function_entry
$03DAEC  in func $03DAD0  base $03A0B8  kind=static_target
$03DB06  in func $03DAF0  base $039B60  kind=static_target
$03DB0E  in func $03DB0A  base $03DB12  kind=fallback_hybrid/function_entry
$03DB3C  in func $03DB3C  base $039C1E  kind=static_target
$03DB98  in func $03DB70  base $039E8C  kind=static_target
$03DBB6  in func $03DB9C  base $039E52  kind=static_target
$03DBBE  in func $03DBBA  base $03DBC2  kind=fallback_hybrid/function_entry
$03DC1C  in func $03DBFA  base $03A0B8  kind=static_target
$03DC32  in func $03DC2A  base $03A0B8  kind=static_target
$03DCF0  in func $03DCEC  base $039E52  kind=static_target
$03DDAA  in func $03DDA6  base $039E52  kind=static_target
$03DF1A  in func $03DF16  base $039B60  kind=static_target
$03DF1E  in func $03DF1E  base $039C1E  kind=static_target
$03DF72  in func $03DF5E  base $039E8C  kind=static_target
$03DF94  in func $03DF76  base $039E8C  kind=static_target
$03DF9C  in func $03DF98  base $03DFA0  kind=fallback_hybrid/function_entry
$03E00E  in func $03E006  base $039E8C  kind=static_target
$03E088  in func $03E070  base $039E8C  kind=static_target
$03E2C6  in func $03E2B4  base $039B60  kind=static_target
$03E2F0  in func $03E2CA  base $039BF0  kind=static_target
$03E2FE  in func $03E2F4  base $039BF0  kind=static_target
$03E318  in func $03E302  base $039BF0  kind=static_target
$03E336  in func $03E32C  base $039BF0  kind=static_target
$03E37E  in func $03E36E  base $039D1E  kind=static_target
$03E492  in func $03E48A  base $03E494  kind=fallback_hybrid/INTERIOR_UNRESOLVED
$03E568  in func $03E560  base $019230  kind=static_target
$03E592  in func $03E56E  base $01BA6C  kind=static_target
$03E614  in func $03E5F0  base $039E8C  kind=static_target
$03E61C  in func $03E618  base $03E620  kind=fallback_hybrid/function_entry
$03E69C  in func $03E670  base $03A0B8  kind=static_target
$03E752  in func $03E74A  base $039E8C  kind=static_target
$03E7EA  in func $03E7D2  base $039B60  kind=static_target
$03E7FA  in func $03E7EE  base $03E7FE  kind=fallback_hybrid/function_entry
$03E81C  in func $03E806  base $039BF0  kind=static_target
$03E820  in func $03E820  base $039C1E  kind=static_target
$03E84A  in func $03E84A  base $039C1E  kind=static_target
$03E87E  in func $03E876  base $039E8C  kind=static_target
$03E886  in func $03E882  base $03E88A  kind=fallback_hybrid/function_entry
$03E8FE  in func $03E8E2  base $03A0B8  kind=static_target
$03EA40  in func $03EA1C  base $03A0B8  kind=static_target
$03EF9E  in func $03EF58  base $039BAA  kind=static_target
$03EFB2  in func $03EFA2  base $039D1E  kind=static_target
$03EFFA  in func $03EFEC  base $039E52  kind=static_target
$03F00E  in func $03EFFE  base $039FB4  kind=static_target
$03F27A  in func $03F27A  base $019240  kind=static_target
$03F29A  in func $03F286  base $019240  kind=static_target
$03F3B0  in func $03F3B0  base $019240  kind=static_target
$03F3EA  in func $03F3D6  base $019240  kind=static_target
$03F454  in func $03F454  base $01636A  kind=static_target
$03F46C  in func $03F46C  base $01636A  kind=static_target
$03F478  in func $03F472  base $019230  kind=static_target
$03F498  in func $03F47E  base $019240  kind=static_target
$03F4F2  in func $03F4DE  base $052CC8  kind=static_target
$03F538  in func $03F538  base $019240  kind=static_target
$03F588  in func $03F57E  base $019240  kind=static_target
$03F5BE  in func $03F5B4  base $019240  kind=static_target
$040526  in func $04051E  base $04052A  kind=fallback_hybrid/offset_table
$040580  in func $040538  base $003276  kind=static_target
$04067E  in func $04065C  base $003276  kind=static_target
$040712  in func $040712  base $019240  kind=static_target
$04072E  in func $040728  base $019240  kind=static_target
$04075C  in func $040756  base $019240  kind=static_target
$04077A  in func $040774  base $019240  kind=static_target
$040786  in func $040780  base $019240  kind=static_target
$0407D6  in func $0407CC  base $019240  kind=static_target
$04084E  in func $040844  base $019240  kind=static_target
$040890  in func $040886  base $019240  kind=static_target
$0408E0  in func $0408D6  base $019240  kind=static_target
$04090A  in func $04090A  base $019240  kind=static_target
$04091A  in func $040910  base $019240  kind=static_target
$040974  in func $040974  base $019240  kind=static_target
$04099C  in func $04099C  base $019240  kind=static_target
$0409F0  in func $0409E0  base $019240  kind=static_target
$0409FC  in func $0409F6  base $019240  kind=static_target
$043168  in func $04315E  base $04316C  kind=fallback_hybrid/offset_table
$04324E  in func $043232  base $019240  kind=static_target
$04326A  in func $043254  base $019240  kind=static_target
$0432F6  in func $0432DA  base $019240  kind=static_target
$04334C  in func $043342  base $043350  kind=fallback_hybrid/offset_table
$043378  in func $043378  base $019240  kind=static_target
$0435BC  in func $0435AC  base $0435C0  kind=fallback_hybrid/offset_table
$0438EA  in func $0438EA  base $019240  kind=static_target
$043906  in func $0438F8  base $019240  kind=static_target
$04392C  in func $04392C  base $019240  kind=static_target
$04396A  in func $043958  base $019240  kind=static_target
$043980  in func $043970  base $0539DE  kind=static_target
$043A20  in func $043A20  base $019240  kind=static_target
$043A60  in func $043A5A  base $019240  kind=static_target
$043A76  in func $043A66  base $019240  kind=static_target
$043AFC  in func $043AE8  base $019240  kind=static_target
$043B02  in func $043B02  base $019230  kind=static_target
$043B46  in func $043B3E  base $019230  kind=static_target
$043B62  in func $043B5A  base $019230  kind=static_target
$043B68  in func $043B68  base $019240  kind=static_target
$043BF2  in func $043BEC  base $019240  kind=static_target
$043C18  in func $043C18  base $019240  kind=static_target
$043C4A  in func $043C2A  base $019232  kind=static_target
$043CA8  in func $043C94  base $019240  kind=static_target
$043CF6  in func $043CEC  base $0015E2  kind=static_target
$043D22  in func $043D1A  base $054484  kind=static_target
$043D9C  in func $043D42  base $00160A  kind=static_target
$043DC6  in func $043DA2  base $0015E2  kind=static_target
$043DF0  in func $043DCC  base $0015E2  kind=static_target
$043E1A  in func $043DF6  base $0015E2  kind=static_target
$043EEA  in func $043EE0  base $000000  kind=dynamic_register
$043F4E  in func $043F2E  base $052B90  kind=static_target
$044242  in func $044236  base $019230  kind=static_target
$04431C  in func $0442FE  base $054484  kind=static_target
$044322  in func $044322  base $052CC4  kind=static_target
$044340  in func $044328  base $019240  kind=static_target
$044368  in func $04434A  base $053638  kind=static_target
$0443E4  in func $0443E4  base $05389A  kind=static_target
$044402  in func $0443EA  base $019240  kind=static_target
$044436  in func $044408  base $019240  kind=static_target
$04444C  in func $04443C  base $05388E  kind=static_target
$044702  in func $0446F2  base $000000  kind=dynamic_register
$044738  in func $044720  base $019240  kind=static_target
$04477C  in func $04474C  base $0529D0  kind=static_target
$0447AC  in func $044790  base $053EA0  kind=static_target
$0447F2  in func $0447F2  base $053008  kind=static_target
$044830  in func $044824  base $053008  kind=static_target
$044874  in func $04486E  base $053008  kind=static_target
$0448AA  in func $04489E  base $019216  kind=static_target
$0448E8  in func $0448D2  base $0539DE  kind=static_target
$04490A  in func $0448FE  base $019240  kind=static_target
$044920  in func $044910  base $01F98C  kind=static_target
$04493E  in func $044926  base $019240  kind=static_target
$0449A2  in func $0449A2  base $053008  kind=static_target
$0449C4  in func $0449B0  base $052CC8  kind=static_target
$044A02  in func $0449FC  base $053008  kind=static_target
$044A72  in func $044A72  base $052CC4  kind=static_target
$044A98  in func $044A78  base $01BA6C  kind=static_target
$044A9E  in func $044A9E  base $019230  kind=static_target
$044AC6  in func $044AA4  base $0538CA  kind=static_target
$044B66  in func $044B42  base $053EA0  kind=static_target
$044B7C  in func $044B6C  base $053008  kind=static_target
$044BE6  in func $044BE0  base $0539DE  kind=static_target
$044C1C  in func $044BFA  base $019240  kind=static_target
$044C9C  in func $044C36  base $0529D0  kind=static_target
$044CA8  in func $044CA2  base $0541C8  kind=static_target
$044CCA  in func $044CC4  base $053008  kind=static_target
$044DBE  in func $044DB8  base $0539DE  kind=static_target
$044DF8  in func $044DD8  base $01BA6C  kind=static_target
$044DFE  in func $044DFE  base $019230  kind=static_target
$044E4E  in func $044E4E  base $019230  kind=static_target
$044E84  in func $044E62  base $0538CA  kind=static_target
$044EC2  in func $044EA2  base $053EA0  kind=static_target
$044F3E  in func $044F38  base $053008  kind=static_target
$044FB4  in func $044FAA  base $0539DE  kind=static_target
$044FD2  in func $044FBA  base $0538CA  kind=static_target
$045016  in func $044FE8  base $0529D0  kind=static_target
$04501C  in func $04501C  base $05389A  kind=static_target
$04505E  in func $04505E  base $052D92  kind=static_target
$045090  in func $045064  base $0019B6  kind=static_target
$0450CA  in func $0450AE  base $052B90  kind=static_target
$0450F4  in func $0450E8  base $052CC4  kind=static_target
$045130  in func $0450FA  base $0539DE  kind=static_target
$04516E  in func $04516E  base $019230  kind=static_target
$0451C8  in func $0451C2  base $05377C  kind=static_target
$0451F6  in func $0451CE  base $0528BA  kind=static_target
$045210  in func $04520C  base $053008  kind=static_target
$04522E  in func $045216  base $0538CA  kind=static_target
$04526A  in func $045242  base $052A84  kind=static_target
$04528E  in func $04528A  base $052D96  kind=static_target
$0452C0  in func $0452C0  base $052CC4  kind=static_target
$0452D6  in func $0452C6  base $052CC4  kind=static_target
$04532A  in func $045322  base $053312  kind=static_target
$045384  in func $045384  base $05377C  kind=static_target
$0453FA  in func $0453FA  base $05377C  kind=static_target
$04541E  in func $045410  base $05377C  kind=static_target
$045458  in func $045450  base $019BEA  kind=static_target
$0454B4  in func $04549C  base $0019B6  kind=static_target
$045518  in func $045518  base $019BEA  kind=static_target
$04552E  in func $04552E  base $053704  kind=static_target
$04554A  in func $045534  base $052B90  kind=static_target
$045630  in func $045624  base $019C36  kind=static_target
$045646  in func $045646  base $019230  kind=static_target
$045664  in func $04564C  base $0019B6  kind=static_target
$0456C0  in func $0456C0  base $019BEA  kind=static_target
$045866  in func $04584E  base $019240  kind=static_target
$0458F0  in func $0458F0  base $053008  kind=static_target
$04590C  in func $0458F6  base $0529D0  kind=static_target
$04591A  in func $045912  base $019216  kind=static_target
$045938  in func $045920  base $046532  kind=static_target
$045948  in func $04593C  base $053008  kind=static_target
$045984  in func $045970  base $045DFC  kind=static_target
$0459EA  in func $0459D6  base $0529D0  kind=static_target
$045AAE  in func $045AA2  base $053008  kind=static_target
$045ABE  in func $045AB4  base $052B90  kind=static_target
$045B50  in func $045B40  base $0539DE  kind=static_target
$045BA4  in func $045B56  base $0529D0  kind=static_target
$045BD6  in func $045BD6  base $019240  kind=static_target
$045BF4  in func $045BDC  base $019240  kind=static_target
$045BFA  in func $045BFA  base $0539DE  kind=static_target
$045C38  in func $045C26  base $053092  kind=static_target
$045C76  in func $045C64  base $053092  kind=static_target
$045CD0  in func $045CB6  base $019240  kind=static_target
$045CD6  in func $045CD6  base $019230  kind=static_target
$045D32  in func $045D32  base $019240  kind=static_target
$045D52  in func $045D52  base $019240  kind=static_target
$045D6C  in func $045D66  base $019230  kind=static_target
$045EBA  in func $045EA6  base $0530DE  kind=static_target
$045F3C  in func $045F18  base $0530DE  kind=static_target
$045F62  in func $045F48  base $0530DE  kind=static_target
$045FEA  in func $045FD6  base $0530DE  kind=static_target
$04606E  in func $046048  base $019240  kind=static_target
$046074  in func $046074  base $019230  kind=static_target
$046098  in func $046080  base $019240  kind=static_target
$0460BC  in func $0460A6  base $0529D0  kind=static_target
$04610A  in func $0460F8  base $052C72  kind=static_target
$046142  in func $046138  base $0539EC  kind=static_target
$046156  in func $046148  base $019240  kind=static_target
$04619C  in func $046182  base $019240  kind=static_target
$0461AC  in func $0461AC  base $0539EC  kind=static_target
$0461CE  in func $0461B2  base $0529D0  kind=static_target
$046210  in func $046204  base $052C72  kind=static_target
$046258  in func $04623E  base $0529D0  kind=static_target
$046276  in func $04626C  base $0539EC  kind=static_target
$04628A  in func $04627C  base $019240  kind=static_target
$0462A8  in func $04629A  base $019240  kind=static_target
$0462D0  in func $0462BA  base $0529D0  kind=static_target
$04631E  in func $04630C  base $052C4C  kind=static_target
$046350  in func $04634A  base $053008  kind=static_target
$0463B0  in func $046394  base $019240  kind=static_target
$0463B6  in func $0463B6  base $019230  kind=static_target
$04647C  in func $04645E  base $001984  kind=static_target
$0464CA  in func $0464CA  base $053008  kind=static_target
$046508  in func $046508  base $053CEC  kind=static_target
$046552  in func $04654C  base $053CEC  kind=static_target
$046578  in func $046566  base $0529D0  kind=static_target
$046590  in func $04657E  base $0529D0  kind=static_target
$0465EC  in func $0465E0  base $019240  kind=static_target
$046608  in func $0465F2  base $0539EC  kind=static_target
$046632  in func $04660E  base $0530F4  kind=static_target
$046654  in func $046654  base $0530F4  kind=static_target
$04666A  in func $04665A  base $0529AC  kind=static_target
$046676  in func $046670  base $0530DE  kind=static_target
$046690  in func $04667C  base $0530DE  kind=static_target
$0466A8  in func $0466A4  base $0529AC  kind=static_target
$0466CE  in func $0466CE  base $053008  kind=static_target
$0466EC  in func $0466EC  base $052D92  kind=static_target
$04671C  in func $046706  base $0529D0  kind=static_target
$046726  in func $046722  base $0529D0  kind=static_target
$04676E  in func $04675A  base $019240  kind=static_target
$04679E  in func $046794  base $0467A2  kind=fallback_hybrid/offset_table
$0467D8  in func $0467AA  base $019240  kind=static_target
$0467E4  in func $0467DE  base $019240  kind=static_target
$046854  in func $046844  base $046858  kind=fallback_hybrid/offset_table
$0468AC  in func $0468A6  base $053086  kind=static_target
$0468DE  in func $0468B2  base $0529D0  kind=static_target
$0468F2  in func $0468E4  base $053086  kind=static_target
$0469B8  in func $046996  base $053EA0  kind=static_target
$0469F8  in func $0469D8  base $0529D0  kind=static_target
$046A0A  in func $0469FE  base $053086  kind=static_target
$046A58  in func $046A40  base $0529D0  kind=static_target
$046A70  in func $046A6A  base $053086  kind=static_target
$046AA4  in func $046AA0  base $053086  kind=static_target
$046AB0  in func $046AAA  base $053086  kind=static_target
$046B0C  in func $046AFE  base $053086  kind=static_target
$046B18  in func $046B12  base $053086  kind=static_target
$046B32  in func $046B1E  base $019216  kind=static_target
$046B4E  in func $046B44  base $0529D0  kind=static_target
$046B68  in func $046B54  base $0530DE  kind=static_target
$046BC0  in func $046BA6  base $0529D0  kind=static_target
$046BE6  in func $046BD8  base $0530A8  kind=static_target
$046C26  in func $046C1A  base $053008  kind=static_target
$046C68  in func $046C68  base $053008  kind=static_target
$046C90  in func $046C84  base $053016  kind=static_target
$046CA8  in func $046C96  base $0539DE  kind=static_target
$046CB8  in func $046CAE  base $046CBC  kind=fallback_hybrid/offset_table
$046D0C  in func $046D00  base $053086  kind=static_target
$046D12  in func $046D12  base $019240  kind=static_target
$046D9C  in func $046D9C  base $053008  kind=static_target
$046DB0  in func $046DAA  base $0530DE  kind=static_target
$046DD8  in func $046DB6  base $0539FA  kind=static_target
$046EF6  in func $046ED4  base $0543BA  kind=static_target
$047108  in func $0470BE  base $053EA0  kind=static_target
$047136  in func $04711E  base $053086  kind=static_target
$0471BC  in func $0471B8  base $0529D0  kind=static_target
$047206  in func $0471E2  base $0529D0  kind=static_target
$0472C6  in func $0472C2  base $053008  kind=static_target
$04734E  in func $047348  base $053008  kind=static_target
$04738A  in func $047360  base $0529D0  kind=static_target
$0473C0  in func $047396  base $0543F4  kind=static_target
$0473FC  in func $0473C6  base $052B90  kind=static_target
$047444  in func $04741C  base $0019B6  kind=static_target
$047480  in func $047476  base $019230  kind=static_target
$0474AC  in func $047486  base $019240  kind=static_target
$0474E0  in func $0474DC  base $0529D0  kind=static_target
$047518  in func $047518  base $053008  kind=static_target
$047538  in func $04752E  base $052D96  kind=static_target
$047596  in func $047584  base $0539FA  kind=static_target
$0475BE  in func $04759C  base $053092  kind=static_target
$047664  in func $047664  base $053008  kind=static_target
$0476FC  in func $0476E4  base $053086  kind=static_target
$047712  in func $04770C  base $0539DE  kind=static_target
$047780  in func $047780  base $053086  kind=static_target
$047786  in func $047786  base $019230  kind=static_target
$0477D6  in func $0477D0  base $019240  kind=static_target
$047800  in func $0477F6  base $019240  kind=static_target
$047844  in func $047830  base $019240  kind=static_target
$04787A  in func $047860  base $019240  kind=static_target
$0478A6  in func $047880  base $019240  kind=static_target
$0479AA  in func $04799C  base $0529D0  kind=static_target
$047A94  in func $047A74  base $0543BA  kind=static_target
$047D22  in func $047CF6  base $0529D0  kind=static_target
$047DB4  in func $047D82  base $053EA0  kind=static_target
$047DDC  in func $047DCA  base $053086  kind=static_target
$047E2E  in func $047DFA  base $0529D0  kind=static_target
$047E3A  in func $047E34  base $053008  kind=static_target
$047E5A  in func $047E5A  base $053008  kind=static_target
$047EE2  in func $047EDC  base $053016  kind=static_target
$047F22  in func $047F12  base $053008  kind=static_target
$047FB6  in func $047FAA  base $053008  kind=static_target
$048096  in func $048092  base $0529D0  kind=static_target
$048104  in func $0480F0  base $053008  kind=static_target
$04811A  in func $04810A  base $053156  kind=static_target
$048142  in func $04812E  base $0529D0  kind=static_target
$0481A0  in func $04819C  base $053008  kind=static_target
$0481BC  in func $0481BC  base $053008  kind=static_target
$0481CE  in func $0481CA  base $053008  kind=static_target
$0482E6  in func $0482C6  base $053086  kind=static_target
$0482EC  in func $0482EC  base $0539DE  kind=static_target
$04835C  in func $048348  base $019240  kind=static_target
$048374  in func $048362  base $053086  kind=static_target
$0483F0  in func $0483C0  base $052B90  kind=static_target
$0483FA  in func $0483F6  base $052D96  kind=static_target
$048438  in func $04841C  base $052CC8  kind=static_target
$048456  in func $04843E  base $052D92  kind=static_target
$048460  in func $04845C  base $052D96  kind=static_target
$04849A  in func $04849A  base $019240  kind=static_target
$048510  in func $0484FC  base $0530DE  kind=static_target
$048538  in func $048528  base $0530DE  kind=static_target
$0485DA  in func $048592  base $019240  kind=static_target
$0485FC  in func $0485E0  base $019240  kind=static_target
$048602  in func $048602  base $019230  kind=static_target
$0486B0  in func $0486B0  base $019230  kind=static_target
$048704  in func $048704  base $019230  kind=static_target
$04872C  in func $04870A  base $0539FA  kind=static_target
$048754  in func $048732  base $0539FA  kind=static_target
$048910  in func $0488FA  base $0529D0  kind=static_target
$048B04  in func $048AEA  base $0543BA  kind=static_target
$048D2E  in func $048D2E  base $0541C8  kind=static_target
$048D4E  in func $048D3C  base $053086  kind=static_target
$048DB6  in func $048DB2  base $0529D0  kind=static_target
$048DC2  in func $048DBC  base $053008  kind=static_target
$048DFA  in func $048DC8  base $046532  kind=static_target
$048E0A  in func $048DFE  base $053008  kind=static_target
$048EA6  in func $048E80  base $046532  kind=static_target
$048F1A  in func $048EF6  base $0539FA  kind=static_target
$048F36  in func $048F20  base $019240  kind=static_target
$048F62  in func $048F3C  base $052B90  kind=static_target
$048FAC  in func $048F68  base $0539EC  kind=static_target
$048FC8  in func $048FB2  base $05316E  kind=static_target
$048FDC  in func $048FD8  base $0529B0  kind=static_target
$049016  in func $04900E  base $052E7E  kind=static_target
$04902E  in func $04901C  base $0529D0  kind=static_target
$049048  in func $049034  base $0542A6  kind=static_target
$049066  in func $049066  base $052EFE  kind=static_target
$0490A2  in func $049078  base $019240  kind=static_target
$0490FC  in func $0490FC  base $052CC4  kind=static_target
$049122  in func $049102  base $0529D0  kind=static_target
$0491C0  in func $04919E  base $019240  kind=static_target
$0491CC  in func $0491C6  base $0539EC  kind=static_target
$0491E2  in func $0491D2  base $019240  kind=static_target
$0491FA  in func $0491E8  base $0530DE  kind=static_target
$04925A  in func $04924A  base $052CC4  kind=static_target
$0492A2  in func $049284  base $0530DE  kind=static_target
$0492F6  in func $0492CE  base $0529D0  kind=static_target
$049310  in func $04930C  base $053CFE  kind=static_target
$04938A  in func $049376  base $0530DE  kind=static_target
$0493B2  in func $0493A2  base $0530DE  kind=static_target
$0493DC  in func $0493CE  base $0530A8  kind=static_target
$049404  in func $0493F0  base $052C72  kind=static_target
$049498  in func $049482  base $053008  kind=static_target
$049512  in func $049508  base $0529D0  kind=static_target
$04953E  in func $04953E  base $052E7E  kind=static_target
$049560  in func $049544  base $0539DE  kind=static_target
$049580  in func $049578  base $053144  kind=static_target
$0495A6  in func $049586  base $053086  kind=static_target
$0495C0  in func $0495C0  base $019240  kind=static_target
$049610  in func $049610  base $053008  kind=static_target
$0496B2  in func $0496A4  base $019240  kind=static_target
$0496DE  in func $0496B8  base $019240  kind=static_target
$0496EE  in func $0496E4  base $019230  kind=static_target
$049A6C  in func $049A5E  base $0543BA  kind=static_target
$049AF2  in func $049AEE  base $000000  kind=dynamic_register
$049DC4  in func $049D72  base $053EA0  kind=static_target
$049DEC  in func $049DDA  base $053086  kind=static_target
$049E50  in func $049E4C  base $0529D0  kind=static_target
$049EB2  in func $049EB2  base $019216  kind=static_target
$049EC4  in func $049EB8  base $046532  kind=static_target
$049EF6  in func $049EF6  base $019216  kind=static_target
$049F28  in func $049F22  base $019216  kind=static_target
$049F3A  in func $049F2E  base $053008  kind=static_target
$049F6C  in func $049F6C  base $053008  kind=static_target
$04A028  in func $04A01E  base $053D22  kind=static_target
$04A044  in func $04A044  base $052A84  kind=static_target
$04A0D4  in func $04A04A  base $052B90  kind=static_target
$04A0E6  in func $04A0DA  base $052B90  kind=static_target
$04A0F2  in func $04A0EC  base $053008  kind=static_target
$04A10A  in func $04A0F8  base $053086  kind=static_target
$04A1BC  in func $04A132  base $0529D0  kind=static_target
$04A1C2  in func $04A1C2  base $053008  kind=static_target
$04A1F2  in func $04A1EC  base $053008  kind=static_target
$04A20C  in func $04A1F8  base $046532  kind=static_target
$04A21C  in func $04A210  base $053008  kind=static_target
$04A28E  in func $04A288  base $053016  kind=static_target
$04A2C8  in func $04A2C8  base $053008  kind=static_target
$04A2EA  in func $04A2EA  base $053D22  kind=static_target
$04A30A  in func $04A2F0  base $046532  kind=static_target
$04A396  in func $04A36E  base $046532  kind=static_target
$04A3B8  in func $04A39A  base $019216  kind=static_target
$04A416  in func $04A3EA  base $0529D0  kind=static_target
$04A470  in func $04A45E  base $053086  kind=static_target
$04A526  in func $04A520  base $053008  kind=static_target
$04A542  in func $04A542  base $053008  kind=static_target
$04A5C4  in func $04A592  base $0529D0  kind=static_target
$04A5D0  in func $04A5CA  base $047396  kind=static_target
$04A60C  in func $04A5FC  base $053118  kind=static_target
$04A636  in func $04A632  base $0529D0  kind=static_target
$04A690  in func $04A680  base $052C72  kind=static_target
$04A696  in func $04A696  base $0539DE  kind=static_target
$04A6AC  in func $04A69C  base $053156  kind=static_target
$04A706  in func $04A6FE  base $052C72  kind=static_target
$04A778  in func $04A74E  base $0529D0  kind=static_target
$04A7B0  in func $04A7A6  base $0529D0  kind=static_target
$04A7E6  in func $04A7DA  base $053008  kind=static_target
$04A812  in func $04A80C  base $053008  kind=static_target
$04A8FC  in func $04A8E8  base $0530DE  kind=static_target
$04A932  in func $04A902  base $052C72  kind=static_target
$04A96A  in func $04A950  base $019240  kind=static_target
$04A970  in func $04A970  base $0539DE  kind=static_target
$04A9B0  in func $04A99C  base $053008  kind=static_target
$04A9B6  in func $04A9B6  base $019230  kind=static_target
$04A9C6  in func $04A9BC  base $0529D0  kind=static_target
$04AA68  in func $04AA68  base $0539DE  kind=static_target
$04AAB6  in func $04AAA2  base $0539DE  kind=static_target
$04AACE  in func $04AABC  base $053156  kind=static_target
$04AAF0  in func $04AAD4  base $053156  kind=static_target
$04AAFE  in func $04AAF6  base $053156  kind=static_target
$04AB10  in func $04AB04  base $053156  kind=static_target
$04AB22  in func $04AB16  base $053156  kind=static_target
$04AB34  in func $04AB28  base $053156  kind=static_target
$04AB48  in func $04AB3A  base $053156  kind=static_target
$04AB88  in func $04AB84  base $0529D0  kind=static_target
$04ABAA  in func $04AB8E  base $053144  kind=static_target
$04AC2A  in func $04ABFA  base $053086  kind=static_target
$04AC30  in func $04AC30  base $0539EC  kind=static_target
$04AC50  in func $04AC4A  base $05377C  kind=static_target
$04AC96  in func $04AC72  base $019240  kind=static_target
$04ACA2  in func $04AC9C  base $019240  kind=static_target
$04ACB4  in func $04ACA8  base $019240  kind=static_target
$04ACC0  in func $04ACBA  base $0530DE  kind=static_target
$04ACF6  in func $04ACEA  base $0539FA  kind=static_target
$04AE2A  in func $04AE26  base $019C12  kind=static_target
$04AE30  in func $04AE30  base $019230  kind=static_target
$04AE76  in func $04AE6C  base $019230  kind=static_target
$04B272  in func $04B264  base $0543BA  kind=static_target
$04B2B0  in func $04B2A0  base $053086  kind=static_target
$04B2C0  in func $04B2B6  base $05312A  kind=static_target
$04B606  in func $04B5B4  base $053EA0  kind=static_target
$04B64A  in func $04B62A  base $053086  kind=static_target
$04B694  in func $04B660  base $0529D0  kind=static_target
$04B6A0  in func $04B69A  base $053008  kind=static_target
$04B6D4  in func $04B6C8  base $053008  kind=static_target
$04B720  in func $04B720  base $052D92  kind=static_target
$04B744  in func $04B726  base $0529D0  kind=static_target
$04B772  in func $04B772  base $052D92  kind=static_target
$04B7BC  in func $04B78C  base $052B90  kind=static_target
$04B7E2  in func $04B7C8  base $0019B6  kind=static_target
$04B7F6  in func $04B7E8  base $053086  kind=static_target
$04B826  in func $04B81A  base $052C4C  kind=static_target
$04B84A  in func $04B844  base $052E7E  kind=static_target
$04BA04  in func $04B9EC  base $0539DE  kind=static_target
$04BAB8  in func $04BAB2  base $0115FE  kind=static_target
$04BACC  in func $04BACC  base $019230  kind=static_target
$04BAEC  in func $04BAD2  base $0115FE  kind=static_target
$04BB04  in func $04BB00  base $0115FE  kind=static_target
$04BB6A  in func $04BB5A  base $0530A8  kind=static_target
$04BBB8  in func $04BBA0  base $0530A8  kind=static_target
$04BC20  in func $04BBF8  base $0539FA  kind=static_target
$04BD24  in func $04BCFE  base $0543BA  kind=static_target
$04BD74  in func $04BD66  base $0529D0  kind=static_target
$04BFE6  in func $04BF90  base $053EA0  kind=static_target
$04BFF4  in func $04BFF4  base $0541C8  kind=static_target
$04C018  in func $04C002  base $053086  kind=static_target
$04C076  in func $04C06A  base $052A84  kind=static_target
$04C084  in func $04C07A  base $053008  kind=static_target
$04C0CA  in func $04C0CA  base $053D2C  kind=static_target
$04C154  in func $04C154  base $053008  kind=static_target
$04C170  in func $04C158  base $0529D0  kind=static_target
$04C216  in func $04C1EA  base $0529D0  kind=static_target
$04C23A  in func $04C21A  base $052B90  kind=static_target
$04C286  in func $04C240  base $052B90  kind=static_target
$04C336  in func $04C31C  base $0539EC  kind=static_target
$04C34E  in func $04C33C  base $053086  kind=static_target
$04C3B8  in func $04C3AA  base $053016  kind=static_target
$04C410  in func $04C404  base $052D92  kind=static_target
$04C456  in func $04C454  base $0539FA  kind=static_target
$04C480  in func $04C45C  base $053086  kind=static_target
$04C4F6  in func $04C4DE  base $053008  kind=static_target
$04C530  in func $04C51C  base $052D92  kind=static_target
$04C55C  in func $04C550  base $053008  kind=static_target
$04C5AC  in func $04C5A0  base $052D92  kind=static_target
$04C614  in func $04C600  base $053086  kind=static_target
$04C684  in func $04C678  base $053086  kind=static_target
$04C6AC  in func $04C688  base $019240  kind=static_target
$04C70E  in func $04C70E  base $0539DE  kind=static_target
$04C7DE  in func $04C7D0  base $0543BA  kind=static_target
$04C820  in func $04C816  base $0529D0  kind=static_target
$04C856  in func $04C83E  base $0539FA  kind=static_target
$04C95E  in func $04C93E  base $019240  kind=static_target
$04C9C0  in func $04C976  base $0529D0  kind=static_target
$04C9C4  in func $04C9C4  base $0541A2  kind=static_target
$04CA0C  in func $04CA0C  base $053008  kind=static_target
$04CA2C  in func $04CA20  base $0529D0  kind=static_target
$04CA4C  in func $04CA30  base $0529D0  kind=static_target
$04CA62  in func $04CA50  base $019BEA  kind=static_target
$04CADA  in func $04CAD6  base $019BEA  kind=static_target
$04CAEE  in func $04CAE0  base $0530DE  kind=static_target
$04CAFE  in func $04CAFA  base $0529B0  kind=static_target
$04CB26  in func $04CB26  base $053008  kind=static_target
$04CB72  in func $04CB46  base $019240  kind=static_target
$04CB7E  in func $04CB78  base $019240  kind=static_target
$04CB92  in func $04CB84  base $0530DE  kind=static_target
$04CBDA  in func $04CBD4  base $053008  kind=static_target
$04CBFA  in func $04CBE8  base $019240  kind=static_target
$04CC62  in func $04CC62  base $053008  kind=static_target
$04CC7E  in func $04CC66  base $052AD6  kind=static_target
$04CC8A  in func $04CC84  base $053008  kind=static_target
$04CD0C  in func $04CD08  base $053008  kind=static_target
$04CE26  in func $04CE1A  base $019240  kind=static_target
$04CE40  in func $04CE2C  base $0539FA  kind=static_target
$04CE56  in func $04CE44  base $053086  kind=static_target
$04CE90  in func $04CE7A  base $0529B0  kind=static_target
$04CF24  in func $04CF1E  base $053008  kind=static_target
$04CFAA  in func $04CFA6  base $053332  kind=static_target
$04D032  in func $04D02E  base $053332  kind=static_target
$04D046  in func $04D036  base $053332  kind=static_target
$04D066  in func $04D066  base $053008  kind=static_target
$04D07E  in func $04D072  base $053332  kind=static_target
$04D0C8  in func $04D0C4  base $053332  kind=static_target
$04D0EE  in func $04D0EA  base $053332  kind=static_target
$04D102  in func $04D0F2  base $053332  kind=static_target
$04D13A  in func $04D12E  base $053008  kind=static_target
$04D144  in func $04D13E  base $053008  kind=static_target
$04D192  in func $04D188  base $0529A8  kind=static_target
$04D1AC  in func $04D196  base $019240  kind=static_target
$04D1B2  in func $04D1B2  base $019230  kind=static_target
$04D1C2  in func $04D1B8  base $01BA0C  kind=static_target
$04D1D2  in func $04D1C8  base $01BA0C  kind=static_target
$04D42C  in func $04D40E  base $0543BA  kind=static_target
$04D56A  in func $04D558  base $053086  kind=static_target
$04D5D2  in func $04D57A  base $0529D0  kind=static_target
$04D5E8  in func $04D5E8  base $053008  kind=static_target
$04D640  in func $04D632  base $052A84  kind=static_target
$04D64A  in func $04D644  base $053008  kind=static_target
$04D664  in func $04D664  base $053008  kind=static_target
$04D70A  in func $04D70A  base $019216  kind=static_target
$04D79A  in func $04D79A  base $019240  kind=static_target
$04D7B2  in func $04D7A8  base $019240  kind=static_target
$04D7F2  in func $04D7E6  base $019240  kind=static_target
$04D80E  in func $04D7F8  base $019240  kind=static_target
$04D862  in func $04D862  base $019240  kind=static_target
$04D8A4  in func $04D8A4  base $019240  kind=static_target
$04D8B8  in func $04D8AA  base $019BEA  kind=static_target
$04D92A  in func $04D8F6  base $019240  kind=static_target
$04D930  in func $04D930  base $019230  kind=static_target
$04D974  in func $04D974  base $053086  kind=static_target
$04D9DA  in func $04D9D2  base $053086  kind=static_target
$04DA4E  in func $04DA46  base $0539DE  kind=static_target
$04DBB2  in func $04DBA0  base $053086  kind=static_target
$04DC22  in func $04DC1E  base $0529D0  kind=static_target
$04DC2C  in func $04DC26  base $053008  kind=static_target
$04DCF0  in func $04DCDA  base $053008  kind=static_target
$04DD1A  in func $04DCFE  base $019240  kind=static_target
$04DD62  in func $04DD3C  base $0529D0  kind=static_target
$04DD84  in func $04DD66  base $054086  kind=static_target
$04DDA0  in func $04DD8A  base $052B90  kind=static_target
$04DDD6  in func $04DDA6  base $0539EC  kind=static_target
$04DDEA  in func $04DDDC  base $053086  kind=static_target
$04DE68  in func $04DE60  base $0539EC  kind=static_target
$04DE7C  in func $04DE7C  base $053008  kind=static_target
$04DE9C  in func $04DE96  base $053008  kind=static_target
$04DEC2  in func $04DEB2  base $053144  kind=static_target
$04DEEE  in func $04DEE4  base $052A84  kind=static_target
$04DF38  in func $04DF20  base $053008  kind=static_target
$04DF54  in func $04DF44  base $053118  kind=static_target
$04DFE6  in func $04DFE2  base $019240  kind=static_target
$04E000  in func $04DFEC  base $019240  kind=static_target
$04E00A  in func $04E006  base $0530DE  kind=static_target
$04E056  in func $04E032  base $0539FA  kind=static_target
$04E07E  in func $04E05A  base $0539FA  kind=static_target
$04E0DC  in func $04E0D8  base $04E0E0  kind=fallback_hybrid/offset_table
$04E12C  in func $04E104  base $052C4C  kind=static_target
$04E25C  in func $04E256  base $0543BA  kind=static_target
$04E3E2  in func $04E37E  base $053EA0  kind=static_target
$04E3E6  in func $04E3E6  base $019230  kind=static_target
$04E3F4  in func $04E3F4  base $0541C8  kind=static_target
$04E414  in func $04E402  base $053086  kind=static_target
$04E462  in func $04E42E  base $0529D0  kind=static_target
$04E46C  in func $04E466  base $053008  kind=static_target
$04E48C  in func $04E48C  base $053008  kind=static_target
$04E4BA  in func $04E4B6  base $053008  kind=static_target
$04E502  in func $04E4F8  base $053008  kind=static_target
$04E540  in func $04E530  base $019216  kind=static_target
$04E58A  in func $04E582  base $053EEA  kind=static_target
$04E5AC  in func $04E5AC  base $053EEA  kind=static_target
$04E5CC  in func $04E5CC  base $053008  kind=static_target
$04E630  in func $04E62C  base $0529D0  kind=static_target
$04E654  in func $04E654  base $053EEA  kind=static_target
$04E66C  in func $04E658  base $053144  kind=static_target
$04E6B4  in func $04E6A4  base $053008  kind=static_target
$04E6D2  in func $04E6C2  base $05316E  kind=static_target
$04E73A  in func $04E730  base $053008  kind=static_target
$04E764  in func $04E75E  base $053008  kind=static_target
$04E84C  in func $04E84C  base $053008  kind=static_target
$04E8A6  in func $04E886  base $0539FA  kind=static_target
$04EB26  in func $04EB0E  base $0543BA  kind=static_target
$04ED24  in func $04ECCE  base $053EA0  kind=static_target
$04ED30  in func $04ED30  base $0541C8  kind=static_target
$04ED4E  in func $04ED3C  base $053086  kind=static_target
$04ED92  in func $04ED8E  base $0529D0  kind=static_target
$04ED9C  in func $04ED96  base $053008  kind=static_target
$04EDE0  in func $04EDDA  base $053008  kind=static_target
$04EE38  in func $04EE16  base $052B90  kind=static_target
$04EE68  in func $04EE5A  base $053008  kind=static_target
$04EEA0  in func $04EE74  base $0529D0  kind=static_target
$04EF04  in func $04EECE  base $0539EC  kind=static_target
$04EF1E  in func $04EF0A  base $053118  kind=static_target
$04EF2C  in func $04EF28  base $0529B0  kind=static_target
$04EF58  in func $04EF58  base $053008  kind=static_target
$04EF6C  in func $04EF5C  base $052B90  kind=static_target
$04EF90  in func $04EF70  base $019240  kind=static_target
$04EFA4  in func $04EFA0  base $0529B0  kind=static_target
$04EFD0  in func $04EFCC  base $053008  kind=static_target
$04F004  in func $04F000  base $053008  kind=static_target
$04F040  in func $04F010  base $019240  kind=static_target
$04F04A  in func $04F046  base $05312A  kind=static_target
$04F064  in func $04F058  base $0529D0  kind=static_target
$04F12C  in func $04F12C  base $053092  kind=static_target
$04F15A  in func $04F15A  base $053092  kind=static_target
$04F184  in func $04F174  base $0115FE  kind=static_target
$04F18A  in func $04F18A  base $019230  kind=static_target
$04F1B4  in func $04F190  base $0539FA  kind=static_target
$04F37E  in func $04F37E  base $0543BA  kind=static_target
$04F38A  in func $04F382  base $053FCE  kind=static_target
$04F486  in func $04F474  base $053086  kind=static_target
$04F4D4  in func $04F496  base $052AD6  kind=static_target
$04F4D8  in func $04F4D8  base $053008  kind=static_target
$04F4FE  in func $04F4F8  base $053008  kind=static_target
$04F542  in func $04F53E  base $053008  kind=static_target
$04F5AC  in func $04F5A6  base $052CC4  kind=static_target
$04F5BA  in func $04F5BA  base $0540D6  kind=static_target
$04F5D2  in func $04F5C0  base $0530DE  kind=static_target
$04F60C  in func $04F60C  base $052CC4  kind=static_target
$04F62A  in func $04F616  base $04F8C0  kind=static_target
$04F62E  in func $04F62E  base $04F8F6  kind=static_target
$04F68A  in func $04F682  base $053008  kind=static_target
$04F6BC  in func $04F6A2  base $053008  kind=static_target
$04F6C4  in func $04F6C0  base $053332  kind=static_target
$04F736  in func $04F726  base $053332  kind=static_target
$04F7AA  in func $04F7A2  base $053008  kind=static_target
$04F7B8  in func $04F7AE  base $019240  kind=static_target
$04F7EA  in func $04F7E6  base $053332  kind=static_target
$04F8BC  in func $04F8A4  base $0543BA  kind=static_target
$04F8DC  in func $04F8DC  base $053086  kind=static_target
$04F8F2  in func $04F8EE  base $053086  kind=static_target
$04F8FE  in func $04F8F6  base $053086  kind=static_target
$04F9BE  in func $04F9AC  base $053086  kind=static_target
$04FA2A  in func $04FA0C  base $052A84  kind=static_target
$04FA2E  in func $04FA2E  base $053008  kind=static_target
$04FA42  in func $04FA32  base $053EA0  kind=static_target
$04FA5C  in func $04FA46  base $019216  kind=static_target
$04FA6A  in func $04FA62  base $019216  kind=static_target
$04FB04  in func $04FAEE  base $019240  kind=static_target
$04FB46  in func $04FB46  base $0539EC  kind=static_target
$04FB62  in func $04FB4C  base $019240  kind=static_target
$04FBA2  in func $04FB8C  base $019240  kind=static_target
$04FBB8  in func $04FBA8  base $019240  kind=static_target
$04FBD4  in func $04FBBE  base $019240  kind=static_target
$04FBEC  in func $04FBDA  base $019240  kind=static_target
$04FC08  in func $04FBF2  base $019240  kind=static_target
$04FC20  in func $04FC0E  base $019240  kind=static_target
$04FC2A  in func $04FC26  base $019230  kind=static_target
$04FC4A  in func $04FC30  base $052A84  kind=static_target
$04FC56  in func $04FC4E  base $053086  kind=static_target
$04FC86  in func $04FC86  base $053086  kind=static_target
$04FC8A  in func $04FC8A  base $019230  kind=static_target
$04FCB8  in func $04FC98  base $0529D0  kind=static_target
$04FCC4  in func $04FCBC  base $053086  kind=static_target
$04FCEA  in func $04FCE0  base $019240  kind=static_target
$04FCFA  in func $04FCF0  base $0529A8  kind=static_target
$04FD0E  in func $04FCFE  base $019240  kind=static_target
$04FD14  in func $04FD14  base $019230  kind=static_target
$04FD46  in func $04FD36  base $019240  kind=static_target
$04FD4C  in func $04FD4C  base $019230  kind=static_target
$04FD7C  in func $04FD76  base $053118  kind=static_target
$04FD94  in func $04FD92  base $053118  kind=static_target
$04FDDE  in func $04FDDE  base $019240  kind=static_target
$04FDE4  in func $04FDE4  base $019230  kind=static_target
$04FDFE  in func $04FDEA  base $019240  kind=static_target
$04FE1A  in func $04FE04  base $019240  kind=static_target
$04FE28  in func $04FE20  base $019240  kind=static_target
$04FEA4  in func $04FE9E  base $0537E8  kind=static_target
$04FEC8  in func $04FEC4  base $019240  kind=static_target
$04FEEE  in func $04FEE6  base $0530A8  kind=static_target
$04FF06  in func $04FF02  base $0530DE  kind=static_target
$04FF18  in func $04FF0A  base $053086  kind=static_target
$04FF48  in func $04FF3A  base $053016  kind=static_target
$04FF76  in func $04FF60  base $0529D0  kind=static_target
$04FF7A  in func $04FF7A  base $019230  kind=static_target
$04FFC0  in func $04FFB2  base $0530A8  kind=static_target
$0501DE  in func $0501D4  base $0529D0  kind=static_target
$0501EA  in func $0501E2  base $053FCE  kind=static_target
$050246  in func $050230  base $0529D0  kind=static_target
$05042A  in func $05040E  base $053086  kind=static_target
$0504AA  in func $050444  base $053EA0  kind=static_target
$0504AE  in func $0504AE  base $0541C8  kind=static_target
$0504C6  in func $0504B4  base $0529D0  kind=static_target
$050518  in func $0504F2  base $0529D0  kind=static_target
$050522  in func $05051C  base $053008  kind=static_target
$050548  in func $050548  base $053008  kind=static_target
$05058E  in func $05057E  base $019240  kind=static_target
$0505E4  in func $0505E4  base $0530A8  kind=static_target
$050634  in func $050628  base $053016  kind=static_target
$05068C  in func $050666  base $0529D0  kind=static_target
$0506A8  in func $050690  base $0529D0  kind=static_target
$0506F8  in func $0506E6  base $019240  kind=static_target
$050722  in func $050710  base $053092  kind=static_target
$05077C  in func $050778  base $0529D0  kind=static_target
$0507A0  in func $050780  base $019240  kind=static_target
$05082C  in func $05082C  base $053008  kind=static_target
$050866  in func $05085A  base $053332  kind=static_target
$050878  in func $05086A  base $019BEA  kind=static_target
$0508D0  in func $0508CC  base $053008  kind=static_target
$0508FE  in func $0508EC  base $019240  kind=static_target
$050910  in func $05090C  base $0529A8  kind=static_target
$05094C  in func $050938  base $052CC4  kind=static_target
$050974  in func $050974  base $0539DE  kind=static_target
$0509A6  in func $05098A  base $019240  kind=static_target
$0509B0  in func $0509AC  base $019230  kind=static_target
$050A74  in func $050A66  base $01BFAC  kind=static_target
$050B22  in func $050B18  base $052B90  kind=static_target
$050B32  in func $050B26  base $019240  kind=static_target
$050B6A  in func $050B38  base $019240  kind=static_target
$050CBE  in func $050CAA  base $053086  kind=static_target
$050D24  in func $050CEE  base $0529D0  kind=static_target
$050D74  in func $050D74  base $053008  kind=static_target
$050D88  in func $050D78  base $0529D0  kind=static_target
$050E3E  in func $050E2C  base $053008  kind=static_target
$050E7E  in func $050E6E  base $053008  kind=static_target
$050E9C  in func $050E9C  base $053008  kind=static_target
$050F3A  in func $050F3A  base $053008  kind=static_target
$050F60  in func $050F50  base $053008  kind=static_target
$050F7A  in func $050F7A  base $053008  kind=static_target
$050FAC  in func $050FAC  base $053008  kind=static_target
$050FF0  in func $050FF0  base $053008  kind=static_target
$051086  in func $051086  base $053008  kind=static_target
$0510F4  in func $0510DE  base $0529D0  kind=static_target
$051142  in func $051142  base $019240  kind=static_target
$0511C8  in func $0511C4  base $052B90  kind=static_target
$0511E4  in func $0511DC  base $0530DE  kind=static_target
$0511F8  in func $0511E8  base $053156  kind=static_target
$051222  in func $051202  base $0529D0  kind=static_target
$05124A  in func $051244  base $053416  kind=static_target
$0512A2  in func $051298  base $053416  kind=static_target
$0512F8  in func $0512D4  base $053156  kind=static_target
$05136A  in func $051368  base $053156  kind=static_target
$05138E  in func $05138C  base $053156  kind=static_target
$0513A8  in func $0513A0  base $0530DE  kind=static_target
$0513DC  in func $0513BA  base $019240  kind=static_target
$0513E2  in func $0513E2  base $019230  kind=static_target
$051404  in func $0513F4  base $0115FE  kind=static_target
$051462  in func $05145E  base $019230  kind=static_target
$05151E  in func $0514F6  base $019240  kind=static_target
$051572  in func $05156C  base $053008  kind=static_target
$0515DE  in func $0515DE  base $0539DE  kind=static_target
$051658  in func $051650  base $0539DE  kind=static_target
$0516D8  in func $0516C0  base $053EA0  kind=static_target
$051744  in func $05173E  base $019240  kind=static_target
$0517A8  in func $05177E  base $001D5C  kind=static_target
$0517DE  in func $0517DE  base $019240  kind=static_target
$0517F8  in func $0517E4  base $019230  kind=static_target
$05182A  in func $05182A  base $053EEA  kind=static_target
$051862  in func $05185A  base $0543D4  kind=static_target
$051896  in func $05188E  base $0543D4  kind=static_target
$0518DC  in func $0518CE  base $053008  kind=static_target
$051982  in func $051982  base $019240  kind=static_target
$05198E  in func $051988  base $0539DE  kind=static_target
$051A5C  in func $051A5C  base $019240  kind=static_target
$051B12  in func $051B08  base $019240  kind=static_target
$051B46  in func $051B3C  base $019240  kind=static_target
$051BB0  in func $051B4C  base $019240  kind=static_target
$051BC2  in func $051BB6  base $019240  kind=static_target
$051D82  in func $051D82  base $00B7DC  kind=static_target
$051D90  in func $051D88  base $053FBE  kind=static_target
$051DE4  in func $051DB8  base $0017B0  kind=static_target
$051E80  in func $051E80  base $0539DE  kind=static_target
$051F16  in func $051F12  base $000000  kind=dynamic_register
$052360  in func $052360  base $019BEA  kind=static_target
$05238C  in func $052366  base $019BEA  kind=static_target
$0523BC  in func $0523A6  base $019240  kind=static_target
$052412  in func $0523FA  base $0529D0  kind=static_target
$0524FA  in func $0524E8  base $054888  kind=static_target
$05250E  in func $052500  base $0539DE  kind=static_target
$052588  in func $052572  base $019240  kind=static_target
$052598  in func $05258E  base $0529A8  kind=static_target
$0525A0  in func $05259C  base $053092  kind=static_target
$052608  in func $0525E8  base $00EA46  kind=static_target
$0526CA  in func $0526B8  base $0526CE  kind=fallback_hybrid/offset_table
$05270E  in func $0526FE  base $0019B6  kind=static_target
$05271A  in func $052716  base $0019B6  kind=static_target
$052728  in func $052722  base $053EA0  kind=static_target
$0527E8  in func $0527DE  base $0527EC  kind=fallback_hybrid/offset_table
$05281C  in func $05281C  base $053008  kind=static_target
$052840  in func $052820  base $053008  kind=static_target
$052896  in func $052896  base $0539DE  kind=static_target
$05290E  in func $052904  base $052912  kind=fallback_hybrid/offset_table
$05296E  in func $05296A  base $019240  kind=static_target
$052D26  in func $052D1E  base $000000  kind=dynamic_register
$052F62  in func $052F44  base $000000  kind=dynamic_register
$053014  in func $053010  base $000000  kind=dynamic_register
$05302C  in func $053024  base $000000  kind=dynamic_register
$053058  in func $053054  base $000000  kind=dynamic_register
$05306E  in func $053066  base $000000  kind=dynamic_register
$053084  in func $05307C  base $000000  kind=dynamic_register
$05308C  in func $053086  base $019240  kind=static_target
$05309E  in func $053092  base $019240  kind=static_target
$0530BA  in func $0530A8  base $019240  kind=static_target
$0530D0  in func $0530C4  base $019240  kind=static_target
$0530EA  in func $0530DE  base $019240  kind=static_target
$05310E  in func $05310E  base $019240  kind=static_target
$053124  in func $053118  base $019240  kind=static_target
$05313E  in func $05312A  base $019240  kind=static_target
$053150  in func $053144  base $019240  kind=static_target
$053168  in func $053156  base $019240  kind=static_target
$053188  in func $05316E  base $019240  kind=static_target
$053194  in func $05318E  base $019240  kind=static_target
$0531C2  in func $0531C2  base $019230  kind=static_target
$0531F0  in func $0531EA  base $019230  kind=static_target
$05321E  in func $053218  base $019230  kind=static_target
$05324C  in func $053246  base $019230  kind=static_target
$0534EA  in func $0534D8  base $0534EE  kind=fallback_hybrid/offset_table
$0535FC  in func $0535EE  base $019240  kind=static_target
$053716  in func $053704  base $019240  kind=static_target
$053748  in func $053736  base $019240  kind=static_target
$0537A4  in func $05377C  base $019240  kind=static_target
$0537E2  in func $0537AA  base $019240  kind=static_target
$053802  in func $0537E8  base $019240  kind=static_target
$053822  in func $053808  base $019240  kind=static_target
$053870  in func $053842  base $019240  kind=static_target
$053888  in func $053876  base $019240  kind=static_target
$0538E8  in func $0538CA  base $019240  kind=static_target
$0539D8  in func $0539C4  base $019240  kind=static_target
$053CB6  in func $053CB0  base $052CC4  kind=static_target
$053CC0  in func $053CBA  base $052CC4  kind=static_target
$053CC8  in func $053CC4  base $052CC4  kind=static_target
$053CDA  in func $053CD6  base $053008  kind=static_target
$053CE6  in func $053CE2  base $019240  kind=static_target
$053CF6  in func $053CEC  base $053086  kind=static_target
$053D02  in func $053CFE  base $053086  kind=static_target
$053D10  in func $053D0A  base $05377C  kind=static_target
$053D1E  in func $053D18  base $053842  kind=static_target
$053D28  in func $053D22  base $053008  kind=static_target
$053D36  in func $053D2C  base $053008  kind=static_target
$053DCA  in func $053DA2  base $019240  kind=static_target
$053DD6  in func $053DD0  base $019240  kind=static_target
$053DE2  in func $053DDC  base $019240  kind=static_target
$053F36  in func $053F34  base $053F32  kind=fallback_hybrid/function_entry
$054014  in func $053FFC  base $019240  kind=static_target
$054026  in func $054026  base $019230  kind=static_target
$054054  in func $054048  base $019230  kind=static_target
$054080  in func $05406E  base $019230  kind=static_target
$0540A4  in func $0540A4  base $0015E2  kind=static_target
$054118  in func $054112  base $053008  kind=static_target
$05413C  in func $05411C  base $0526B8  kind=static_target
$05415C  in func $054146  base $0540BC  kind=static_target
$05416C  in func $054160  base $019230  kind=static_target
$054240  in func $054220  base $000000  kind=dynamic_register
$054276  in func $054272  base $0529D0  kind=static_target
$0542B2  in func $0542A6  base $00160A  kind=static_target
$05440E  in func $0543F4  base $0019B6  kind=static_target
$0544C6  in func $0544C4  base $0015E2  kind=static_target
$0544DA  in func $0544CC  base $0015E2  kind=static_target
$054500  in func $0544E0  base $0539C4  kind=static_target
$054528  in func $054514  base $0529D0  kind=static_target
$054566  in func $05452C  base $0529D0  kind=static_target
$05463A  in func $054636  base $019216  kind=static_target
$05464C  in func $054640  base $019216  kind=static_target
$05465A  in func $054652  base $019216  kind=static_target
$05466C  in func $054660  base $019216  kind=static_target
$05467C  in func $054672  base $0529B0  kind=static_target
$0546A2  in func $0546A2  base $0530DE  kind=static_target
$0546AA  in func $0546A6  base $0530DE  kind=static_target
$0546BE  in func $0546AE  base $0529B0  kind=static_target
$054712  in func $054712  base $0530DE  kind=static_target
$054728  in func $05471E  base $0530DE  kind=static_target
$054752  in func $054742  base $019240  kind=static_target
$054772  in func $054766  base $0530DE  kind=static_target
$05478E  in func $054776  base $019240  kind=static_target
$0547A6  in func $0547A6  base $053704  kind=static_target
$0547EE  in func $0547EA  base $053704  kind=static_target
$054808  in func $054808  base $053704  kind=static_target
$0548D6  in func $0548A0  base $05491C  kind=static_target
$0549A8  in func $0549A0  base $01BA0C  kind=static_target
$054B60  in func $054B5A  base $053842  kind=static_target
$054B7A  in func $054B6C  base $0537E8  kind=static_target
$054BA6  in func $054B9E  base $053008  kind=static_target
$054C6E  in func $054C58  base $0538CA  kind=static_target
$054CE6  in func $054CE6  base $053008  kind=static_target
$054CF2  in func $054CEA  base $019216  kind=static_target
$054D1A  in func $054CF8  base $0530C4  kind=static_target
$054D22  in func $054D22  base $019230  kind=static_target
$054D38  in func $054D38  base $052CC4  kind=static_target
$054E16  in func $054E12  base $000000  kind=dynamic_register
$054F64  in func $054F56  base $0537E8  kind=static_target
$054FAC  in func $054F6E  base $052AD6  kind=static_target
$054FB4  in func $054FB0  base $052AD6  kind=static_target
$054FB8  in func $054FB8  base $053CD6  kind=static_target
$05508A  in func $05507C  base $053092  kind=static_target
$05509C  in func $05508E  base $053092  kind=static_target
$0550C4  in func $0550A0  base $053092  kind=static_target
$0550DA  in func $0550C8  base $053092  kind=static_target
$055168  in func $055168  base $053008  kind=static_target
$05522A  in func $055218  base $053092  kind=static_target
$05525A  in func $055248  base $053092  kind=static_target
$0552AC  in func $05527C  base $019CC4  kind=static_target
$0552C0  in func $0552B2  base $019CC4  kind=static_target
$0552CE  in func $0552CE  base $019CC4  kind=static_target
$0554DA  in func $0554CC  base $0537E8  kind=static_target
$055598  in func $055588  base $053156  kind=static_target
$0555BE  in func $0555A8  base $0529A8  kind=static_target
$055622  in func $055606  base $053092  kind=static_target
$055634  in func $055628  base $053092  kind=static_target
$05565A  in func $055650  base $0529D0  kind=static_target
$0556C6  in func $0556B4  base $053B04  kind=static_target
$0556E0  in func $0556CA  base $0537E8  kind=static_target
$055704  in func $0556E4  base $0539DE  kind=static_target
$05570C  in func $055708  base $053D6C  kind=static_target
$05573E  in func $05572C  base $0537E8  kind=static_target
$05574C  in func $055748  base $0529A8  kind=static_target
$05579A  in func $055774  base $052B16  kind=static_target
$0557BE  in func $0557A6  base $053D6C  kind=static_target
$05581E  in func $055810  base $0537E8  kind=static_target
$05585E  in func $05585A  base $053008  kind=static_target
$05589E  in func $055878  base $053008  kind=static_target
$0558B0  in func $0558A2  base $053842  kind=static_target
$055904  in func $0558F6  base $019216  kind=static_target
$055936  in func $055932  base $019216  kind=static_target
$0559BE  in func $0559B0  base $0537E8  kind=static_target
$055A2A  in func $0559F0  base $0529D0  kind=static_target
$055A54  in func $055A46  base $05302E  kind=static_target
$055ADC  in func $055AD2  base $05302E  kind=static_target
$055B02  in func $055AEC  base $0529D0  kind=static_target
$055B40  in func $055B32  base $0530A8  kind=static_target
$055B54  in func $055B44  base $0530A8  kind=static_target
$055B86  in func $055B6C  base $053842  kind=static_target
$055B90  in func $055B8A  base $053842  kind=static_target
$055BA2  in func $055B94  base $053092  kind=static_target
$055BC4  in func $055BA6  base $019240  kind=static_target
$055BCA  in func $055BCA  base $0539DE  kind=static_target
$055C1E  in func $055C00  base $019240  kind=static_target
$055C28  in func $055C24  base $019240  kind=static_target
$055C70  in func $055C6C  base $019240  kind=static_target
$055C80  in func $055C76  base $0529A8  kind=static_target
$055C90  in func $055C84  base $053092  kind=static_target
$055C94  in func $055C94  base $019230  kind=static_target
$055D5A  in func $055D42  base $0537E8  kind=static_target
$055DD4  in func $055DC2  base $019216  kind=static_target
$055E2A  in func $055E02  base $019216  kind=static_target
$055E30  in func $055E30  base $053312  kind=static_target
$05607C  in func $05606E  base $0537E8  kind=static_target
$056152  in func $05614A  base $0538CA  kind=static_target
$0561CC  in func $0561CC  base $019216  kind=static_target
$0561FA  in func $0561FA  base $019216  kind=static_target
$05625E  in func $05624C  base $0537E8  kind=static_target
$05628A  in func $05626C  base $0529D0  kind=static_target
$0562CA  in func $0562BE  base $052E7E  kind=static_target
$056342  in func $056342  base $053008  kind=static_target
$05634E  in func $056346  base $0539DE  kind=static_target
$056370  in func $056354  base $053086  kind=static_target
$0563EC  in func $0563E8  base $0529D0  kind=static_target
$0563FC  in func $0563F0  base $0541A2  kind=static_target
$056466  in func $056466  base $053008  kind=static_target
$0564FC  in func $0564FC  base $053008  kind=static_target
$056538  in func $056530  base $053008  kind=static_target
$05655A  in func $056552  base $053008  kind=static_target
$056572  in func $05655E  base $046532  kind=static_target
$056588  in func $056578  base $053008  kind=static_target
$0565BC  in func $0565B2  base $0529D0  kind=static_target
$0565E0  in func $0565D0  base $0115FE  kind=static_target
$0565E6  in func $0565E6  base $019230  kind=static_target
$05662C  in func $056620  base $053086  kind=static_target
$056708  in func $056708  base $019240  kind=static_target
$056712  in func $05670E  base $019230  kind=static_target
$056738  in func $056718  base $0539FA  kind=static_target
$05674C  in func $056742  base $056750  kind=fallback_hybrid/offset_table
$05689E  in func $056880  base $0543BA  kind=static_target
$05696E  in func $05695A  base $0537E8  kind=static_target
$05698A  in func $05697E  base $0529D0  kind=static_target
$056A4C  in func $056A3A  base $053092  kind=static_target
$056B00  in func $056AEE  base $0530A8  kind=static_target
$056B52  in func $056B52  base $053008  kind=static_target
$056C32  in func $056C24  base $0537E8  kind=static_target
$056C52  in func $056C40  base $0529D0  kind=static_target
$056CC8  in func $056CBC  base $053016  kind=static_target
$056D20  in func $056D0E  base $053092  kind=static_target
$056D2C  in func $056D28  base $0529B0  kind=static_target
$056D8E  in func $056D78  base $0538CA  kind=static_target
$056DA6  in func $056D9A  base $0529D0  kind=static_target
$056DCE  in func $056DCA  base $052D96  kind=static_target
$056E10  in func $056E0C  base $052CC8  kind=static_target
$056E46  in func $056E22  base $052B16  kind=static_target
$056E78  in func $056E78  base $0530A8  kind=static_target
$056F60  in func $056F52  base $0537E8  kind=static_target
$056F72  in func $056F6E  base $0529A8  kind=static_target
$056FA2  in func $056FA2  base $052E7E  kind=static_target
$056FBE  in func $056FA6  base $0529D0  kind=static_target
$056FC2  in func $056FC2  base $053008  kind=static_target
$056FFE  in func $056FD8  base $052A84  kind=static_target
$057018  in func $05700A  base $0530A8  kind=static_target
$057050  in func $05704C  base $052CC8  kind=static_target
$057062  in func $057054  base $053842  kind=static_target
$0570D6  in func $0570D0  base $019216  kind=static_target
$0570E2  in func $0570DC  base $019216  kind=static_target
$0570E8  in func $0570E8  base $019216  kind=static_target
$05713E  in func $057130  base $0537E8  kind=static_target
$057154  in func $057148  base $0529D0  kind=static_target
$057196  in func $057180  base $019216  kind=static_target
$0571AE  in func $05719C  base $053092  kind=static_target
$0571BC  in func $0571B8  base $0529B0  kind=static_target
$0571DE  in func $0571DA  base $052D96  kind=static_target
$0571F4  in func $0571E2  base $053092  kind=static_target
$057202  in func $0571FE  base $0529B0  kind=static_target
$057256  in func $057248  base $0537E8  kind=static_target
$0572AE  in func $05728A  base $053B04  kind=static_target
$0572E0  in func $0572CE  base $053008  kind=static_target
$057320  in func $05731C  base $053008  kind=static_target
$05735E  in func $057344  base $052B16  kind=static_target
$05740E  in func $057402  base $019240  kind=static_target
$0574CC  in func $0574BE  base $0537E8  kind=static_target
$05759A  in func $05758A  base $053008  kind=static_target
$0575C6  in func $0575C6  base $052D28  kind=static_target
$05761A  in func $05760A  base $053008  kind=static_target
$057638  in func $057638  base $052D5C  kind=static_target
$05765A  in func $05764C  base $053092  kind=static_target
$0576AE  in func $05769C  base $052C72  kind=static_target
$0576E8  in func $0576D6  base $052C72  kind=static_target
$057796  in func $057796  base $019BEA  kind=static_target
$0577E0  in func $0577B0  base $0529D0  kind=static_target
$057818  in func $057814  base $053008  kind=static_target
$057916  in func $057912  base $05371C  kind=static_target
$057A22  in func $0579FA  base $0539FA  kind=static_target
$057A68  in func $057A32  base $0539FA  kind=static_target
$057A8C  in func $057A7E  base $019BEA  kind=static_target
$057AA0  in func $057A92  base $019BEA  kind=static_target
$057AF2  in func $057AF2  base $019BEA  kind=static_target
$057B0C  in func $057AF8  base $019BEA  kind=static_target
$057B28  in func $057B1A  base $019BEA  kind=static_target
$057B40  in func $057B40  base $019BEA  kind=static_target
$057B6A  in func $057B5A  base $019BEA  kind=static_target
$057BB2  in func $057BAE  base $057BB6  kind=fallback_hybrid/offset_table
$057C74  in func $057C54  base $053704  kind=static_target
$057D8E  in func $057D8E  base $053008  kind=static_target
$057E1A  in func $057E0A  base $053092  kind=static_target
$057E4A  in func $057E3C  base $0537E8  kind=static_target
$057E72  in func $057E72  base $0537E8  kind=static_target
$057EBA  in func $057EBA  base $0537E8  kind=static_target
$057ED2  in func $057EBE  base $0537E8  kind=static_target
$057EFC  in func $057EFC  base $0529D0  kind=static_target
$057F10  in func $057F10  base $0529D0  kind=static_target
$057F3A  in func $057F24  base $019240  kind=static_target
$057F50  in func $057F40  base $0529A8  kind=static_target
$058060  in func $058044  base $019240  kind=static_target
$0580AC  in func $058090  base $019230  kind=static_target
$0580E8  in func $0580D8  base $0539FA  kind=static_target
$058340  in func $058340  base $052C0C  kind=static_target
$058432  in func $058428  base $01BA0C  kind=static_target
$058494  in func $058486  base $019240  kind=static_target
$0584F4  in func $0584F4  base $053808  kind=static_target
$058536  in func $058536  base $053808  kind=static_target
$058550  in func $05853A  base $053808  kind=static_target
$05857E  in func $058574  base $053808  kind=static_target
$0585C0  in func $0585C0  base $053808  kind=static_target
$0585F8  in func $0585F8  base $053808  kind=static_target
$058616  in func $05860E  base $053808  kind=static_target
$05864A  in func $05864A  base $053808  kind=static_target
$058654  in func $05864E  base $053808  kind=static_target
$058658  in func $058658  base $053808  kind=static_target
$05866E  in func $05866A  base $0530DE  kind=static_target
$058688  in func $058684  base $0530DE  kind=static_target
$05869E  in func $05869A  base $0530DE  kind=static_target
$0586F2  in func $0586EA  base $0530DE  kind=static_target
$058756  in func $058756  base $053D0A  kind=static_target
$05881C  in func $05880C  base $01BA0C  kind=static_target
$058832  in func $058822  base $01BA0C  kind=static_target
$0588EC  in func $0588CC  base $0539EC  kind=static_target
$058988  in func $058988  base $0537E8  kind=static_target
$0589A0  in func $058998  base $0537E8  kind=static_target
$0589DC  in func $0589DC  base $0537E8  kind=static_target
$0589E4  in func $0589E0  base $0537E8  kind=static_target
$058A1E  in func $058A0E  base $0539FA  kind=static_target
$058A2C  in func $058A22  base $01BA0C  kind=static_target
$058A80  in func $058A80  base $0529D0  kind=static_target
$058AA2  in func $058A92  base $0537E8  kind=static_target
$058AC4  in func $058AC4  base $0537E8  kind=static_target
$058ADC  in func $058AD4  base $0537E8  kind=static_target
$058B02  in func $058AE8  base $019230  kind=static_target
$058B36  in func $058B28  base $019BEA  kind=static_target
$058B5C  in func $058B3C  base $019BEA  kind=static_target
$058C08  in func $058BF8  base $0539FA  kind=static_target
$058C88  in func $058C88  base $0529A8  kind=static_target
$058C94  in func $058C8C  base $0537E8  kind=static_target
$058CBE  in func $058C98  base $019240  kind=static_target
$058D02  in func $058CEC  base $0529A8  kind=static_target
$058D24  in func $058D24  base $0537E8  kind=static_target
$058D80  in func $058D74  base $053704  kind=static_target
$058DA0  in func $058DA0  base $0539DE  kind=static_target
$058DBA  in func $058DAE  base $0537E8  kind=static_target
$058DEA  in func $058DEA  base $0539DE  kind=static_target
$058E40  in func $058E40  base $019230  kind=static_target
$058EC4  in func $058EB8  base $019240  kind=static_target
$058EE8  in func $058ED2  base $019240  kind=static_target
$058EFA  in func $058EFA  base $019230  kind=static_target
$058F22  in func $058F1E  base $019240  kind=static_target
$058F34  in func $058F30  base $05377C  kind=static_target
$05904A  in func $059032  base $0529D0  kind=static_target
$059056  in func $05904E  base $0537E8  kind=static_target
$05908E  in func $05908A  base $053092  kind=static_target
$059292  in func $05927C  base $0538CA  kind=static_target
$059324  in func $059310  base $05302E  kind=static_target
$05939C  in func $05939C  base $053CBA  kind=static_target
$0593BA  in func $0593B6  base $053016  kind=static_target
$059428  in func $059404  base $053008  kind=static_target
$059470  in func $059452  base $052CC4  kind=static_target
$0594AE  in func $05948C  base $019216  kind=static_target
$0594D4  in func $0594D4  base $053008  kind=static_target
$05951A  in func $059512  base $019240  kind=static_target
$05952E  in func $059520  base $010C98  kind=static_target
$059570  in func $05955A  base $0529D0  kind=static_target
$059600  in func $0595E8  base $052A84  kind=static_target
$05962A  in func $05962A  base $0537E8  kind=static_target
$05963A  in func $05962E  base $0537E8  kind=static_target
$059644  in func $05963E  base $0537E8  kind=static_target
$0596E0  in func $0596D6  base $0530A8  kind=static_target
$0596F8  in func $0596E4  base $053842  kind=static_target
$059714  in func $05970C  base $053842  kind=static_target
$05975A  in func $05974C  base $0537E8  kind=static_target
$059786  in func $05976C  base $0529D0  kind=static_target
$0597A2  in func $0597A2  base $053008  kind=static_target
$0597C4  in func $0597BE  base $052CC4  kind=static_target
$059872  in func $05986C  base $053008  kind=static_target
$05988C  in func $05988C  base $053008  kind=static_target
$0598C8  in func $0598B6  base $053092  kind=static_target
$0598D6  in func $0598D2  base $0529B0  kind=static_target
$059924  in func $059912  base $0530A8  kind=static_target
$059934  in func $059930  base $0529B0  kind=static_target
$059A88  in func $059A7A  base $0537E8  kind=static_target
$059AB4  in func $059A90  base $0529D0  kind=static_target
$059AC4  in func $059AB8  base $0529D0  kind=static_target
$059AD4  in func $059AC8  base $0529D0  kind=static_target
$059AF6  in func $059AF6  base $052CC4  kind=static_target
$059B12  in func $059AFA  base $0530A8  kind=static_target
$059B48  in func $059B44  base $059B4C  kind=fallback_hybrid/offset_table
$059BAC  in func $059BA6  base $05335A  kind=static_target
$059BB4  in func $059BB0  base $059BB8  kind=fallback_hybrid/offset_table
$059BDA  in func $059BBE  base $053016  kind=static_target
$059C12  in func $059C0C  base $053008  kind=static_target
$059C1A  in func $059C16  base $059C1E  kind=fallback_hybrid/offset_table
$059C24  in func $059C24  base $053008  kind=static_target
$059C46  in func $059C42  base $059C4A  kind=fallback_hybrid/offset_table
$059C86  in func $059C80  base $053008  kind=static_target
$059CA4  in func $059C8A  base $053092  kind=static_target
$059CCA  in func $059CA8  base $053092  kind=static_target
$059D2C  in func $059D1A  base $052A84  kind=static_target
$059D3E  in func $059D3E  base $052A84  kind=static_target
$059D46  in func $059D42  base $052A84  kind=static_target
$059DC6  in func $059DB8  base $0537E8  kind=static_target
$059DDA  in func $059DCE  base $0529D0  kind=static_target
$059E0A  in func $059DFE  base $019216  kind=static_target
$059E28  in func $059E10  base $0530A8  kind=static_target
$059E4C  in func $059E46  base $0530A8  kind=static_target
$059EB8  in func $059EAA  base $0537E8  kind=static_target
$059F26  in func $059F18  base $053008  kind=static_target
$059F68  in func $059F5A  base $053092  kind=static_target
$059F78  in func $059F74  base $0529B0  kind=static_target
$05A020  in func $05A020  base $053008  kind=static_target
$05A064  in func $05A05C  base $0530A8  kind=static_target
$05A0F6  in func $05A0E0  base $0538CA  kind=static_target
$05A15A  in func $05A156  base $052CC4  kind=static_target
$05A18E  in func $05A188  base $052CC4  kind=static_target
$05A1E4  in func $05A1E4  base $052CC4  kind=static_target
$05A214  in func $05A204  base $052CC4  kind=static_target
$05A26E  in func $05A248  base $053008  kind=static_target
$05A2DC  in func $05A2C0  base $053086  kind=static_target
$05A344  in func $05A2F8  base $052A84  kind=static_target
$05A36C  in func $05A368  base $019216  kind=static_target
$05A388  in func $05A380  base $019216  kind=static_target
$05A3A6  in func $05A38E  base $046532  kind=static_target
$05A400  in func $05A3DE  base $052B90  kind=static_target
$05A422  in func $05A414  base $019216  kind=static_target
$05A43E  in func $05A436  base $019216  kind=static_target
$05A478  in func $05A444  base $0529D0  kind=static_target
$05A4A6  in func $05A49A  base $053808  kind=static_target
$05A4B4  in func $05A4AA  base $052A84  kind=static_target
$05A4E0  in func $05A4E0  base $052C4C  kind=static_target
$05A50E  in func $05A4F8  base $0539EC  kind=static_target
$05A56C  in func $05A568  base $052A84  kind=static_target
$05A5B8  in func $05A5B8  base $05371C  kind=static_target
$05A5D6  in func $05A5BC  base $019240  kind=static_target
$05A5DC  in func $05A5DC  base $0539DE  kind=static_target
$05A606  in func $05A5FA  base $052C4C  kind=static_target
$05A626  in func $05A626  base $052CC4  kind=static_target
$05A688  in func $05A688  base $052CC4  kind=static_target
$05A6AE  in func $05A69C  base $019240  kind=static_target
$05A6D0  in func $05A6D0  base $019230  kind=static_target
$05A8E2  in func $05A8E2  base $0537E8  kind=static_target
$05A906  in func $05A8E6  base $046532  kind=static_target
$05A926  in func $05A912  base $0537E8  kind=static_target
$05A98C  in func $05A988  base $0537E8  kind=static_target
$05A9E8  in func $05A9E4  base $0537E8  kind=static_target
$05AA7C  in func $05AA78  base $019240  kind=static_target
$05AA8E  in func $05AA82  base $053808  kind=static_target
$05AAC4  in func $05AAC4  base $019230  kind=static_target
$05AAE2  in func $05AACA  base $0543D4  kind=static_target
$05B52A  in func $05B520  base $05B52E  kind=fallback_hybrid/offset_table
$05B5D8  in func $05B5D2  base $019240  kind=static_target
