# JMP-table dispatch audit
# total sites: 3540
#
# Summary:
#   static_target           3347  (JMP with statically resolved target — safe)
#   in_function_switch         0  (JMP(PC,Dn.W) compiled to in-function switch+goto — safe, this is the Duff's-device fix)
#   dynamic_register          37  (JMP (An)/(d,An)/(An,Xn) — runtime address from register, safe via call_by_address)
#   fallback_hybrid                — JMP(PC,Dn.W) routed through hybrid_jmp_interpret; subdivided:
#     function_entry          71    (base IS a registered function — call_by_address resolves it directly)
#     bra_w_trampoline         0    (base opcode = 0x6000; runtime miss feedback works)
#     offset_table            84    (base is a dc.w (target-base) table; 1+ entries decode to functions — runtime resolves it)
#     INTERIOR_UNRESOLVED      1    (DANGER: base is interior to a function, NOT one of the safe patterns above — silent failure class like pre-fix CPZ)
#     external_unresolved      0    (base outside any known function — investigate)
#   unsupported                0  (decoder hit a JMP mode the emitter doesn't handle)
#
# When `interior_unresolved` is non-zero, inspect each site — these are
# Sonic-2-CPZ-style silent-failure candidates. Either the recompiler's
# Duff's-device probe (probe_pc_idx_targets) didn't match, or the table
# really is a new pattern that needs new codegen support.
#
# Format: <jmp_addr>  in func <func>  base <base>  kind=<kind>[ targets=N]

$0003BA  in func $0003AC  base $300000  kind=static_target
$0007B4  in func $000780  base $001BF0  kind=static_target
$00094C  in func $00088C  base $001BF0  kind=static_target
$000954  in func $00088C  base $001BF0  kind=static_target
$000A82  in func $000978  base $001BF0  kind=static_target
$000BFA  in func $000B5C  base $001BF0  kind=static_target
$000C1A  in func $000C00  base $001BF0  kind=static_target
$000C38  in func $000C20  base $001BF0  kind=static_target
$000C4A  in func $000C3E  base $001BF0  kind=static_target
$000D0C  in func $000D0C  base $FFFFFFF6  kind=static_target
$001644  in func $00163C  base $000000  kind=dynamic_register
$0018FA  in func $0018D4  base $00194A  kind=fallback_hybrid/function_entry
$001BD0  in func $001B28  base $001AEA  kind=static_target
$002156  in func $002142  base $00215C  kind=fallback_hybrid/offset_table
$003BDC  in func $003BDC  base $002142  kind=static_target
$0048FE  in func $0048F2  base $01ABC6  kind=static_target
$004962  in func $00495C  base $01ABC6  kind=static_target
$0049A8  in func $00499C  base $01ABC6  kind=static_target
$004A56  in func $004A56  base $01ABC6  kind=static_target
$004ADE  in func $004ADE  base $01ABC6  kind=static_target
$004B2E  in func $004B16  base $01ABC6  kind=static_target
$004B9E  in func $004B86  base $01ABC6  kind=static_target
$004C3E  in func $004C3E  base $01ABC6  kind=static_target
$0056AA  in func $0056AA  base $01ABC6  kind=static_target
$0057D2  in func $0057D2  base $01ABC6  kind=static_target
$005850  in func $005848  base $01ABC6  kind=static_target
$0058A2  in func $00589A  base $01ABC6  kind=static_target
$00596C  in func $00596C  base $01ABC6  kind=static_target
$005C0A  in func $005BF6  base $01ABC6  kind=static_target
$005C54  in func $005C42  base $01ABC6  kind=static_target
$005CA8  in func $005CA2  base $01ABC6  kind=static_target
$005CE2  in func $005CE2  base $01ABC6  kind=static_target
$006E7C  in func $006E76  base $01ABB6  kind=static_target
$008E2A  in func $008E2A  base $01ABC6  kind=static_target
$008E9E  in func $008E94  base $01ABC6  kind=static_target
$008EE6  in func $008EDE  base $01ABC6  kind=static_target
$008F1E  in func $008F16  base $01ABC6  kind=static_target
$008F2E  in func $008F24  base $01ABC6  kind=static_target
$008F58  in func $008F50  base $01ABC6  kind=static_target
$009878  in func $00984C  base $001358  kind=static_target
$009C56  in func $009C52  base $001AD2  kind=static_target
$00AA24  in func $00A9E8  base $00AA28  kind=fallback_hybrid/function_entry
$00AAA0  in func $00AA98  base $001380  kind=static_target
$00AAFA  in func $00AAFA  base $01ABC6  kind=static_target
$00AB40  in func $00AB34  base $01ABC6  kind=static_target
$00AF50  in func $00AF24  base $01ABC6  kind=static_target
$00B028  in func $00B006  base $00C04C  kind=static_target
$00B032  in func $00B02E  base $00C04C  kind=static_target
$00B0BC  in func $00B0A6  base $0014E6  kind=static_target
$00B502  in func $00B4F6  base $01ABC6  kind=static_target
$00B648  in func $00B638  base $01ABC6  kind=static_target
$00B6A0  in func $00B66E  base $01ABC6  kind=static_target
$00B6C0  in func $00B6A6  base $01ABC6  kind=static_target
$00B9C6  in func $00B9C2  base $00B4F6  kind=static_target
$00BF50  in func $00BF50  base $01ABC6  kind=static_target
$00C52C  in func $00C524  base $00C3E4  kind=static_target
$00C568  in func $00C560  base $00C3E4  kind=static_target
$00C860  in func $00C856  base $001380  kind=static_target
$00D304  in func $00D2F8  base $01ABC6  kind=static_target
$00D370  in func $00D30C  base $01ABC6  kind=static_target
$00D5F8  in func $00D5DE  base $01ABC6  kind=static_target
$00D674  in func $00D5FE  base $01ABC6  kind=static_target
$00D6CA  in func $00D6CA  base $01ABC6  kind=static_target
$00D77C  in func $00D774  base $01ABC6  kind=static_target
$00D788  in func $00D782  base $00D78C  kind=fallback_hybrid/function_entry
$00D84E  in func $00D83C  base $01ABC6  kind=static_target
$00D8BE  in func $00D8BE  base $01ABC6  kind=static_target
$00D90C  in func $00D90C  base $01ABC6  kind=static_target
$00DBAC  in func $00DB92  base $01AF6C  kind=static_target
$00DCFE  in func $00DCCA  base $001358  kind=static_target
$00E8B4  in func $00E8AA  base $00E8B8  kind=fallback_hybrid/offset_table
$00EAEA  in func $00EAE6  base $01A596  kind=static_target
$0105EC  in func $0105E6  base $092A0E  kind=static_target
$010618  in func $01060E  base $01061C  kind=fallback_hybrid/offset_table
$010AD2  in func $010ACE  base $01ABC6  kind=static_target
$010AD8  in func $010AD8  base $092A0E  kind=static_target
$010AE8  in func $010ADE  base $010AEC  kind=fallback_hybrid/offset_table
$010D3A  in func $010D32  base $0013C2  kind=static_target
$010EA0  in func $010E82  base $001380  kind=static_target
$010F26  in func $010F22  base $001380  kind=static_target
$01172C  in func $01172C  base $010366  kind=static_target
$011974  in func $011958  base $001380  kind=static_target
$01199C  in func $01197A  base $001380  kind=static_target
$0119CC  in func $0119A2  base $001380  kind=static_target
$011A0E  in func $0119F6  base $001380  kind=static_target
$011A90  in func $011A16  base $001358  kind=static_target
$0122B8  in func $0122AA  base $001380  kind=static_target
$012312  in func $012302  base $01ABC6  kind=static_target
$01238A  in func $01238A  base $010366  kind=static_target
$0123BC  in func $0123AA  base $01ABC6  kind=static_target
$012492  in func $012478  base $001746  kind=static_target
$0125A6  in func $0125A2  base $01ABC6  kind=static_target
$0125DA  in func $0125C6  base $01ABC6  kind=static_target
$01312A  in func $013124  base $092A0E  kind=static_target
$013156  in func $01314C  base $01315A  kind=fallback_hybrid/offset_table
$0136A2  in func $01369E  base $01ABC6  kind=static_target
$0136A8  in func $0136A8  base $092A0E  kind=static_target
$0136B8  in func $0136AE  base $0136BC  kind=fallback_hybrid/offset_table
$0139A0  in func $013998  base $0013C2  kind=static_target
$0139E8  in func $0139DC  base $0139EC  kind=fallback_hybrid/offset_table
$0146B4  in func $01469C  base $001380  kind=static_target
$014742  in func $01473E  base $001380  kind=static_target
$014F56  in func $014F56  base $010366  kind=static_target
$0151F6  in func $0151A4  base $001358  kind=static_target
$015710  in func $015700  base $01ABC6  kind=static_target
$015788  in func $015788  base $010366  kind=static_target
$0157DA  in func $0157C8  base $01ABC6  kind=static_target
$01580A  in func $015806  base $01ABC6  kind=static_target
$01583C  in func $015828  base $01ABC6  kind=static_target
$01615E  in func $01615A  base $01ABC6  kind=static_target
$01629A  in func $01628C  base $01ABC6  kind=static_target
$016482  in func $01647E  base $01ABC6  kind=static_target
$016488  in func $016488  base $092A0E  kind=static_target
$016498  in func $01648E  base $01649C  kind=fallback_hybrid/offset_table
$0166E6  in func $0166DE  base $0013C2  kind=static_target
$016768  in func $01674A  base $001380  kind=static_target
$0167EE  in func $0167EA  base $001380  kind=static_target
$017938  in func $0178CE  base $001358  kind=static_target
$017C0A  in func $017BFA  base $01ABC6  kind=static_target
$017C82  in func $017C82  base $010366  kind=static_target
$017CB4  in func $017CA2  base $01ABC6  kind=static_target
$017CE4  in func $017CE0  base $01ABC6  kind=static_target
$017D18  in func $017D04  base $01ABC6  kind=static_target
$01816E  in func $018164  base $018172  kind=fallback_hybrid/offset_table
$018248  in func $018218  base $01ABC6  kind=static_target
$01824E  in func $01824E  base $01ABB6  kind=static_target
$018266  in func $018254  base $01ABC6  kind=static_target
$01826C  in func $01826C  base $01ABB6  kind=static_target
$0182A6  in func $018290  base $01ABC6  kind=static_target
$0182AC  in func $0182AC  base $01ABB6  kind=static_target
$0182CC  in func $0182B2  base $01ABC6  kind=static_target
$018760  in func $018756  base $018764  kind=fallback_hybrid/offset_table
$0187D0  in func $0187C4  base $01ABC6  kind=static_target
$0187D8  in func $0187D8  base $01ABB6  kind=static_target
$018B48  in func $018B3E  base $018B4C  kind=fallback_hybrid/offset_table
$018BBA  in func $018BAA  base $018BBE  kind=fallback_hybrid/offset_table
$018C1A  in func $018C04  base $01ABC6  kind=static_target
$018CA4  in func $018C94  base $01ABC6  kind=static_target
$018F90  in func $018F86  base $018F94  kind=fallback_hybrid/offset_table
$018FE2  in func $018FD2  base $018FE6  kind=fallback_hybrid/offset_table
$019052  in func $019046  base $01ABC6  kind=static_target
$0191FA  in func $0191FA  base $01ABC6  kind=static_target
$019230  in func $019230  base $01ABB6  kind=static_target
$0192C6  in func $0192C0  base $01ABB6  kind=static_target
$019480  in func $019480  base $01ABC6  kind=static_target
$019486  in func $019486  base $01ABB6  kind=static_target
$01959E  in func $01952A  base $01ABC6  kind=static_target
$01968A  in func $019602  base $01ABC6  kind=static_target
$0197BE  in func $01979A  base $01ABC6  kind=static_target
$019892  in func $019874  base $01ABC6  kind=static_target
$019898  in func $019898  base $01ABB6  kind=static_target
$019984  in func $019922  base $01ABC6  kind=static_target
$01A270  in func $01A228  base $01ABC6  kind=static_target
$01A28C  in func $01A276  base $01ABB6  kind=static_target
$01A35A  in func $01A31E  base $01052E  kind=static_target
$01A524  in func $01A51A  base $01A528  kind=fallback_hybrid/offset_table
$01A5E2  in func $01A5D8  base $001358  kind=static_target
$01A5E8  in func $01A5E8  base $001380  kind=static_target
$01A63E  in func $01A638  base $001358  kind=static_target
$01A644  in func $01A644  base $001380  kind=static_target
$01A654  in func $01A64A  base $01A658  kind=fallback_hybrid/offset_table
$01A66C  in func $01A662  base $01A670  kind=fallback_hybrid/offset_table
$01A98C  in func $01A988  base $01AB52  kind=static_target
$01A9F8  in func $01A9EE  base $01A9FC  kind=fallback_hybrid/offset_table
$01B696  in func $01B690  base $01B69A  kind=fallback_hybrid/function_entry
$01C2AA  in func $01C2AA  base $04E35C  kind=static_target
$01C460  in func $01C456  base $01C464  kind=fallback_hybrid/offset_table
$01C62C  in func $01C622  base $01C630  kind=fallback_hybrid/offset_table
$01C888  in func $01C87E  base $01C88C  kind=fallback_hybrid/offset_table
$01C900  in func $01C8F6  base $01C904  kind=fallback_hybrid/offset_table
$01C926  in func $01C91C  base $01C92A  kind=fallback_hybrid/offset_table
$01C9D6  in func $01C9CC  base $01C9DA  kind=fallback_hybrid/offset_table
$01CA18  in func $01CA0E  base $01CA1C  kind=fallback_hybrid/offset_table
$01CA4A  in func $01CA40  base $01CA4E  kind=fallback_hybrid/offset_table
$01CAD6  in func $01CACC  base $01CADA  kind=fallback_hybrid/offset_table
$01CDA6  in func $01CD8A  base $01B5D4  kind=static_target
$01CDAC  in func $01CDAC  base $01B588  kind=static_target
$01CDD4  in func $01CDB2  base $01ABC6  kind=static_target
$01CF0E  in func $01CEF2  base $01B5D4  kind=static_target
$01CF14  in func $01CF14  base $01B588  kind=static_target
$01CF3C  in func $01CF1A  base $01ABC6  kind=static_target
$01D1D6  in func $01D1BA  base $01B5D4  kind=static_target
$01D1DC  in func $01D1DC  base $01B588  kind=static_target
$01D3AC  in func $01D390  base $01B5D4  kind=static_target
$01D3B2  in func $01D3B2  base $01B588  kind=static_target
$01D570  in func $01D566  base $01D574  kind=fallback_hybrid/offset_table
$01D7C4  in func $01D7BA  base $01D7C8  kind=fallback_hybrid/offset_table
$01D878  in func $01D86C  base $01D87C  kind=fallback_hybrid/offset_table
$01D892  in func $01D890  base $024280  kind=static_target
$01D8A6  in func $01D898  base $001358  kind=static_target
$01D8F8  in func $01D8F6  base $001358  kind=static_target
$01D94E  in func $01D94C  base $0013C2  kind=static_target
$01DB26  in func $01DA60  base $001358  kind=static_target
$01E5EA  in func $01E5E0  base $01E5EE  kind=fallback_hybrid/offset_table
$01E688  in func $01E688  base $01ABC6  kind=static_target
$01E6E6  in func $01E6E6  base $01ABC6  kind=static_target
$01E752  in func $01E752  base $01ABC6  kind=static_target
$01E7B0  in func $01E7B0  base $01B588  kind=static_target
$01E7DC  in func $01E7DC  base $01B588  kind=static_target
$01E8BA  in func $01E8BA  base $01B5D4  kind=static_target
$01E8C0  in func $01E8C0  base $01B588  kind=static_target
$01EA08  in func $01EA08  base $01B5D4  kind=static_target
$01EA0E  in func $01EA0E  base $01B588  kind=static_target
$01EBB6  in func $01EBB6  base $01ABB6  kind=static_target
$01ECA2  in func $01EC6C  base $01ABC6  kind=static_target
$01EF5E  in func $01EF56  base $01ABC6  kind=static_target
$01F1FC  in func $01F1FA  base $001380  kind=static_target
$01F4BC  in func $01F4A2  base $01ABC6  kind=static_target
$01F520  in func $01F506  base $01ABC6  kind=static_target
$01F584  in func $01F56A  base $01ABC6  kind=static_target
$01F664  in func $01F64A  base $01ABC6  kind=static_target
$01F6C8  in func $01F6AE  base $01ABC6  kind=static_target
$01F72C  in func $01F712  base $01ABC6  kind=static_target
$01F7B2  in func $01F7B2  base $01B5D4  kind=static_target
$01F994  in func $01F93C  base $012D22  kind=static_target
$01FB56  in func $01FB4C  base $01B5B0  kind=static_target
$01FB5C  in func $01FB5C  base $01ABC6  kind=static_target
$01FC54  in func $01FC42  base $01ABC6  kind=static_target
$01FC5A  in func $01FC5A  base $01ABB6  kind=static_target
$01FC96  in func $01FC84  base $01ABC6  kind=static_target
$01FCC2  in func $01FCAE  base $01ABC6  kind=static_target
$01FD02  in func $01FD02  base $01ABC6  kind=static_target
$01FD42  in func $01FD38  base $01B5B0  kind=static_target
$01FD48  in func $01FD48  base $01ABC6  kind=static_target
$01FF7E  in func $01FF48  base $01B5B0  kind=static_target
$01FFBE  in func $01FFBA  base $01B5B0  kind=static_target
$020030  in func $020030  base $01B588  kind=static_target
$0201BE  in func $0201BC  base $001380  kind=static_target
$020268  in func $020266  base $001380  kind=static_target
$020A6A  in func $020A56  base $01ABC6  kind=static_target
$020A70  in func $020A70  base $01ABB6  kind=static_target
$020B6E  in func $020B6E  base $01ABC6  kind=static_target
$020B80  in func $020B74  base $01ABC6  kind=static_target
$020B86  in func $020B86  base $01ABB6  kind=static_target
$020CB0  in func $020C98  base $001380  kind=static_target
$02133A  in func $02131C  base $01ABB6  kind=static_target
$02159E  in func $021568  base $01ABB6  kind=static_target
$0215AC  in func $0215AC  base $01B588  kind=static_target
$0216A4  in func $021692  base $01ABC6  kind=static_target
$0216AA  in func $0216AA  base $01ABB6  kind=static_target
$0217E8  in func $0217E8  base $01B588  kind=static_target
$02184E  in func $021818  base $01ABB6  kind=static_target
$02185C  in func $02185C  base $01B588  kind=static_target
$021F4C  in func $021F38  base $01ABC6  kind=static_target
$021F7A  in func $021F7A  base $01ABB6  kind=static_target
$021FE2  in func $021FBE  base $01ABC6  kind=static_target
$02200E  in func $021FE8  base $01ABC6  kind=static_target
$02203A  in func $022014  base $01ABC6  kind=static_target
$0220BA  in func $0220BA  base $01ABC6  kind=static_target
$022456  in func $022442  base $01ABC6  kind=static_target
$022484  in func $022484  base $01ABB6  kind=static_target
$0224B6  in func $02248A  base $01ABC6  kind=static_target
$022518  in func $0224FE  base $01ABC6  kind=static_target
$022544  in func $02251E  base $01ABC6  kind=static_target
$0225C8  in func $0225C8  base $01ABC6  kind=static_target
$022838  in func $022824  base $01ABC6  kind=static_target
$022866  in func $022866  base $01ABB6  kind=static_target
$022892  in func $02286C  base $01ABC6  kind=static_target
$022912  in func $022912  base $01ABC6  kind=static_target
$022D46  in func $022D06  base $022D4A  kind=fallback_hybrid/offset_table
$022F40  in func $022F34  base $01B588  kind=static_target
$022F92  in func $022F86  base $01ABC6  kind=static_target
$02304A  in func $023048  base $001380  kind=static_target
$0230D8  in func $0230C4  base $01B5B0  kind=static_target
$02315A  in func $02314E  base $01ABC6  kind=static_target
$023266  in func $02324C  base $001380  kind=static_target
$02336E  in func $023362  base $01B588  kind=static_target
$0233C4  in func $0233B8  base $01ABC6  kind=static_target
$02348A  in func $02346C  base $001380  kind=static_target
$0234E0  in func $0234D0  base $01B5B0  kind=static_target
$0235CC  in func $0235CA  base $001380  kind=static_target
$02361E  in func $02360E  base $01B5B0  kind=static_target
$0236E4  in func $0236E2  base $001380  kind=static_target
$0239F6  in func $0239E4  base $0239FA  kind=fallback_hybrid/offset_table
$023C20  in func $023C12  base $023C24  kind=fallback_hybrid/offset_table
$023F24  in func $023F06  base $01ABC6  kind=static_target
$0240DC  in func $0240D8  base $01B5B0  kind=static_target
$024138  in func $024134  base $01B5B0  kind=static_target
$024188  in func $024184  base $01B5B0  kind=static_target
$0241D6  in func $0241D6  base $01ABC6  kind=static_target
$02422E  in func $02422E  base $01ABC6  kind=static_target
$02427A  in func $02427A  base $01ABC6  kind=static_target
$0242C0  in func $0242B6  base $0242C4  kind=fallback_hybrid/offset_table
$0243C4  in func $0243BA  base $0243C8  kind=fallback_hybrid/offset_table
$024D94  in func $024D94  base $01ABB6  kind=static_target
$024F30  in func $024F1C  base $01ABC6  kind=static_target
$024F52  in func $024F52  base $01ABB6  kind=static_target
$0253DC  in func $0253C2  base $01ABC6  kind=static_target
$02563C  in func $025628  base $01ABC6  kind=static_target
$02564E  in func $02564E  base $01ABB6  kind=static_target
$025758  in func $025724  base $01ABC6  kind=static_target
$02576A  in func $02576A  base $01ABB6  kind=static_target
$0258B6  in func $02588C  base $01B5B0  kind=static_target
$025AB2  in func $025A7E  base $01B5B0  kind=static_target
$025B8C  in func $025B8C  base $01B588  kind=static_target
$025D26  in func $025D26  base $01B662  kind=static_target
$025EA0  in func $025EA0  base $01B588  kind=static_target
$026032  in func $02602E  base $01B5B0  kind=static_target
$0261EC  in func $0261EC  base $01B588  kind=static_target
$026296  in func $026294  base $001380  kind=static_target
$0262FC  in func $0262EC  base $01B588  kind=static_target
$02645A  in func $02643C  base $01B588  kind=static_target
$026478  in func $026478  base $01B662  kind=static_target
$02659C  in func $026588  base $01ABC6  kind=static_target
$0265B6  in func $0265A2  base $01ABC6  kind=static_target
$0265D6  in func $0265D6  base $01ABB6  kind=static_target
$02668E  in func $02668E  base $01ABC6  kind=static_target
$026B1A  in func $026B12  base $026B1E  kind=fallback_hybrid/offset_table
$026E70  in func $026E66  base $01B588  kind=static_target
$026E8C  in func $026E78  base $01ABC6  kind=static_target
$026EAE  in func $026E9E  base $01ABB6  kind=static_target
$027026  in func $027020  base $032610  kind=static_target
$027038  in func $02702E  base $01B588  kind=static_target
$027090  in func $027072  base $01B5B0  kind=static_target
$027100  in func $027100  base $01B588  kind=static_target
$0271DA  in func $0271C6  base $01B588  kind=static_target
$0271EE  in func $0271E0  base $01B588  kind=static_target
$0273DC  in func $0273C8  base $01E490  kind=static_target
$027450  in func $027450  base $01B588  kind=static_target
$0275A6  in func $027592  base $01ABC6  kind=static_target
$0275AC  in func $0275AC  base $01ABB6  kind=static_target
$0275E0  in func $0275CC  base $01ABC6  kind=static_target
$0276D2  in func $0276D0  base $001380  kind=static_target
$027772  in func $027758  base $027778  kind=fallback_hybrid/offset_table
$027878  in func $02784A  base $001526  kind=static_target
$0279A6  in func $027984  base $001526  kind=static_target
$0279CE  in func $0279AC  base $001526  kind=static_target
$027A16  in func $0279F2  base $001526  kind=static_target
$027A52  in func $027A2C  base $001526  kind=static_target
$028060  in func $028052  base $001526  kind=static_target
$028074  in func $028066  base $001526  kind=static_target
$028E70  in func $028E70  base $01B588  kind=static_target
$0290EC  in func $0290CE  base $01B588  kind=static_target
$02930E  in func $0292DC  base $01B588  kind=static_target
$029332  in func $029332  base $01B588  kind=static_target
$0293CA  in func $0293CA  base $01B5D4  kind=static_target
$029440  in func $029440  base $01B588  kind=static_target
$029502  in func $0294FC  base $01B5D4  kind=static_target
$02956A  in func $029542  base $01B5D4  kind=static_target
$029608  in func $029608  base $01B5D4  kind=static_target
$029616  in func $02960E  base $02961A  kind=fallback_hybrid/offset_table
$02998C  in func $02998C  base $01B5D4  kind=static_target
$0299EE  in func $0299EE  base $01B588  kind=static_target
$029A1E  in func $029A1E  base $01B588  kind=static_target
$029A4E  in func $029A4E  base $01B588  kind=static_target
$029AB8  in func $029AB8  base $01B5D4  kind=static_target
$029AF2  in func $029AF2  base $01B588  kind=static_target
$029B36  in func $029B36  base $01B5D4  kind=static_target
$029BFA  in func $029BFA  base $01B5D4  kind=static_target
$029C46  in func $029C46  base $01B662  kind=static_target
$029D64  in func $029D4A  base $01B588  kind=static_target
$029DE6  in func $029DBC  base $01B588  kind=static_target
$029E16  in func $029E16  base $01B588  kind=static_target
$029E30  in func $029E22  base $029E34  kind=fallback_hybrid/offset_table
$02A366  in func $02A366  base $01B588  kind=static_target
$02A3AA  in func $02A394  base $01B588  kind=static_target
$02A53C  in func $02A53C  base $01B588  kind=static_target
$02A60C  in func $02A5F8  base $01ABC6  kind=static_target
$02A612  in func $02A612  base $01ABB6  kind=static_target
$02A64A  in func $02A618  base $01B588  kind=static_target
$02A686  in func $02A686  base $01B588  kind=static_target
$02A710  in func $02A710  base $01B588  kind=static_target
$02AA72  in func $02AA56  base $01B5D4  kind=static_target
$02AA78  in func $02AA78  base $01B588  kind=static_target
$02ACD4  in func $02AC82  base $01E490  kind=static_target
$02AEAE  in func $02AE98  base $01B5D4  kind=static_target
$02AEB4  in func $02AEB4  base $01B588  kind=static_target
$02AEC4  in func $02AEBA  base $01ABC6  kind=static_target
$02AED6  in func $02AECA  base $01ABC6  kind=static_target
$02AEDC  in func $02AEDC  base $01ABB6  kind=static_target
$02AF1C  in func $02AF06  base $01B5D4  kind=static_target
$02AF34  in func $02AF34  base $01ABC6  kind=static_target
$02AF64  in func $02AF58  base $01ABC6  kind=static_target
$02AF6A  in func $02AF6A  base $01ABB6  kind=static_target
$02AF96  in func $02AF7C  base $01B5D4  kind=static_target
$02B06A  in func $02B05C  base $001380  kind=static_target
$02B34C  in func $02B32E  base $01ABC6  kind=static_target
$02B37A  in func $02B37A  base $01ABB6  kind=static_target
$02B380  in func $02B380  base $01ABC6  kind=static_target
$02B434  in func $02B42A  base $01ABC6  kind=static_target
$02B446  in func $02B43A  base $01ABC6  kind=static_target
$02B44C  in func $02B44C  base $01ABB6  kind=static_target
$02B492  in func $02B492  base $01ABB6  kind=static_target
$02B542  in func $02B534  base $001380  kind=static_target
$02B59C  in func $02B596  base $01ABB6  kind=static_target
$02B69A  in func $02B69A  base $01B5D4  kind=static_target
$02B704  in func $02B6D8  base $01ABC6  kind=static_target
$02B726  in func $02B726  base $01ABB6  kind=static_target
$02B752  in func $02B752  base $01ABC6  kind=static_target
$02B8C8  in func $02B896  base $01ABC6  kind=static_target
$02B8E8  in func $02B8E8  base $01ABB6  kind=static_target
$02B910  in func $02B8EE  base $01040C  kind=static_target
$02B962  in func $02B962  base $01B588  kind=static_target
$02BF66  in func $02BF5A  base $01B588  kind=static_target
$02C26A  in func $02C26A  base $01B588  kind=static_target
$02C2A0  in func $02C270  base $01B5B0  kind=static_target
$02C2D6  in func $02C2A6  base $01B5B0  kind=static_target
$02C30C  in func $02C2DC  base $01B5B0  kind=static_target
$02C342  in func $02C312  base $01B5B0  kind=static_target
$02C374  in func $02C348  base $01B5B0  kind=static_target
$02C3A8  in func $02C37A  base $01B5B0  kind=static_target
$02C3E2  in func $02C3CA  base $01B5D4  kind=static_target
$02C626  in func $02C626  base $01B588  kind=static_target
$02C690  in func $02C690  base $01B588  kind=static_target
$02C718  in func $02C718  base $01ABC6  kind=static_target
$02C782  in func $02C778  base $02C786  kind=fallback_hybrid/offset_table
$02C91E  in func $02C8B8  base $01ABC6  kind=static_target
$02C9C4  in func $02C9C4  base $01ABC6  kind=static_target
$02C9D4  in func $02C9CA  base $01ABC6  kind=static_target
$02C9DA  in func $02C9DA  base $01ABB6  kind=static_target
$02CA36  in func $02CA36  base $01ABC6  kind=static_target
$02CA76  in func $02CA68  base $01ABC6  kind=static_target
$02CADE  in func $02CAD0  base $01ABC6  kind=static_target
$02CAFC  in func $02CAFC  base $01ABC6  kind=static_target
$02CB1E  in func $02CB1E  base $01ABC6  kind=static_target
$02CD20  in func $02CD0C  base $01ABC6  kind=static_target
$02CD30  in func $02CD26  base $01ABB6  kind=static_target
$02CD58  in func $02CD3C  base $06001E  kind=static_target
$02CD7E  in func $02CD7A  base $01ABC6  kind=static_target
$02CD94  in func $02CD84  base $01ABC6  kind=static_target
$02CDA4  in func $02CD9A  base $01ABB6  kind=static_target
$02CE26  in func $02CE26  base $01ABC6  kind=static_target
$02CE36  in func $02CE2C  base $01ABB6  kind=static_target
$02CFB2  in func $02CFA8  base $02CFB6  kind=fallback_hybrid/offset_table
$02D104  in func $02D0F8  base $01B588  kind=static_target
$02D128  in func $02D128  base $01ABB6  kind=static_target
$02D15E  in func $02D12E  base $01B588  kind=static_target
$02D478  in func $02D474  base $001AD2  kind=static_target
$02D5BA  in func $02D5B6  base $01B662  kind=static_target
$02D5C0  in func $02D5C0  base $01ABB6  kind=static_target
$02D624  in func $02D620  base $01ABC6  kind=static_target
$02D660  in func $02D638  base $01ABC6  kind=static_target
$02D68A  in func $02D68A  base $01ABC6  kind=static_target
$02D69A  in func $02D690  base $02D69E  kind=fallback_hybrid/offset_table
$02D6C2  in func $02D6C2  base $01ABB6  kind=static_target
$02D8DC  in func $02D8DC  base $01ABB6  kind=static_target
$02D8F6  in func $02D8E2  base $01ABB6  kind=static_target
$02D926  in func $02D920  base $01ABC6  kind=static_target
$02D970  in func $02D95C  base $01ABB6  kind=static_target
$02D99A  in func $02D99A  base $01ABC6  kind=static_target
$02D9C6  in func $02D9BE  base $01ABB6  kind=static_target
$02D9E6  in func $02D9CC  base $01ABB6  kind=static_target
$02DA10  in func $02DA10  base $01ABC6  kind=static_target
$02DADA  in func $02DAD0  base $02DADE  kind=fallback_hybrid/offset_table
$02DC56  in func $02DC36  base $001358  kind=static_target
$02DC98  in func $02DC7E  base $001380  kind=static_target
$02DD00  in func $02DCF8  base $01ABB6  kind=static_target
$02DD38  in func $02DD38  base $01ABB6  kind=static_target
$02DD9C  in func $02DD98  base $01ABC6  kind=static_target
$02DDC0  in func $02DDBE  base $01ABC6  kind=static_target
$02DE1A  in func $02DE04  base $01ABB6  kind=static_target
$02E3C2  in func $02E3B8  base $02E3C6  kind=fallback_hybrid/offset_table
$02E47E  in func $02E474  base $001358  kind=static_target
$02E4BC  in func $02E4A6  base $001380  kind=static_target
$02E73E  in func $02E72E  base $001380  kind=static_target
$02E7D2  in func $02E7C6  base $001380  kind=static_target
$02E9EE  in func $02E9D8  base $01ABB6  kind=static_target
$02EA54  in func $02EA50  base $01ABC6  kind=static_target
$02EA76  in func $02EA6C  base $01ABC6  kind=static_target
$02EAC0  in func $02EAA6  base $01ABC6  kind=static_target
$02EC16  in func $02EC06  base $01ABC6  kind=static_target
$02EC38  in func $02EC2A  base $01ABB6  kind=static_target
$02EC44  in func $02EC44  base $01ABC6  kind=static_target
$02EC5E  in func $02EC56  base $01ABB6  kind=static_target
$02EC72  in func $02EC6A  base $01ABC6  kind=static_target
$02EC7A  in func $02EC7A  base $01ABB6  kind=static_target
$02EDA8  in func $02ED6A  base $01ABC6  kind=static_target
$02EDC4  in func $02EDBC  base $01ABC6  kind=static_target
$02EDCA  in func $02EDCA  base $01ABB6  kind=static_target
$02F942  in func $02F938  base $02F946  kind=fallback_hybrid/offset_table
$02FA20  in func $02FA14  base $01ABC6  kind=static_target
$02FA26  in func $02FA26  base $01ABB6  kind=static_target
$02FA3E  in func $02FA2C  base $01ABC6  kind=static_target
$02FA44  in func $02FA44  base $01ABB6  kind=static_target
$02FA4A  in func $02FA4A  base $01ABB6  kind=static_target
$02FB8A  in func $02FB8A  base $01ABB6  kind=static_target
$02FB90  in func $02FB90  base $01ABC6  kind=static_target
$02FE58  in func $02FE58  base $01B588  kind=static_target
$02FEAC  in func $02FEAC  base $01B588  kind=static_target
$02FEF0  in func $02FED2  base $01B588  kind=static_target
$02FF0E  in func $02FF04  base $01ABB6  kind=static_target
$030006  in func $030006  base $01B588  kind=static_target
$030100  in func $030100  base $01B588  kind=static_target
$030114  in func $03010E  base $01ABB6  kind=static_target
$0301A2  in func $0301A2  base $01ABC6  kind=static_target
$0301D2  in func $0301BE  base $01ABC6  kind=static_target
$0301D8  in func $0301D8  base $01ABB6  kind=static_target
$030216  in func $030202  base $01ABC6  kind=static_target
$030238  in func $03021C  base $01ABC6  kind=static_target
$03025A  in func $03023E  base $01ABC6  kind=static_target
$0302B8  in func $0302B8  base $01B5D4  kind=static_target
$0304D4  in func $0304D4  base $01B588  kind=static_target
$03057A  in func $03056E  base $01B588  kind=static_target
$030778  in func $030774  base $01B5B0  kind=static_target
$030844  in func $030834  base $01ABC6  kind=static_target
$03084A  in func $03084A  base $01ABB6  kind=static_target
$0308F4  in func $0308C6  base $01B5B0  kind=static_target
$030920  in func $03091A  base $01B5D4  kind=static_target
$0309C6  in func $0309C6  base $01B588  kind=static_target
$030A32  in func $030A32  base $01ABC6  kind=static_target
$030C00  in func $030BE2  base $01B588  kind=static_target
$030C76  in func $030C76  base $01B588  kind=static_target
$030E12  in func $030E12  base $01B588  kind=static_target
$030F52  in func $030F34  base $01B588  kind=static_target
$0310D4  in func $0310B6  base $01B588  kind=static_target
$031180  in func $031180  base $01ABB6  kind=static_target
$031220  in func $031220  base $01ABB6  kind=static_target
$03164C  in func $031626  base $01ABC6  kind=static_target
$03165E  in func $03165E  base $01ABB6  kind=static_target
$0317A8  in func $03178E  base $01B662  kind=static_target
$031926  in func $03191E  base $01B588  kind=static_target
$03193E  in func $03192C  base $01E2A6  kind=static_target
$031BF0  in func $031BD2  base $01B588  kind=static_target
$031C98  in func $031C86  base $001380  kind=static_target
$031CF4  in func $031CCA  base $01B588  kind=static_target
$031D8A  in func $031D8A  base $01B588  kind=static_target
$031E62  in func $031E5E  base $01B5B0  kind=static_target
$031E90  in func $031E90  base $01B5D4  kind=static_target
$031F5C  in func $031F4C  base $01B5D4  kind=static_target
$03200A  in func $031FF4  base $01B5D4  kind=static_target
$032102  in func $0320F2  base $01ABB6  kind=static_target
$0321DC  in func $0321D8  base $01B5B0  kind=static_target
$0321EA  in func $0321E2  base $0321EE  kind=fallback_hybrid/offset_table
$03270C  in func $032708  base $01B5B0  kind=static_target
$03271A  in func $032712  base $03271E  kind=fallback_hybrid/offset_table
$0328E2  in func $0328D0  base $01B5D4  kind=static_target
$0329B2  in func $0329A6  base $01B5D4  kind=static_target
$032A72  in func $032A5A  base $001380  kind=static_target
$032B62  in func $032B62  base $01B5D4  kind=static_target
$032DEC  in func $032DD2  base $001380  kind=static_target
$032ED8  in func $032EB4  base $01ABC6  kind=static_target
$032EEA  in func $032EEA  base $01ABB6  kind=static_target
$032F1C  in func $032EF8  base $01ABC6  kind=static_target
$032F2E  in func $032F2E  base $01ABB6  kind=static_target
$03308E  in func $03307C  base $01ABC6  kind=static_target
$0330E8  in func $0330E8  base $01B5D4  kind=static_target
$0330F6  in func $0330EE  base $0330FA  kind=fallback_hybrid/offset_table
$03338C  in func $033376  base $01B5D4  kind=static_target
$0335BE  in func $0335A8  base $01B5D4  kind=static_target
$0338BE  in func $0338BE  base $01B5D4  kind=static_target
$033ABE  in func $033AA4  base $012D22  kind=static_target
$033C14  in func $033BF4  base $012D22  kind=static_target
$033CA6  in func $033C86  base $01B5D4  kind=static_target
$033F64  in func $033F4A  base $012D22  kind=static_target
$034068  in func $03403A  base $01B5B0  kind=static_target
$03406E  in func $03406E  base $01B588  kind=static_target
$0341F4  in func $0341F0  base $01B666  kind=static_target
$03423E  in func $03423E  base $01B662  kind=static_target
$034244  in func $034244  base $01B588  kind=static_target
$034512  in func $034512  base $01B662  kind=static_target
$03452A  in func $034518  base $01ABC6  kind=static_target
$034530  in func $034530  base $01ABB6  kind=static_target
$034542  in func $034536  base $01B588  kind=static_target
$034668  in func $034646  base $01B5B0  kind=static_target
$0346DC  in func $0346BE  base $01B588  kind=static_target
$0347FA  in func $0347F6  base $01B5B0  kind=static_target
$03499C  in func $034994  base $01B588  kind=static_target
$034BF2  in func $034BEE  base $01B5B0  kind=static_target
$034D8C  in func $034D62  base $01B588  kind=static_target
$034DB6  in func $034DB6  base $01B588  kind=static_target
$034EF4  in func $034EEC  base $034EF8  kind=fallback_hybrid/offset_table
$035A1A  in func $035A1A  base $01B588  kind=static_target
$035A74  in func $035A74  base $01B588  kind=static_target
$035B8A  in func $035B56  base $01ABC6  kind=static_target
$035BA0  in func $035B90  base $01040C  kind=static_target
$035BB6  in func $035BA6  base $01040C  kind=static_target
$035CC4  in func $035CAC  base $01ABC6  kind=static_target
$035D1C  in func $035D04  base $01ABC6  kind=static_target
$035E46  in func $035E2E  base $001380  kind=static_target
$035E6E  in func $035E6E  base $01ABC6  kind=static_target
$036020  in func $036020  base $01ABC6  kind=static_target
$03634A  in func $03634A  base $01ABC6  kind=static_target
$036436  in func $036418  base $01ABC6  kind=static_target
$036606  in func $0365E8  base $01A596  kind=static_target
$03660C  in func $03660C  base $01A5F0  kind=static_target
$036702  in func $0366F4  base $01ABB6  kind=static_target
$036744  in func $036732  base $01ABB6  kind=static_target
$036758  in func $036758  base $01ABC6  kind=static_target
$0367BC  in func $0367BA  base $001380  kind=static_target
$03683A  in func $036834  base $01ABB6  kind=static_target
$036846  in func $036840  base $01ABC6  kind=static_target
$0368F4  in func $0368D0  base $01ABB6  kind=static_target
$036900  in func $0368FA  base $01ABC6  kind=static_target
$036920  in func $036912  base $024280  kind=static_target
$036A2C  in func $036A1A  base $01ABB6  kind=static_target
$036A32  in func $036A32  base $01ABC6  kind=static_target
$036D38  in func $036CEA  base $01ABC6  kind=static_target
$036DF6  in func $036DEA  base $01ABC6  kind=static_target
$036EF4  in func $036EF2  base $001380  kind=static_target
$037072  in func $03703A  base $01ABB6  kind=static_target
$0370AE  in func $0370A0  base $01ABC6  kind=static_target
$0370D0  in func $0370C2  base $01ABC6  kind=static_target
$0371B6  in func $0371AE  base $01ABC6  kind=static_target
$0374F6  in func $0374F0  base $01ABB6  kind=static_target
$037508  in func $0374FC  base $01ABC6  kind=static_target
$037D06  in func $037D00  base $01ABB6  kind=static_target
$037E24  in func $037E14  base $01ABC6  kind=static_target
$037EFA  in func $037EC2  base $01ABB6  kind=static_target
$037F3C  in func $037F38  base $01ABC6  kind=static_target
$037F64  in func $037F60  base $01ABC6  kind=static_target
$0380B6  in func $0380A8  base $01ABC6  kind=static_target
$038144  in func $0380F8  base $01ABC6  kind=static_target
$038188  in func $038188  base $01ABC6  kind=static_target
$0381E6  in func $0381D8  base $01ABB6  kind=static_target
$0381EC  in func $0381EC  base $01ABC6  kind=static_target
$038246  in func $038234  base $01ABB6  kind=static_target
$03824C  in func $03824C  base $01ABC6  kind=static_target
$0382F6  in func $0382F6  base $01B588  kind=static_target
$03834A  in func $038336  base $01ABB6  kind=static_target
$03837C  in func $038376  base $01ABC6  kind=static_target
$0384AC  in func $0384AC  base $01B588  kind=static_target
$03852E  in func $03852E  base $01B588  kind=static_target
$038876  in func $038876  base $01ABB6  kind=static_target
$03887C  in func $03887C  base $01ABC6  kind=static_target
$0388EE  in func $0388E4  base $01ABC6  kind=static_target
$038900  in func $0388F4  base $01ABC6  kind=static_target
$038906  in func $038906  base $01ABB6  kind=static_target
$038940  in func $038940  base $01ABB6  kind=static_target
$038A72  in func $038A64  base $001380  kind=static_target
$038BD0  in func $038BA8  base $01E45A  kind=static_target
$0390BC  in func $0390BC  base $01B5D4  kind=static_target
$039470  in func $03945E  base $01ABC6  kind=static_target
$0395F8  in func $0395F2  base $01ABC6  kind=static_target
$039670  in func $03966A  base $01ABC6  kind=static_target
$039676  in func $039676  base $01ABB6  kind=static_target
$0397CC  in func $0397C6  base $01ABC6  kind=static_target
$0398AC  in func $0398A6  base $01ABB6  kind=static_target
$0398F4  in func $0398E6  base $01ABB6  kind=static_target
$0399C4  in func $0399A6  base $01ABC6  kind=static_target
$0399CA  in func $0399CA  base $01ABB6  kind=static_target
$039B36  in func $039B22  base $01ABB6  kind=static_target
$039C48  in func $039BEE  base $01ABB6  kind=static_target
$039CE2  in func $039CCC  base $01B588  kind=static_target
$039D14  in func $039CE8  base $01ABB6  kind=static_target
$039D48  in func $039D3E  base $01ABC6  kind=static_target
$039D78  in func $039D6C  base $01ABC6  kind=static_target
$039D7E  in func $039D7E  base $01ABB6  kind=static_target
$039E1A  in func $039E18  base $001380  kind=static_target
$039F78  in func $039F58  base $01B5D4  kind=static_target
$03A0D0  in func $03A0B0  base $01B5D4  kind=static_target
$03A21A  in func $03A1E0  base $012D22  kind=static_target
$03A26A  in func $03A252  base $01B5D4  kind=static_target
$03A542  in func $03A52E  base $012D22  kind=static_target
$03A61A  in func $03A616  base $01B666  kind=static_target
$03A8B2  in func $03A894  base $01B588  kind=static_target
$03AA78  in func $03AA5A  base $01B5D4  kind=static_target
$03B11C  in func $03B0E2  base $01B662  kind=static_target
$03B1BE  in func $03B1BE  base $01B662  kind=static_target
$03B1F6  in func $03B1F6  base $01B662  kind=static_target
$03B22C  in func $03B22C  base $01B588  kind=static_target
$03B232  in func $03B232  base $01B5D4  kind=static_target
$03B250  in func $03B250  base $01B588  kind=static_target
$03B256  in func $03B256  base $01B5D4  kind=static_target
$03B47C  in func $03B462  base $01B662  kind=static_target
$03B482  in func $03B482  base $01B588  kind=static_target
$03B622  in func $03B60E  base $01ABC6  kind=static_target
$03B634  in func $03B634  base $01ABB6  kind=static_target
$03B736  in func $03B718  base $01B588  kind=static_target
$03B8BC  in func $03B8B4  base $01B5B0  kind=static_target
$03B914  in func $03B90C  base $01B666  kind=static_target
$03B9D2  in func $03B9AC  base $01B5B0  kind=static_target
$03BA84  in func $03BA70  base $01B5B0  kind=static_target
$03BB16  in func $03BB08  base $01B5D4  kind=static_target
$03BB80  in func $03BB80  base $01B588  kind=static_target
$03BD14  in func $03BCF2  base $01B5B0  kind=static_target
$03BF9A  in func $03BF9A  base $01B5D4  kind=static_target
$03C202  in func $03C1EE  base $01B662  kind=static_target
$03C310  in func $03C2D2  base $01ABC6  kind=static_target
$03C322  in func $03C322  base $01ABB6  kind=static_target
$03C410  in func $03C3EE  base $01B5B0  kind=static_target
$03C60C  in func $03C60C  base $01B588  kind=static_target
$03C6B6  in func $03C694  base $01B5B0  kind=static_target
$03C75C  in func $03C756  base $01ABC6  kind=static_target
$03C788  in func $03C768  base $01E5E0  kind=static_target
$03C8B0  in func $03C8B0  base $01B588  kind=static_target
$03C8CE  in func $03C8CE  base $01B588  kind=static_target
$03C8FA  in func $03C8E8  base $01ABC6  kind=static_target
$03C900  in func $03C900  base $01ABB6  kind=static_target
$03C97E  in func $03C972  base $01B588  kind=static_target
$03C9DE  in func $03C9DE  base $01B588  kind=static_target
$03CA00  in func $03C9E4  base $01E5E0  kind=static_target
$03CA8C  in func $03CA8C  base $01B5D4  kind=static_target
$03CACA  in func $03CACA  base $01B588  kind=static_target
$03CBC8  in func $03CBA6  base $01B588  kind=static_target
$03CC46  in func $03CC44  base $001380  kind=static_target
$03CDAA  in func $03CD8E  base $01B588  kind=static_target
$03CE14  in func $03CDFC  base $01B588  kind=static_target
$03CFC4  in func $03CFA2  base $01ABC6  kind=static_target
$03CFCA  in func $03CFCA  base $01ABB6  kind=static_target
$03D118  in func $03D118  base $01B588  kind=static_target
$03D1AC  in func $03D1AC  base $01B588  kind=static_target
$03D21A  in func $03D20E  base $01B588  kind=static_target
$03D272  in func $03D232  base $01B588  kind=static_target
$03D2F0  in func $03D2D2  base $01B588  kind=static_target
$03D2F6  in func $03D2F6  base $01B588  kind=static_target
$03D500  in func $03D500  base $01ABB6  kind=static_target
$03D730  in func $03D730  base $01ABC6  kind=static_target
$03D79E  in func $03D79E  base $01ABB6  kind=static_target
$03D902  in func $03D902  base $01ABC6  kind=static_target
$03D940  in func $03D93A  base $01ABB6  kind=static_target
$03D9A8  in func $03D98E  base $01ABC6  kind=static_target
$03DBDA  in func $03DBD8  base $01ABC6  kind=static_target
$03DC12  in func $03DC10  base $01B588  kind=static_target
$03DC34  in func $03DC32  base $01ABC6  kind=static_target
$03DCCA  in func $03DCBA  base $01B5D4  kind=static_target
$03DE7A  in func $03DE6A  base $01B5D4  kind=static_target
$03E0D4  in func $03E080  base $01B588  kind=static_target
$03E1D2  in func $03E172  base $001380  kind=static_target
$03E45C  in func $03E422  base $01B588  kind=static_target
$03E4E6  in func $03E4E2  base $01B5B0  kind=static_target
$03E89C  in func $03E89C  base $01ABB6  kind=static_target
$03E9A0  in func $03E996  base $01ABB6  kind=static_target
$03E9A6  in func $03E9A6  base $01ABC6  kind=static_target
$03EA44  in func $03EA1E  base $01E45A  kind=static_target
$03EAC4  in func $03EAC4  base $01ABB6  kind=static_target
$03EC24  in func $03EC1A  base $01ABB6  kind=static_target
$03ED0A  in func $03ED0A  base $01ABC6  kind=static_target
$03ED68  in func $03ED46  base $01B588  kind=static_target
$03F0D2  in func $03F0D2  base $01B588  kind=static_target
$03F416  in func $03F40A  base $01B588  kind=static_target
$03F516  in func $03F516  base $01B588  kind=static_target
$03F56C  in func $03F56C  base $01B588  kind=static_target
$03F5A4  in func $03F5A4  base $01B588  kind=static_target
$03F990  in func $03F966  base $01B588  kind=static_target
$03FA88  in func $03FA66  base $001380  kind=static_target
$03FABC  in func $03FA8E  base $01B5B0  kind=static_target
$03FB06  in func $03FB06  base $01B588  kind=static_target
$03FB4A  in func $03FB4A  base $01B588  kind=static_target
$03FBBE  in func $03FBAC  base $01B5D4  kind=static_target
$03FD48  in func $03FD28  base $01B5D4  kind=static_target
$03FE6A  in func $03FE44  base $01B5D4  kind=static_target
$03FF98  in func $03FF80  base $01B5D4  kind=static_target
$0400EA  in func $0400CA  base $01B5D4  kind=static_target
$0403C4  in func $0403B0  base $01ABC6  kind=static_target
$0403D6  in func $0403D6  base $01ABB6  kind=static_target
$04046E  in func $04045E  base $01B5D4  kind=static_target
$0405D0  in func $0405AA  base $01B588  kind=static_target
$04064E  in func $04063C  base $01B588  kind=static_target
$040770  in func $04076E  base $001380  kind=static_target
$04086C  in func $040852  base $01B5D4  kind=static_target
$040872  in func $040872  base $01B588  kind=static_target
$040A02  in func $0409DE  base $001380  kind=static_target
$040C24  in func $040C0E  base $01B588  kind=static_target
$040CE6  in func $040CE6  base $01B588  kind=static_target
$040D0A  in func $040D0A  base $01B588  kind=static_target
$040F4C  in func $040F2E  base $01B588  kind=static_target
$04120A  in func $041206  base $01B5B0  kind=static_target
$04152A  in func $0414FE  base $01ABC6  kind=static_target
$041546  in func $04153C  base $01ABB6  kind=static_target
$04175A  in func $04175A  base $01B588  kind=static_target
$041828  in func $041828  base $01B588  kind=static_target
$041960  in func $041946  base $01ABC6  kind=static_target
$041978  in func $041972  base $01ABB6  kind=static_target
$041990  in func $041984  base $01ABB6  kind=static_target
$0419BE  in func $041996  base $01ABB6  kind=static_target
$041C34  in func $041C16  base $01B588  kind=static_target
$041D26  in func $041D12  base $01ABB6  kind=static_target
$041D56  in func $041D56  base $01B662  kind=static_target
$041E0E  in func $041E0E  base $01ABC6  kind=static_target
$041E14  in func $041E14  base $01ABB6  kind=static_target
$041E90  in func $041E90  base $01B588  kind=static_target
$041FA6  in func $041F90  base $01B588  kind=static_target
$041FC2  in func $041FAC  base $01B588  kind=static_target
$042150  in func $04213C  base $01ABB6  kind=static_target
$042242  in func $04223C  base $01ABB6  kind=static_target
$042248  in func $042248  base $01ABC6  kind=static_target
$04225C  in func $04225A  base $01B5D4  kind=static_target
$042478  in func $042438  base $012D22  kind=static_target
$042558  in func $042556  base $01B5D4  kind=static_target
$04278C  in func $042740  base $012D22  kind=static_target
$04282E  in func $042804  base $01B588  kind=static_target
$0428D0  in func $0428D0  base $01B662  kind=static_target
$0428FE  in func $0428FE  base $01B662  kind=static_target
$04291A  in func $042904  base $01B588  kind=static_target
$0429D4  in func $0429BC  base $01B588  kind=static_target
$042B02  in func $042AEC  base $01ABC6  kind=static_target
$042B1E  in func $042B08  base $01B588  kind=static_target
$042C7A  in func $042C7A  base $01B588  kind=static_target
$042CA6  in func $042C94  base $01ABC6  kind=static_target
$042CAC  in func $042CAC  base $01ABB6  kind=static_target
$042D76  in func $042D76  base $01B588  kind=static_target
$042EBA  in func $042EBA  base $01B662  kind=static_target
$042EFA  in func $042EE8  base $01ABC6  kind=static_target
$042F00  in func $042F00  base $01ABB6  kind=static_target
$043016  in func $043000  base $01B588  kind=static_target
$04321C  in func $0431E0  base $01B588  kind=static_target
$043244  in func $043244  base $01B588  kind=static_target
$0435F8  in func $0435E0  base $01B666  kind=static_target
$0435FE  in func $0435FE  base $01B588  kind=static_target
$043746  in func $043746  base $01B5D4  kind=static_target
$043776  in func $043764  base $01ABC6  kind=static_target
$04377C  in func $04377C  base $01ABB6  kind=static_target
$04388C  in func $04387E  base $01B666  kind=static_target
$043898  in func $043892  base $01ABC6  kind=static_target
$043972  in func $043966  base $01ABC6  kind=static_target
$043978  in func $043978  base $01B662  kind=static_target
$0439E6  in func $0439DE  base $01B666  kind=static_target
$043A82  in func $043A6C  base $01ABC6  kind=static_target
$043A88  in func $043A88  base $01ABB6  kind=static_target
$043BD8  in func $043BC4  base $01B666  kind=static_target
$043C26  in func $043C0C  base $01B666  kind=static_target
$043CD0  in func $043CB6  base $01B666  kind=static_target
$043D1E  in func $043D04  base $01B666  kind=static_target
$043F0C  in func $043EF6  base $01B588  kind=static_target
$044042  in func $04402C  base $01B588  kind=static_target
$04407E  in func $044072  base $01ABC6  kind=static_target
$044084  in func $044084  base $01ABB6  kind=static_target
$0441EC  in func $0441D6  base $01B588  kind=static_target
$044332  in func $044332  base $01B588  kind=static_target
$0445A0  in func $044592  base $01B662  kind=static_target
$044910  in func $0448FA  base $01B588  kind=static_target
$044954  in func $044954  base $01B662  kind=static_target
$044A62  in func $044A56  base $01ABB6  kind=static_target
$044ADA  in func $044ABE  base $01B588  kind=static_target
$044BC6  in func $044B9E  base $01B588  kind=static_target
$044C0E  in func $044C0E  base $01ABB6  kind=static_target
$044C3E  in func $044C3A  base $01ABC6  kind=static_target
$044C96  in func $044C96  base $01B588  kind=static_target
$044D5A  in func $044D48  base $01B5D4  kind=static_target
$044DFC  in func $044DFC  base $01B588  kind=static_target
$044F4C  in func $044F4C  base $01B5D4  kind=static_target
$044FA0  in func $044F9E  base $000000  kind=dynamic_register
$045014  in func $045006  base $01ABC6  kind=static_target
$045020  in func $04501A  base $01B588  kind=static_target
$045084  in func $04507E  base $01ABB6  kind=static_target
$04509E  in func $04509E  base $01ABC6  kind=static_target
$04516A  in func $045142  base $01B588  kind=static_target
$0452FE  in func $0452FE  base $01ABB6  kind=static_target
$04535E  in func $04534C  base $01ABC6  kind=static_target
$0453E0  in func $0453CE  base $01B588  kind=static_target
$0456EE  in func $0456EE  base $01B588  kind=static_target
$0457B8  in func $0457B8  base $01ABC6  kind=static_target
$045816  in func $045816  base $01ABC6  kind=static_target
$0459A0  in func $045992  base $01ABC6  kind=static_target
$045A7E  in func $045A72  base $01ABB6  kind=static_target
$045AD0  in func $045AD0  base $01ABC6  kind=static_target
$045B16  in func $045B16  base $01ABC6  kind=static_target
$045B84  in func $045B84  base $01ABC6  kind=static_target
$045B8E  in func $045B8A  base $01ABC6  kind=static_target
$045BC2  in func $045B94  base $085E3A  kind=static_target
$045BD4  in func $045BC8  base $01ABB6  kind=static_target
$045DA6  in func $045D8A  base $085E3A  kind=static_target
$045E28  in func $045E28  base $01ABB6  kind=static_target
$045E68  in func $045E2E  base $01ABC6  kind=static_target
$045EE8  in func $045E90  base $001380  kind=static_target
$045F0A  in func $045F02  base $0460A6  kind=static_target
$045F34  in func $045F2E  base $01ABB6  kind=static_target
$04603C  in func $045FE4  base $001380  kind=static_target
$0460D2  in func $0460A6  base $012D22  kind=static_target
$04616C  in func $04616C  base $01ABB6  kind=static_target
$0461A2  in func $0461A2  base $01ABC6  kind=static_target
$046210  in func $046210  base $01ABB6  kind=static_target
$04627E  in func $046262  base $01ABC6  kind=static_target
$0462BC  in func $0462B6  base $01ABB6  kind=static_target
$04631E  in func $0462C2  base $01ABC6  kind=static_target
$0463F6  in func $0463EC  base $001380  kind=static_target
$04650E  in func $0464DA  base $01B588  kind=static_target
$0465AC  in func $046586  base $001380  kind=static_target
$046ED2  in func $046EB8  base $01B5B0  kind=static_target
$046F74  in func $046F54  base $01B5B0  kind=static_target
$046FEC  in func $046FCE  base $01B588  kind=static_target
$047266  in func $047266  base $01B588  kind=static_target
$047284  in func $047284  base $01B588  kind=static_target
$04729C  in func $04728A  base $01ABC6  kind=static_target
$0472A2  in func $0472A2  base $01ABB6  kind=static_target
$04746C  in func $047440  base $01ABC6  kind=static_target
$047488  in func $04747E  base $01ABB6  kind=static_target
$047734  in func $0476FE  base $01B5B0  kind=static_target
$04776E  in func $047762  base $001380  kind=static_target
$047798  in func $04778C  base $001380  kind=static_target
$04784E  in func $047842  base $01B5D4  kind=static_target
$04790E  in func $047906  base $01B662  kind=static_target
$047914  in func $047914  base $01B588  kind=static_target
$047920  in func $04791A  base $01B588  kind=static_target
$047A82  in func $047A58  base $01B588  kind=static_target
$047B52  in func $047B52  base $01B588  kind=static_target
$047E70  in func $047E62  base $01B5D4  kind=static_target
$047EE2  in func $047EE2  base $01B588  kind=static_target
$047F3A  in func $047F2C  base $01B5D4  kind=static_target
$047F96  in func $047F96  base $01B588  kind=static_target
$04819C  in func $04818C  base $01B5B0  kind=static_target
$048316  in func $048316  base $01B588  kind=static_target
$04836A  in func $04836A  base $01B588  kind=static_target
$048512  in func $048512  base $01B5D4  kind=static_target
$048520  in func $048518  base $048524  kind=fallback_hybrid/offset_table
$04858A  in func $048534  base $012D22  kind=static_target
$04889E  in func $04889E  base $01ABB6  kind=static_target
$0488B6  in func $0488A4  base $01ABB6  kind=static_target
$0488BC  in func $0488BC  base $01ABC6  kind=static_target
$048B3A  in func $048B3A  base $01B588  kind=static_target
$048B96  in func $048B96  base $01B588  kind=static_target
$048BE4  in func $048BE4  base $01B588  kind=static_target
$048C2A  in func $048C16  base $01B5D4  kind=static_target
$048C38  in func $048C30  base $048C3C  kind=fallback_hybrid/offset_table
$048F0C  in func $048EEC  base $01B5D4  kind=static_target
$04908A  in func $04906A  base $01B5D4  kind=static_target
$0491D4  in func $0491CE  base $012D22  kind=static_target
$049222  in func $049214  base $01B5D4  kind=static_target
$0492CE  in func $0492B2  base $01B5D4  kind=static_target
$0493D4  in func $0493C6  base $012D22  kind=static_target
$0494E4  in func $0494DA  base $01B588  kind=static_target
$049524  in func $0494FC  base $01B5B0  kind=static_target
$049644  in func $049644  base $01ABB6  kind=static_target
$0497FE  in func $0497FE  base $01B588  kind=static_target
$049842  in func $049842  base $01B5D4  kind=static_target
$0499FC  in func $0499FC  base $01B588  kind=static_target
$049B36  in func $049B22  base $01ABC6  kind=static_target
$049B48  in func $049B48  base $01ABB6  kind=static_target
$049B70  in func $049B70  base $01ABB6  kind=static_target
$049CF8  in func $049CEC  base $049B22  kind=static_target
$049DDE  in func $049DBC  base $001380  kind=static_target
$049FDE  in func $049FD6  base $01ABC6  kind=static_target
$04A084  in func $04A07A  base $01ABC6  kind=static_target
$04A104  in func $04A0C6  base $01ABB6  kind=static_target
$04A10A  in func $04A10A  base $01ABC6  kind=static_target
$04A1D0  in func $04A1B2  base $049B22  kind=static_target
$04A334  in func $04A31A  base $01ABC6  kind=static_target
$04A346  in func $04A346  base $01ABB6  kind=static_target
$04A3A6  in func $04A384  base $061100  kind=static_target
$04A3CC  in func $04A3B6  base $0860F2  kind=static_target
$04A422  in func $04A408  base $049B4E  kind=static_target
$04A7B4  in func $04A7B0  base $01B5B0  kind=static_target
$04AD46  in func $04AD36  base $01ABC6  kind=static_target
$04AD74  in func $04AD74  base $01ABB6  kind=static_target
$04AE48  in func $04AE10  base $01ABC6  kind=static_target
$04AE8A  in func $04AE7C  base $01ABC6  kind=static_target
$04AF6A  in func $04AF6A  base $01ABC6  kind=static_target
$04B998  in func $04B97C  base $01ABC6  kind=static_target
$04B9A4  in func $04B99E  base $012600  kind=static_target
$04B9B0  in func $04B9AA  base $015862  kind=static_target
$04B9B6  in func $04B9B6  base $017D30  kind=static_target
$04BA7C  in func $04BA62  base $04BA90  kind=fallback_hybrid/offset_table
$04BECA  in func $04BEC8  base $001380  kind=static_target
$04BF12  in func $04BF0C  base $001380  kind=static_target
$04BF5A  in func $04BF58  base $001380  kind=static_target
$04C01A  in func $04C014  base $04C01E  kind=fallback_hybrid/offset_table
$04C3DA  in func $04C3DA  base $01ABB6  kind=static_target
$04C3E0  in func $04C3E0  base $01ABC6  kind=static_target
$04C3F8  in func $04C3F0  base $04C3FC  kind=fallback_hybrid/function_entry
$04C5B0  in func $04C594  base $04C5B4  kind=fallback_hybrid/function_entry
$04C6EC  in func $04C6D6  base $04C6F0  kind=fallback_hybrid/function_entry
$04C7C4  in func $04C7C4  base $04C7C8  kind=fallback_hybrid/function_entry
$04D0F0  in func $04D0F0  base $01ABC6  kind=static_target
$04D35C  in func $04D342  base $01ABC6  kind=static_target
$04D3C8  in func $04D39A  base $01ABC6  kind=static_target
$04D482  in func $04D482  base $01ABC6  kind=static_target
$04D5BC  in func $04D5BC  base $01ABC6  kind=static_target
$04D5F4  in func $04D5F4  base $01ABC6  kind=static_target
$04D60A  in func $04D60A  base $01ABC6  kind=static_target
$04D648  in func $04D648  base $01ABC6  kind=static_target
$04D7A0  in func $04D7A0  base $01ABC6  kind=static_target
$04D9FE  in func $04D9FE  base $01ABC6  kind=static_target
$04DA62  in func $04DA62  base $01ABC6  kind=static_target
$04DFFA  in func $04DFEE  base $01ABC6  kind=static_target
$04E00C  in func $04E000  base $01ABC6  kind=static_target
$04E09E  in func $04E074  base $01ABC6  kind=static_target
$04E15A  in func $04E15A  base $01ABC6  kind=static_target
$04E1BE  in func $04E1BE  base $01ABC6  kind=static_target
$04E246  in func $04E23A  base $01ABC6  kind=static_target
$04E25E  in func $04E24C  base $01ABB6  kind=static_target
$04E29C  in func $04E29C  base $01ABC6  kind=static_target
$04E310  in func $04E310  base $01ABC6  kind=static_target
$04E80A  in func $04E800  base $04E80E  kind=fallback_hybrid/function_entry
$04EDB0  in func $04ED90  base $04EAD8  kind=static_target
$04EDD4  in func $04EDB4  base $04EAD8  kind=static_target
$04F34C  in func $04F33C  base $000000  kind=dynamic_register
$04F90E  in func $04F906  base $04ECCE  kind=static_target
$04FA18  in func $04FA0C  base $01ABB6  kind=static_target
$04FB18  in func $04FAFA  base $04F0CE  kind=static_target
$04FB42  in func $04FB1C  base $23B0D4  kind=static_target
$04FB4C  in func $04FB48  base $04FB50  kind=fallback_hybrid/function_entry
$04FBC6  in func $04FBA4  base $04F0CE  kind=static_target
$04FC08  in func $04FBF6  base $23B0D4  kind=static_target
$04FD28  in func $04FD22  base $04F072  kind=static_target
$04FD58  in func $04FD52  base $04F072  kind=static_target
$04FE34  in func $04FE2E  base $04F072  kind=static_target
$04FE62  in func $04FE4A  base $01E2A6  kind=static_target
$04FF12  in func $04FF0A  base $04ECCE  kind=static_target
$04FF22  in func $04FF16  base $04FF26  kind=fallback_hybrid/function_entry
$050004  in func $04FFF0  base $04EE20  kind=static_target
$050052  in func $050052  base $04ED90  kind=static_target
$0500B0  in func $0500A0  base $23B680  kind=static_target
$0500CE  in func $0500B6  base $0500D2  kind=fallback_hybrid/function_entry
$05010C  in func $0500EA  base $04F072  kind=static_target
$050144  in func $050144  base $04F072  kind=static_target
$050276  in func $050260  base $04F3D4  kind=static_target
$0502C2  in func $0502C2  base $04F3D4  kind=static_target
$050460  in func $050458  base $01ABB6  kind=static_target
$050476  in func $050466  base $01ABC6  kind=static_target
$0504BA  in func $0504B4  base $0504BE  kind=fallback_hybrid/function_entry
$0504F2  in func $0504EE  base $01ABC6  kind=static_target
$0505F6  in func $0505E4  base $01ABB6  kind=static_target
$05060E  in func $05060E  base $01ABC6  kind=static_target
$05063A  in func $050632  base $01ABB6  kind=static_target
$050692  in func $05068A  base $01ABB6  kind=static_target
$0506B6  in func $050698  base $01ABC6  kind=static_target
$05072C  in func $050712  base $01ABB6  kind=static_target
$050B86  in func $050B7E  base $04ECCE  kind=static_target
$050B8A  in func $050B8A  base $04ED90  kind=static_target
$050BBA  in func $050BB0  base $04F0CE  kind=static_target
$050BC2  in func $050BBE  base $050BC6  kind=fallback_hybrid/function_entry
$050C48  in func $050C2A  base $04F0CE  kind=static_target
$050CFA  in func $050CDC  base $04F0CE  kind=static_target
$050E8C  in func $050E88  base $04ECCE  kind=static_target
$050E98  in func $050E90  base $04ED90  kind=static_target
$050ECC  in func $050EC0  base $04F072  kind=static_target
$050EEE  in func $050ED0  base $04F0CE  kind=static_target
$050EF6  in func $050EF2  base $050EFA  kind=fallback_hybrid/function_entry
$050FEC  in func $050FCE  base $04F3D4  kind=static_target
$0510E2  in func $0510DA  base $01ABB6  kind=static_target
$051112  in func $0510E8  base $01DCB6  kind=static_target
$051120  in func $051118  base $04ECCE  kind=static_target
$051130  in func $051124  base $04ED90  kind=static_target
$05114C  in func $051134  base $04F0CE  kind=static_target
$051154  in func $051150  base $051158  kind=fallback_hybrid/function_entry
$0511C4  in func $0511B0  base $04F3D4  kind=static_target
$051278  in func $051268  base $04F0CE  kind=static_target
$0512BA  in func $0512A6  base $04ECCE  kind=static_target
$0512D8  in func $0512D0  base $0512DC  kind=fallback_hybrid/function_entry
$0512F6  in func $0512E8  base $04ED90  kind=static_target
$051316  in func $05130C  base $04ED90  kind=static_target
$051328  in func $05131A  base $04EE9E  kind=static_target
$051348  in func $051342  base $04ED90  kind=static_target
$0514E4  in func $0514D8  base $0514E8  kind=fallback_hybrid/function_entry
$0516B8  in func $0516B4  base $0516BC  kind=fallback_hybrid/function_entry
$051812  in func $05180A  base $01ABB6  kind=static_target
$05183C  in func $051818  base $01DCB6  kind=static_target
$0518F4  in func $0518CA  base $04F0CE  kind=static_target
$0518FC  in func $0518F8  base $051900  kind=fallback_hybrid/function_entry
$051962  in func $051926  base $0569DC  kind=static_target
$0519D8  in func $0519CC  base $0519DC  kind=fallback_hybrid/function_entry
$051AEC  in func $051AE6  base $01ABB6  kind=static_target
$051B3E  in func $051B1C  base $01ABB6  kind=static_target
$051B98  in func $051B94  base $04ECCE  kind=static_target
$051BA6  in func $051B9C  base $04ED62  kind=static_target
$051C82  in func $051C6C  base $04F0CE  kind=static_target
$051C8A  in func $051C86  base $051C8E  kind=fallback_hybrid/function_entry
$051D16  in func $051CFA  base $04F0CE  kind=static_target
$051D2A  in func $051D26  base $04F072  kind=static_target
$051D4C  in func $051D2E  base $04F072  kind=static_target
$051D6A  in func $051D50  base $04F386  kind=static_target
$051DAA  in func $051D82  base $04F386  kind=static_target
$051E3E  in func $051E12  base $04F072  kind=static_target
$051F30  in func $051F28  base $04F072  kind=static_target
$051FD4  in func $051FCE  base $051FD8  kind=fallback_hybrid/function_entry
$0520E2  in func $0520DE  base $01ABB6  kind=static_target
$05210C  in func $052108  base $04ECCE  kind=static_target
$052142  in func $052138  base $04ED62  kind=static_target
$05214A  in func $052146  base $05214E  kind=fallback_hybrid/function_entry
$052200  in func $052200  base $04ED90  kind=static_target
$052220  in func $052204  base $04F0CE  kind=static_target
$052228  in func $052224  base $05222C  kind=fallback_hybrid/function_entry
$05229C  in func $052280  base $04F3D4  kind=static_target
$0523E4  in func $0523CA  base $085E3A  kind=static_target
$052420  in func $05241C  base $04ECCE  kind=static_target
$05243E  in func $05242E  base $052442  kind=fallback_hybrid/function_entry
$052482  in func $052482  base $04ED90  kind=static_target
$05251E  in func $052512  base $04ED62  kind=static_target
$0525C8  in func $0525BA  base $04ED62  kind=static_target
$05266E  in func $052662  base $04ED62  kind=static_target
$052726  in func $052714  base $04ED62  kind=static_target
$0527BE  in func $0527AC  base $04ED62  kind=static_target
$05280C  in func $052800  base $04ED62  kind=static_target
$052828  in func $052828  base $04ED90  kind=static_target
$0528A0  in func $05286A  base $04F0CE  kind=static_target
$0528BA  in func $0528A4  base $04F0CE  kind=static_target
$0528C2  in func $0528BE  base $0528C6  kind=fallback_hybrid/function_entry
$052A26  in func $052A22  base $04F0CE  kind=static_target
$052ABE  in func $052AB2  base $052AC2  kind=fallback_hybrid/function_entry
$052E30  in func $052E2C  base $04ECCE  kind=static_target
$052E40  in func $052E34  base $052E44  kind=fallback_hybrid/function_entry
$052E6E  in func $052E5E  base $052E72  kind=fallback_hybrid/function_entry
$052F0C  in func $052EFC  base $04ED62  kind=static_target
$052F10  in func $052F10  base $04ED90  kind=static_target
$052F18  in func $052F14  base $04ED90  kind=static_target
$053018  in func $053002  base $04F0CE  kind=static_target
$053020  in func $05301C  base $053024  kind=fallback_hybrid/function_entry
$0530E8  in func $0530E0  base $04F3D4  kind=static_target
$053240  in func $053234  base $053244  kind=fallback_hybrid/function_entry
$0533C8  in func $0533B8  base $01E2A6  kind=static_target
$05349C  in func $05347C  base $01ABC6  kind=static_target
$053512  in func $0534C6  base $01ABC6  kind=static_target
$05365E  in func $053648  base $04ECCE  kind=static_target
$053666  in func $053662  base $05366A  kind=fallback_hybrid/function_entry
$0536A8  in func $0536A8  base $04ED90  kind=static_target
$053700  in func $0536DC  base $04F0CE  kind=static_target
$053720  in func $053704  base $04F072  kind=static_target
$053728  in func $053724  base $05372C  kind=fallback_hybrid/function_entry
$0537A4  in func $053780  base $04F3D4  kind=static_target
$0537C2  in func $0537BA  base $04F3D4  kind=static_target
$053882  in func $05387E  base $04F072  kind=static_target
$05393C  in func $053938  base $04F072  kind=static_target
$053A54  in func $053A4C  base $01ABB6  kind=static_target
$053BE8  in func $053BD4  base $01ABB6  kind=static_target
$053BFE  in func $053BFE  base $01ABC6  kind=static_target
$053CC8  in func $053CC4  base $04ECCE  kind=static_target
$053CCC  in func $053CCC  base $04ED90  kind=static_target
$053D28  in func $053D10  base $04F0CE  kind=static_target
$053D50  in func $053D2C  base $04F0CE  kind=static_target
$053D58  in func $053D54  base $053D5C  kind=fallback_hybrid/function_entry
$053DD4  in func $053DCA  base $04F0CE  kind=static_target
$053E58  in func $053E3E  base $04F0CE  kind=static_target
$053F1E  in func $053F0A  base $04ECCE  kind=static_target
$053F4C  in func $053F22  base $04ED62  kind=static_target
$053F66  in func $053F50  base $04ED62  kind=static_target
$053F82  in func $053F6A  base $04ED62  kind=static_target
$053FA2  in func $053F98  base $04ED62  kind=static_target
$053FB4  in func $053FAE  base $23E526  kind=static_target
$053FC2  in func $053FBA  base $23E506  kind=static_target
$053FCE  in func $053FC8  base $23E4EC  kind=static_target
$053FDC  in func $053FD4  base $23E4D0  kind=static_target
$053FF4  in func $053FE2  base $04EE9E  kind=static_target
$05416C  in func $054164  base $01ABB6  kind=static_target
$054196  in func $054172  base $01DCB6  kind=static_target
$0541EC  in func $0541C6  base $04F0CE  kind=static_target
$0541F4  in func $0541F0  base $0541F8  kind=fallback_hybrid/function_entry
$054278  in func $054248  base $04F3D4  kind=static_target
$054336  in func $05432E  base $04F0CE  kind=static_target
$054368  in func $054348  base $04ECCE  kind=static_target
$054378  in func $05436C  base $05437C  kind=fallback_hybrid/function_entry
$05439A  in func $054384  base $04ED62  kind=static_target
$05439E  in func $05439E  base $04ED90  kind=static_target
$0543C8  in func $0543C8  base $04ED90  kind=static_target
$054440  in func $054436  base $04F0CE  kind=static_target
$054448  in func $054444  base $05444C  kind=fallback_hybrid/function_entry
$0544C2  in func $0544A4  base $04F3D4  kind=static_target
$054604  in func $0545DE  base $04F3D4  kind=static_target
$054B1C  in func $054B18  base $04ECCE  kind=static_target
$054B7C  in func $054B7C  base $04ED90  kind=static_target
$054BBE  in func $054BA4  base $04F072  kind=static_target
$054C64  in func $054C3C  base $04F072  kind=static_target
$054D88  in func $054D7C  base $04ECCE  kind=static_target
$054D98  in func $054D8C  base $054D9C  kind=fallback_hybrid/function_entry
$054DBA  in func $054DBA  base $04ED90  kind=static_target
$054E82  in func $054E7E  base $04ED90  kind=static_target
$054E98  in func $054E86  base $04EDD8  kind=static_target
$054F88  in func $054F64  base $04EE20  kind=static_target
$055038  in func $055038  base $05503C  kind=fallback_hybrid/function_entry
$0551A6  in func $05519C  base $04F072  kind=static_target
$0551C2  in func $0551AA  base $0551C6  kind=fallback_hybrid/function_entry
$055232  in func $055222  base $04F072  kind=static_target
$0552F4  in func $0552E4  base $04F072  kind=static_target
$0554B4  in func $0554B4  base $04F3D4  kind=static_target
$055770  in func $05576A  base $01ABB6  kind=static_target
$055776  in func $055776  base $01ABC6  kind=static_target
$0557D4  in func $0557D4  base $01ABB6  kind=static_target
$05580C  in func $0557EC  base $01040C  kind=static_target
$055838  in func $05582E  base $01ABC6  kind=static_target
$055A48  in func $055A44  base $04ECCE  kind=static_target
$055A54  in func $055A4C  base $04ED90  kind=static_target
$055A76  in func $055A58  base $055DF2  kind=static_target
$055A7E  in func $055A7A  base $055A82  kind=fallback_hybrid/function_entry
$055B00  in func $055ADE  base $055DF2  kind=static_target
$055BB0  in func $055BA2  base $04F3D4  kind=static_target
$055C0C  in func $055BFE  base $055E4C  kind=static_target
$055C4A  in func $055C4A  base $055E4C  kind=static_target
$055E48  in func $055DF2  base $04F1F0  kind=static_target
$055F4E  in func $055F48  base $055F52  kind=fallback_hybrid/function_entry
$055F90  in func $055F90  base $01ABB6  kind=static_target
$055FC4  in func $055FBE  base $01ABB6  kind=static_target
$055FD4  in func $055FCA  base $01ABC6  kind=static_target
$056050  in func $056050  base $01ABC6  kind=static_target
$05605C  in func $056056  base $01ABB6  kind=static_target
$05609C  in func $05609C  base $01ABC6  kind=static_target
$0561B6  in func $0561B0  base $04ECCE  kind=static_target
$0561C8  in func $0561BC  base $0561CC  kind=fallback_hybrid/function_entry
$056226  in func $056226  base $04ED90  kind=static_target
$05628E  in func $056278  base $04F072  kind=static_target
$056298  in func $056294  base $05629C  kind=fallback_hybrid/function_entry
$0563D2  in func $0563C0  base $04F072  kind=static_target
$05644C  in func $056440  base $0569DC  kind=static_target
$056480  in func $056474  base $0569DC  kind=static_target
$05650A  in func $05650A  base $04F072  kind=static_target
$056614  in func $0565F4  base $04F3D4  kind=static_target
$0566CC  in func $0566C6  base $04F3D4  kind=static_target
$056740  in func $056706  base $056744  kind=fallback_hybrid/function_entry
$056B0A  in func $056B04  base $04ECCE  kind=static_target
$056B58  in func $056B54  base $04ED62  kind=static_target
$056B5E  in func $056B5E  base $04ED90  kind=static_target
$056BB4  in func $056B88  base $04F0CE  kind=static_target
$056BBE  in func $056BBA  base $056BC2  kind=fallback_hybrid/function_entry
$056C68  in func $056C68  base $04F3D4  kind=static_target
$056C82  in func $056C76  base $04F3D4  kind=static_target
$056D3A  in func $056D16  base $04F3D4  kind=static_target
$056DFA  in func $056DFA  base $056DFE  kind=fallback_hybrid/function_entry
$056E62  in func $056E52  base $056C76  kind=static_target
$056E9C  in func $056E66  base $056C8C  kind=static_target
$056EC8  in func $056EC2  base $01ABB6  kind=static_target
$056FAC  in func $056FA6  base $04ECCE  kind=static_target
$056FBA  in func $056FB2  base $04ED90  kind=static_target
$056FF2  in func $056FD2  base $04F0CE  kind=static_target
$056FFC  in func $056FF8  base $057000  kind=fallback_hybrid/function_entry
$05707C  in func $05705C  base $04F3D4  kind=static_target
$05712A  in func $05711E  base $01ABB6  kind=static_target
$05717C  in func $057176  base $01ABC6  kind=static_target
$057298  in func $05728E  base $04ECCE  kind=static_target
$0572AA  in func $05729E  base $0572AE  kind=fallback_hybrid/function_entry
$0572C8  in func $0572BA  base $04ED90  kind=static_target
$05735A  in func $05734E  base $04EE9E  kind=static_target
$0574D6  in func $0574B0  base $04EAD8  kind=static_target
$057864  in func $057854  base $04F072  kind=static_target
$05788C  in func $05786A  base $04F0CE  kind=static_target
$057896  in func $057892  base $05789A  kind=fallback_hybrid/function_entry
$057910  in func $0578F0  base $04F28C  kind=static_target
$0579BE  in func $05799A  base $04F072  kind=static_target
$0579CC  in func $0579C4  base $04F0CE  kind=static_target
$057BAC  in func $057B8E  base $01E2FE  kind=static_target
$057C18  in func $057BF6  base $01ABC6  kind=static_target
$057DC0  in func $057DB6  base $01ABB6  kind=static_target
$057DC6  in func $057DC6  base $045866  kind=static_target
$057E2C  in func $057DFA  base $01ABB6  kind=static_target
$057E8E  in func $057E64  base $01ABB6  kind=static_target
$057EB6  in func $057EB0  base $057EBA  kind=fallback_hybrid/function_entry
$0580C6  in func $05806E  base $001380  kind=static_target
$05818C  in func $058170  base $012D22  kind=static_target
$0581EA  in func $0581D2  base $085E3A  kind=static_target
$05822E  in func $05821E  base $01ABC6  kind=static_target
$0582A6  in func $0582A6  base $01ABC6  kind=static_target
$05835A  in func $05835A  base $01ABC6  kind=static_target
$05839A  in func $05838C  base $01ABC6  kind=static_target
$0583AC  in func $0583A6  base $01ABB6  kind=static_target
$0583B8  in func $0583B2  base $01ABC6  kind=static_target
$058416  in func $058400  base $01ABB6  kind=static_target
$0584E4  in func $0584E4  base $01ABB6  kind=static_target
$0584FC  in func $0584FC  base $01ABC6  kind=static_target
$058A9A  in func $058A92  base $04ECCE  kind=static_target
$058AAC  in func $058AA0  base $058AB0  kind=fallback_hybrid/function_entry
$058B1A  in func $058AF6  base $04ED5E  kind=static_target
$058C78  in func $058C68  base $04EAD8  kind=static_target
$058D0A  in func $058CF4  base $058FBC  kind=static_target
$058D12  in func $058D0E  base $058D16  kind=fallback_hybrid/function_entry
$058D38  in func $058D1E  base $04F3D4  kind=static_target
$058FCA  in func $058FBC  base $04F0CE  kind=static_target
$059064  in func $059064  base $04F072  kind=static_target
$059072  in func $05906A  base $04F15A  kind=static_target
$05907E  in func $059078  base $059082  kind=fallback_hybrid/function_entry
$059140  in func $059132  base $01ABB6  kind=static_target
$0591CE  in func $0591CE  base $01ABB6  kind=static_target
$059264  in func $059246  base $01ABB6  kind=static_target
$05926A  in func $05926A  base $01ABC6  kind=static_target
$059358  in func $059352  base $04ECCE  kind=static_target
$059372  in func $05935E  base $04ED62  kind=static_target
$059378  in func $059378  base $04ED90  kind=static_target
$059392  in func $05937E  base $04F072  kind=static_target
$05939C  in func $059398  base $0593A0  kind=fallback_hybrid/function_entry
$0593E6  in func $0593E6  base $04F072  kind=static_target
$059488  in func $059488  base $04F072  kind=static_target
$05949A  in func $05948E  base $04ECCE  kind=static_target
$0594A4  in func $0594A0  base $0594A8  kind=fallback_hybrid/function_entry
$0594D4  in func $0594B4  base $04ED62  kind=static_target
$0594F2  in func $0594DA  base $04ED62  kind=static_target
$0594F8  in func $0594F8  base $04ED90  kind=static_target
$059518  in func $0594FE  base $04F072  kind=static_target
$059522  in func $05951E  base $059526  kind=fallback_hybrid/function_entry
$059566  in func $059566  base $04F072  kind=static_target
$05958E  in func $05957A  base $04ECCE  kind=static_target
$05959C  in func $059594  base $0595A0  kind=fallback_hybrid/function_entry
$059640  in func $05961E  base $04EAD8  kind=static_target
$05972A  in func $059724  base $04ECCE  kind=static_target
$059730  in func $059730  base $04ED90  kind=static_target
$059746  in func $059736  base $04F072  kind=static_target
$059756  in func $05974C  base $04F072  kind=static_target
$05979E  in func $05979A  base $0597A2  kind=fallback_hybrid/function_entry
$0597DE  in func $0597AA  base $04ED6C  kind=static_target
$05982C  in func $0597E4  base $04EAD8  kind=static_target
$059864  in func $059850  base $059990  kind=static_target
$059AFE  in func $059AF8  base $04ECCE  kind=static_target
$059B08  in func $059B04  base $059B0C  kind=fallback_hybrid/function_entry
$059B72  in func $059B46  base $04ED62  kind=static_target
$059BF4  in func $059BF4  base $04ED90  kind=static_target
$059C40  in func $059C26  base $059DDE  kind=static_target
$059C48  in func $059C44  base $059C4C  kind=fallback_hybrid/function_entry
$059C88  in func $059C88  base $059DDE  kind=static_target
$059CD4  in func $059CCA  base $059DDE  kind=static_target
$059D7E  in func $059D74  base $059DDE  kind=static_target
$059DF2  in func $059DF2  base $04F072  kind=static_target
$059E5A  in func $059E52  base $059E5E  kind=fallback_hybrid/function_entry
$059FA2  in func $059F8E  base $010366  kind=static_target
$05A152  in func $05A14C  base $04ECCE  kind=static_target
$05A198  in func $05A176  base $04ED62  kind=static_target
$05A19E  in func $05A19E  base $04ED90  kind=static_target
$05A206  in func $05A1DA  base $04F0CE  kind=static_target
$05A210  in func $05A20C  base $05A214  kind=fallback_hybrid/function_entry
$05A282  in func $05A262  base $04F3D4  kind=static_target
$05A304  in func $05A2E4  base $04F3D4  kind=static_target
$05A47C  in func $05A442  base $04ECEC  kind=static_target
$05A48E  in func $05A482  base $05A492  kind=fallback_hybrid/function_entry
$05A554  in func $05A544  base $05A558  kind=fallback_hybrid/function_entry
$05A692  in func $05A676  base $05A696  kind=fallback_hybrid/function_entry
$05A766  in func $05A74E  base $04F3D4  kind=static_target
$05A7F4  in func $05A7EC  base $01ABB6  kind=static_target
$05A86C  in func $05A860  base $01E2A6  kind=static_target
$05A8E0  in func $05A8C4  base $01B588  kind=static_target
$05A90C  in func $05A904  base $01ABB6  kind=static_target
$05A91C  in func $05A912  base $01E2A6  kind=static_target
$05A944  in func $05A922  base $01ABB6  kind=static_target
$05A954  in func $05A94C  base $01ABB6  kind=static_target
$05AA2E  in func $05AA14  base $04ECCE  kind=static_target
$05AA3C  in func $05AA34  base $04ED90  kind=static_target
$05AA72  in func $05AA42  base $04F0CE  kind=static_target
$05AA9C  in func $05AA78  base $04F3D4  kind=static_target
$05AAEC  in func $05AAB0  base $04ECCE  kind=static_target
$05AAF6  in func $05AAF2  base $05AAFA  kind=fallback_hybrid/function_entry
$05AEE4  in func $05AEE4  base $04ED90  kind=static_target
$05AF24  in func $05AF08  base $04F0CE  kind=static_target
$05AF2E  in func $05AF2A  base $05AF32  kind=fallback_hybrid/function_entry
$05AFC2  in func $05AFC2  base $000000  kind=dynamic_register
$05B034  in func $05B020  base $23B0D4  kind=static_target
$05B0A4  in func $05B0A0  base $058D44  kind=static_target
$05B196  in func $05B18E  base $05B19A  kind=fallback_hybrid/offset_table
$05B1E6  in func $05B1D2  base $00172C  kind=static_target
$05B470  in func $05B46C  base $000000  kind=dynamic_register
$05B4CE  in func $05B4C4  base $001AD2  kind=static_target
$05B4F2  in func $05B4E8  base $001AD2  kind=static_target
$05B4FE  in func $05B4F8  base $00172C  kind=static_target
$05C57C  in func $05C57C  base $01ABC6  kind=static_target
$05C59C  in func $05C588  base $01ABC6  kind=static_target
$05C674  in func $05C660  base $01ABC6  kind=static_target
$05C6C6  in func $05C6B6  base $084512  kind=static_target
$05C704  in func $05C6F4  base $084512  kind=static_target
$05C76A  in func $05C76A  base $01ABC6  kind=static_target
$05C7A4  in func $05C790  base $01ABC6  kind=static_target
$05C80E  in func $05C80E  base $015862  kind=static_target
$05C826  in func $05C826  base $015862  kind=static_target
$05C832  in func $05C82C  base $01ABB6  kind=static_target
$05C852  in func $05C838  base $000000  kind=dynamic_register
$05C8C2  in func $05C8B8  base $01ABC6  kind=static_target
$05C8DC  in func $05C8C8  base $01ABC6  kind=static_target
$05C956  in func $05C94C  base $084512  kind=static_target
$05C9BE  in func $05C972  base $001AD2  kind=static_target
$05C9D6  in func $05C9C4  base $01ABC6  kind=static_target
$05CA14  in func $05CA14  base $01ABC6  kind=static_target
$05CA72  in func $05CA68  base $01ABC6  kind=static_target
$05CAA8  in func $05CA9E  base $01ABC6  kind=static_target
$05D896  in func $05D886  base $01ABC6  kind=static_target
$05D9E8  in func $05D9B8  base $001AD2  kind=static_target
$05DC92  in func $05DC2C  base $084060  kind=static_target
$05DD2E  in func $05DD0E  base $084060  kind=static_target
$05DE5A  in func $05DE46  base $01ABB6  kind=static_target
$05DE6E  in func $05DE60  base $01ABC6  kind=static_target
$05DEF6  in func $05DEF0  base $01AB52  kind=static_target
$05DF2E  in func $05DF2E  base $0852A0  kind=static_target
$05DFAC  in func $05DFA6  base $084920  kind=static_target
$05DFD2  in func $05DFCC  base $084920  kind=static_target
$05DFE8  in func $05DFD8  base $084920  kind=static_target
$05E084  in func $05E07A  base $001AD2  kind=static_target
$05E0D0  in func $05E0D0  base $01ABC6  kind=static_target
$05E0EA  in func $05E0D6  base $01ABC6  kind=static_target
$05E282  in func $05E258  base $001AD2  kind=static_target
$05E2BC  in func $05E288  base $085FA0  kind=static_target
$05E322  in func $05E316  base $001AD2  kind=static_target
$05E3AE  in func $05E39E  base $08648C  kind=static_target
$05E3E8  in func $05E3DA  base $01ABC6  kind=static_target
$05E40C  in func $05E40C  base $01ABC6  kind=static_target
$05E4DC  in func $05E4DC  base $01ABC6  kind=static_target
$05E4F8  in func $05E4F0  base $01ABC6  kind=static_target
$05E4FE  in func $05E4FE  base $0852A0  kind=static_target
$05E58E  in func $05E58E  base $01ABC6  kind=static_target
$05E5D4  in func $05E5D4  base $01ABC6  kind=static_target
$05E60C  in func $05E60C  base $01ABC6  kind=static_target
$05E6BA  in func $05E6BA  base $01ABC6  kind=static_target
$05E6F6  in func $05E6E6  base $01ABC6  kind=static_target
$05E804  in func $05E7CC  base $001AD2  kind=static_target
$05E910  in func $05E890  base $084060  kind=static_target
$05E984  in func $05E936  base $085940  kind=static_target
$05EA4C  in func $05EA4C  base $01ABB6  kind=static_target
$05EA64  in func $05EA52  base $084920  kind=static_target
$05EAD6  in func $05EAC6  base $084060  kind=static_target
$05EAEE  in func $05EADC  base $0843AE  kind=static_target
$05EB66  in func $05EB5C  base $05EB6A  kind=fallback_hybrid/offset_table
$05EBC0  in func $05EBB4  base $084920  kind=static_target
$05EBEA  in func $05EBE4  base $084920  kind=static_target
$05EC30  in func $05EC14  base $01ABC6  kind=static_target
$05EC36  in func $05EC36  base $01ABB6  kind=static_target
$05EC88  in func $05EC88  base $01ABC6  kind=static_target
$05ECAE  in func $05ECA8  base $08498C  kind=static_target
$05ED30  in func $05ED18  base $01ABC6  kind=static_target
$05ED64  in func $05ED4A  base $01ABC6  kind=static_target
$05EDA6  in func $05EDA6  base $01ABC6  kind=static_target
$05EDEC  in func $05EDE6  base $05EDF0  kind=fallback_hybrid/offset_table
$05EF22  in func $05EF0E  base $01ABC6  kind=static_target
$05EF50  in func $05EF3E  base $01ABC6  kind=static_target
$05EF56  in func $05EF56  base $01ABB6  kind=static_target
$05EF62  in func $05EF5C  base $01ABC6  kind=static_target
$05EFB4  in func $05EFAA  base $000000  kind=dynamic_register
$05F1A8  in func $05F18A  base $000000  kind=dynamic_register
$05F1FE  in func $05F1F6  base $01ABC6  kind=static_target
$05F204  in func $05F204  base $0852A0  kind=static_target
$05F2DC  in func $05F2D8  base $084060  kind=static_target
$05F30E  in func $05F2F8  base $01ABC6  kind=static_target
$05F398  in func $05F398  base $01ABC6  kind=static_target
$05F3A4  in func $05F39E  base $01ABC6  kind=static_target
$05F3CC  in func $05F3AA  base $084060  kind=static_target
$05F3E4  in func $05F3DA  base $01ABC6  kind=static_target
$05F40A  in func $05F400  base $01ABC6  kind=static_target
$05F47A  in func $05F46A  base $01ABC6  kind=static_target
$05F4F4  in func $05F4E4  base $01ABC6  kind=static_target
$05F5AE  in func $05F59A  base $001AD2  kind=static_target
$05F5D0  in func $05F5C2  base $01ABC6  kind=static_target
$05F64E  in func $05F644  base $001AD2  kind=static_target
$05F6E4  in func $05F6DA  base $01ABC6  kind=static_target
$05F718  in func $05F712  base $01ABC6  kind=static_target
$05F738  in func $05F71E  base $01ABC6  kind=static_target
$05F7C6  in func $05F7AC  base $001AD2  kind=static_target
$05F7D2  in func $05F7CC  base $08598A  kind=static_target
$05F7FC  in func $05F7EA  base $084060  kind=static_target
$05F826  in func $05F802  base $084580  kind=static_target
$05F82C  in func $05F82C  base $08459C  kind=static_target
$05F846  in func $05F832  base $084580  kind=static_target
$05F894  in func $05F85A  base $084580  kind=static_target
$05F938  in func $05F92E  base $001AD2  kind=static_target
$05F946  in func $05F946  base $01ABC6  kind=static_target
$05F980  in func $05F970  base $001AD2  kind=static_target
$05FAC8  in func $05FAB4  base $01ABC6  kind=static_target
$05FB14  in func $05FB14  base $01ABC6  kind=static_target
$05FB9A  in func $05FB90  base $01ABC6  kind=static_target
$05FC88  in func $05FC78  base $0852A0  kind=static_target
$05FCF6  in func $05FCEC  base $08598A  kind=static_target
$05FD82  in func $05FD82  base $01ABB6  kind=static_target
$05FD9A  in func $05FD88  base $085FA0  kind=static_target
$05FE18  in func $05FE10  base $01ABB6  kind=static_target
$05FFCE  in func $05FFBE  base $0852A0  kind=static_target
$060D10  in func $060D10  base $01ABC6  kind=static_target
$060D2C  in func $060D1E  base $01ABC6  kind=static_target
$060D52  in func $060D52  base $01ABC6  kind=static_target
$060D90  in func $060D7E  base $01ABC6  kind=static_target
$060DA6  in func $060D96  base $0852A0  kind=static_target
$060E46  in func $060E46  base $01ABC6  kind=static_target
$060E86  in func $060E80  base $01ABC6  kind=static_target
$060E9C  in func $060E8C  base $01ABC6  kind=static_target
$060F22  in func $060F0E  base $01ABC6  kind=static_target
$060F28  in func $060F28  base $01ABB6  kind=static_target
$060F6C  in func $060F64  base $01ABB6  kind=static_target
$060F88  in func $060F80  base $01ABB6  kind=static_target
$060F8E  in func $060F8E  base $01ABC6  kind=static_target
$061018  in func $061012  base $01ABC6  kind=static_target
$06103E  in func $06103E  base $01ABC6  kind=static_target
$061070  in func $061050  base $01ABB8  kind=static_target
$0610DA  in func $0610C6  base $01ABC6  kind=static_target
$06112A  in func $061120  base $001358  kind=static_target
$061156  in func $06114E  base $0860F2  kind=static_target
$0611D0  in func $061176  base $001380  kind=static_target
$0611FA  in func $0611D6  base $001358  kind=static_target
$061224  in func $061200  base $001358  kind=static_target
$06124E  in func $06122A  base $001358  kind=static_target
$06131E  in func $061314  base $000000  kind=dynamic_register
$061382  in func $061362  base $084220  kind=static_target
$061676  in func $06166A  base $01ABB6  kind=static_target
$0617B2  in func $061794  base $0860F2  kind=static_target
$0617B8  in func $0617B8  base $084400  kind=static_target
$0617D6  in func $0617BE  base $01ABC6  kind=static_target
$0618DE  in func $0618D0  base $0851D8  kind=static_target
$061922  in func $061918  base $01ABC6  kind=static_target
$061964  in func $061928  base $01ABC6  kind=static_target
$061988  in func $06196A  base $0851CC  kind=static_target
$061D5C  in func $061D4C  base $000000  kind=dynamic_register
$061DAA  in func $061D92  base $01ABC6  kind=static_target
$061DEE  in func $061DBE  base $084060  kind=static_target
$061E1E  in func $061E02  base $085940  kind=static_target
$061E64  in func $061E64  base $08488A  kind=static_target
$061EA2  in func $061E96  base $08488A  kind=static_target
$061EE6  in func $061EE0  base $08488A  kind=static_target
$061F1C  in func $061F10  base $01AB52  kind=static_target
$061F5A  in func $061F44  base $0852A0  kind=static_target
$061F7C  in func $061F70  base $01ABC6  kind=static_target
$061F92  in func $061F82  base $0216B0  kind=static_target
$061FB0  in func $061F98  base $01ABC6  kind=static_target
$062014  in func $062014  base $08488A  kind=static_target
$062036  in func $062022  base $084404  kind=static_target
$062074  in func $06206E  base $08488A  kind=static_target
$0620E4  in func $0620E4  base $084400  kind=static_target
$06210C  in func $0620EA  base $01DCB6  kind=static_target
$06213C  in func $062112  base $085208  kind=static_target
$062158  in func $062158  base $01ABB6  kind=static_target
$0621FA  in func $0621D6  base $085940  kind=static_target
$062210  in func $062200  base $08488A  kind=static_target
$06227A  in func $062274  base $0852A0  kind=static_target
$0622CA  in func $06229E  base $01ABC6  kind=static_target
$06232C  in func $062318  base $084060  kind=static_target
$062338  in func $062332  base $085CA4  kind=static_target
$06235A  in func $062354  base $08488A  kind=static_target
$062452  in func $06244C  base $0852A0  kind=static_target
$06247A  in func $062458  base $01DCB6  kind=static_target
$0624CA  in func $0624CA  base $01ABB6  kind=static_target
$06250A  in func $0624DE  base $085208  kind=static_target
$062548  in func $062528  base $085940  kind=static_target
$0625C4  in func $0625BE  base $08488A  kind=static_target
$06263A  in func $062630  base $0852A0  kind=static_target
$062662  in func $062640  base $085208  kind=static_target
$0626A6  in func $062678  base $084060  kind=static_target
$0626AC  in func $0626AC  base $0851D8  kind=static_target
$0626EE  in func $0626EE  base $08459C  kind=static_target
$062720  in func $0626F4  base $00172C  kind=static_target
$06275A  in func $06273E  base $084220  kind=static_target
$062784  in func $062778  base $084400  kind=static_target
$0627C0  in func $06278A  base $0852A0  kind=static_target
$062854  in func $06284E  base $0850D4  kind=static_target
$0628A4  in func $0628A0  base $08488A  kind=static_target
$0628CC  in func $0628AA  base $085208  kind=static_target
$062908  in func $0628E0  base $084114  kind=static_target
$06292C  in func $062928  base $0845A0  kind=static_target
$06295E  in func $06295E  base $084400  kind=static_target
$062974  in func $062964  base $084400  kind=static_target
$0629C8  in func $0629C0  base $084BC0  kind=static_target
$062A22  in func $062A22  base $0850D4  kind=static_target
$062A98  in func $062A98  base $0850D4  kind=static_target
$062ABC  in func $062AAE  base $0850D4  kind=static_target
$062AF6  in func $062AEE  base $01B588  kind=static_target
$062B52  in func $062B3A  base $085208  kind=static_target
$062BAC  in func $062BA2  base $085940  kind=static_target
$062BCE  in func $062BC0  base $01AB52  kind=static_target
$062C54  in func $062C42  base $01ABC6  kind=static_target
$062C8A  in func $062C76  base $084580  kind=static_target
$062C9E  in func $062C90  base $01AB52  kind=static_target
$062CCC  in func $062CA4  base $062CD0  kind=fallback_hybrid/offset_table
$062DA6  in func $062D70  base $0852A0  kind=static_target
$062DFE  in func $062DDC  base $08458E  kind=static_target
$062E22  in func $062E1A  base $01ABB6  kind=static_target
$062E56  in func $062E56  base $01ABC6  kind=static_target
$062E64  in func $062E5C  base $01ABC6  kind=static_target
$062ECA  in func $062ECA  base $01ABC6  kind=static_target
$062EF6  in func $062EF6  base $01ABC6  kind=static_target
$062F46  in func $062F46  base $085070  kind=static_target
$062F6C  in func $062F6C  base $085070  kind=static_target
$062FAE  in func $062FA2  base $01ABC6  kind=static_target
$062FD4  in func $062FCA  base $01ABC6  kind=static_target
$063006  in func $062FFC  base $0852A0  kind=static_target
$06306E  in func $06306E  base $084920  kind=static_target
$0630B8  in func $0630A6  base $084920  kind=static_target
$063114  in func $0630E0  base $085208  kind=static_target
$063124  in func $06311A  base $0852A0  kind=static_target
$06316A  in func $063134  base $084060  kind=static_target
$06321A  in func $06320E  base $08458E  kind=static_target
$063302  in func $0632F8  base $001AD2  kind=static_target
$06331E  in func $06331E  base $084920  kind=static_target
$063388  in func $063372  base $01ABC6  kind=static_target
$063440  in func $0633D6  base $01ABB6  kind=static_target
$063480  in func $063466  base $01ABC6  kind=static_target
$0634A6  in func $06349A  base $085022  kind=static_target
$0634C4  in func $0634B8  base $085022  kind=static_target
$063546  in func $063542  base $084404  kind=static_target
$06355C  in func $06354C  base $084580  kind=static_target
$06356A  in func $063562  base $08459C  kind=static_target
$06359C  in func $06358E  base $01AB52  kind=static_target
$0635F0  in func $0635C8  base $084580  kind=static_target
$0635F6  in func $0635F6  base $08459C  kind=static_target
$06361A  in func $0635FC  base $084580  kind=static_target
$06367C  in func $06364E  base $0852A0  kind=static_target
$06374A  in func $06374A  base $01ABC6  kind=static_target
$06378A  in func $06378A  base $01ABC6  kind=static_target
$0637E6  in func $063790  base $001AD2  kind=static_target
$063840  in func $063840  base $01ABC6  kind=static_target
$06389C  in func $06389C  base $01ABC6  kind=static_target
$0638D6  in func $0638D0  base $0852A0  kind=static_target
$0638E6  in func $0638DC  base $084040  kind=static_target
$063910  in func $063910  base $084920  kind=static_target
$063956  in func $063946  base $084920  kind=static_target
$0639A0  in func $06395C  base $000000  kind=dynamic_register
$0639C6  in func $0639B6  base $000000  kind=dynamic_register
$063A10  in func $0639C8  base $001AD2  kind=static_target
$063A40  in func $063A3A  base $01ABC6  kind=static_target
$063A64  in func $063A52  base $085070  kind=static_target
$063A86  in func $063A6A  base $01ABC6  kind=static_target
$063AC4  in func $063A96  base $085940  kind=static_target
$063AEC  in func $063AE8  base $08468C  kind=static_target
$063B0A  in func $063AF2  base $084580  kind=static_target
$063B14  in func $063B10  base $08468C  kind=static_target
$063B8E  in func $063B84  base $001AD2  kind=static_target
$063C38  in func $063C14  base $085E3A  kind=static_target
$063C7A  in func $063C7A  base $01ABC6  kind=static_target
$063CA6  in func $063CA6  base $01ABC6  kind=static_target
$063CE6  in func $063CE6  base $01ABC6  kind=static_target
$063D14  in func $063D0E  base $01ABB6  kind=static_target
$063DDA  in func $063DD4  base $0852A0  kind=static_target
$063DFA  in func $063DE0  base $01ABC6  kind=static_target
$063E0E  in func $063E0A  base $085022  kind=static_target
$063E18  in func $063E14  base $085022  kind=static_target
$063ED4  in func $063EBE  base $084580  kind=static_target
$063F36  in func $063F20  base $084580  kind=static_target
$063FD2  in func $063FC0  base $084580  kind=static_target
$064016  in func $064016  base $08450E  kind=static_target
$064034  in func $06401C  base $084580  kind=static_target
$06408A  in func $064066  base $084580  kind=static_target
$064146  in func $064132  base $084580  kind=static_target
$06417E  in func $064164  base $084580  kind=static_target
$0641E6  in func $0641C4  base $084580  kind=static_target
$064252  in func $064242  base $084580  kind=static_target
$0642EA  in func $0642BC  base $084580  kind=static_target
$064350  in func $064350  base $084688  kind=static_target
$064384  in func $064356  base $001AD2  kind=static_target
$0643B8  in func $0643A4  base $084220  kind=static_target
$06445A  in func $064450  base $084580  kind=static_target
$064510  in func $0644FC  base $00172C  kind=static_target
$06456E  in func $06453C  base $084580  kind=static_target
$0645CE  in func $0645B0  base $084580  kind=static_target
$0645DA  in func $0645D4  base $08450E  kind=static_target
$06460A  in func $0645E0  base $084580  kind=static_target
$064662  in func $06463C  base $084580  kind=static_target
$0646F0  in func $0646B8  base $084580  kind=static_target
$064752  in func $06471A  base $084580  kind=static_target
$0647C0  in func $06478E  base $084580  kind=static_target
$064804  in func $0647EC  base $084580  kind=static_target
$0648B2  in func $0648B2  base $084688  kind=static_target
$0648DC  in func $0648B8  base $084580  kind=static_target
$06497E  in func $064964  base $084220  kind=static_target
$064984  in func $064984  base $084688  kind=static_target
$0649A8  in func $06498A  base $084580  kind=static_target
$0649AE  in func $0649AE  base $084688  kind=static_target
$0649D0  in func $0649B4  base $084220  kind=static_target
$064A30  in func $064A1C  base $084580  kind=static_target
$064A36  in func $064A36  base $084688  kind=static_target
$064A68  in func $064A3C  base $084580  kind=static_target
$064ABA  in func $064A8E  base $084580  kind=static_target
$064B0A  in func $064AE2  base $084580  kind=static_target
$064B64  in func $064B60  base $084580  kind=static_target
$064BB2  in func $064B80  base $084580  kind=static_target
$064BC0  in func $064BB8  base $08459C  kind=static_target
$064BF4  in func $064BC6  base $084580  kind=static_target
$064BFA  in func $064BFA  base $08450E  kind=static_target
$064C1E  in func $064C00  base $084580  kind=static_target
$064C6A  in func $064C5C  base $01ABC6  kind=static_target
$064D14  in func $064D04  base $085FA0  kind=static_target
$064E22  in func $064E00  base $085FA0  kind=static_target
$064EEC  in func $064EEC  base $01ABC6  kind=static_target
$064EFE  in func $064EF2  base $01ABC6  kind=static_target
$064F1A  in func $064F04  base $084060  kind=static_target
$064F6A  in func $064F66  base $01ABC6  kind=static_target
$064F9A  in func $064F8A  base $084914  kind=static_target
$064FD6  in func $064FD2  base $084914  kind=static_target
$064FFA  in func $064FDC  base $084914  kind=static_target
$065028  in func $065000  base $0852A0  kind=static_target
$065042  in func $06502E  base $084060  kind=static_target
$065056  in func $065048  base $084920  kind=static_target
$0650A0  in func $06509A  base $084920  kind=static_target
$065132  in func $065132  base $084920  kind=static_target
$065158  in func $065148  base $084920  kind=static_target
$065184  in func $06516E  base $084920  kind=static_target
$0651EC  in func $0651E2  base $01ABC6  kind=static_target
$065220  in func $06520A  base $01ABC6  kind=static_target
$065282  in func $065276  base $0850D4  kind=static_target
$06529C  in func $065296  base $0850D4  kind=static_target
$065342  in func $065342  base $0842A8  kind=static_target
$06535A  in func $065354  base $084920  kind=static_target
$0653FE  in func $0653F2  base $084C00  kind=static_target
$06544C  in func $06544C  base $084920  kind=static_target
$06547E  in func $06546E  base $084920  kind=static_target
$065494  in func $065484  base $084920  kind=static_target
$06554A  in func $06554A  base $084920  kind=static_target
$0655F4  in func $0655F4  base $01ABC6  kind=static_target
$065628  in func $06561C  base $01ABC6  kind=static_target
$065634  in func $06562E  base $01ABB6  kind=static_target
$065672  in func $065662  base $01ABC6  kind=static_target
$0656FC  in func $0656DA  base $01ABC6  kind=static_target
$065714  in func $065702  base $01ABC6  kind=static_target
$065758  in func $06574E  base $085940  kind=static_target
$06578E  in func $06575E  base $001AD2  kind=static_target
$0657C8  in func $0657C4  base $084220  kind=static_target
$0657F8  in func $0657CE  base $084580  kind=static_target
$06580E  in func $0657FE  base $08459C  kind=static_target
$065870  in func $06584C  base $084580  kind=static_target
$0658B4  in func $065876  base $084580  kind=static_target
$0658EC  in func $0658BA  base $084580  kind=static_target
$065944  in func $0658F2  base $084580  kind=static_target
$0659B0  in func $065998  base $0852A0  kind=static_target
$0659C6  in func $0659C6  base $01B588  kind=static_target
$065A86  in func $065A80  base $0852A0  kind=static_target
$065AAA  in func $065A8C  base $01ABC6  kind=static_target
$065AFC  in func $065AF6  base $08459C  kind=static_target
$065B08  in func $065B02  base $0852A0  kind=static_target
$065B36  in func $065B24  base $01ABC6  kind=static_target
$065B3C  in func $065B3C  base $0852A0  kind=static_target
$065B6A  in func $065B5A  base $01ABC6  kind=static_target
$065BCE  in func $065BC2  base $0850D4  kind=static_target
$065BF6  in func $065BD4  base $00172C  kind=static_target
$065C3A  in func $065C3A  base $01B588  kind=static_target
$065C50  in func $065C50  base $085070  kind=static_target
$065C6C  in func $065C56  base $084220  kind=static_target
$065D52  in func $065D46  base $01B5D4  kind=static_target
$065D68  in func $065D68  base $01ABB6  kind=static_target
$065D86  in func $065D6E  base $00172C  kind=static_target
$065DD0  in func $065DD0  base $01B588  kind=static_target
$065DFC  in func $065DEC  base $01DC56  kind=static_target
$065E5C  in func $065E4C  base $01DC56  kind=static_target
$066024  in func $065FDE  base $084580  kind=static_target
$06606C  in func $066054  base $084220  kind=static_target
$0660B8  in func $0660AE  base $0857B4  kind=static_target
$06612C  in func $06612A  base $000000  kind=dynamic_register
$06614A  in func $066146  base $000000  kind=dynamic_register
$06748A  in func $067472  base $01ABC6  kind=static_target
$067514  in func $067514  base $08488A  kind=static_target
$067530  in func $06751A  base $084060  kind=static_target
$06753E  in func $067536  base $01AB52  kind=static_target
$06755C  in func $067544  base $0685E2  kind=static_target
$06756C  in func $067560  base $08488A  kind=static_target
$0675A8  in func $067594  base $067A20  kind=static_target
$06760E  in func $0675FA  base $084060  kind=static_target
$0676D2  in func $0676C6  base $08488A  kind=static_target
$0676E2  in func $0676D8  base $084220  kind=static_target
$067774  in func $067764  base $0852A0  kind=static_target
$0677C8  in func $06777A  base $084060  kind=static_target
$0677FA  in func $0677FA  base $01ABC6  kind=static_target
$067818  in func $067800  base $01ABC6  kind=static_target
$06781E  in func $06781E  base $0852A0  kind=static_target
$06785C  in func $06784A  base $084920  kind=static_target
$06789A  in func $067888  base $084920  kind=static_target
$0678F4  in func $0678DA  base $01ABC6  kind=static_target
$0678FA  in func $0678FA  base $01ABB6  kind=static_target
$067956  in func $067956  base $01ABC6  kind=static_target
$067976  in func $067976  base $01ABC6  kind=static_target
$067990  in func $06798A  base $01ABB6  kind=static_target
$067ADE  in func $067ACA  base $08498C  kind=static_target
$067B2E  in func $067B1C  base $001AD2  kind=static_target
$067B8A  in func $067B66  base $08498C  kind=static_target
$067BB0  in func $067B96  base $08498C  kind=static_target
$067C4C  in func $067C38  base $08498C  kind=static_target
$067CCC  in func $067CBA  base $084404  kind=static_target
$067CF8  in func $067CD2  base $01ABC6  kind=static_target
$067CFE  in func $067CFE  base $01ABB6  kind=static_target
$067D24  in func $067D0A  base $001AD2  kind=static_target
$067D36  in func $067D2A  base $01ABC6  kind=static_target
$067D3C  in func $067D3C  base $01ABB6  kind=static_target
$067D5A  in func $067D42  base $01ABC6  kind=static_target
$067D7E  in func $067D68  base $084060  kind=static_target
$067DEA  in func $067DD8  base $0843AE  kind=static_target
$067E22  in func $067E18  base $0852AE  kind=static_target
$067E36  in func $067E28  base $01ABC6  kind=static_target
$067E7C  in func $067E62  base $01ABC6  kind=static_target
$067E8C  in func $067E8C  base $0852AE  kind=static_target
$067EAE  in func $067E92  base $084060  kind=static_target
$067EF0  in func $067EE4  base $0843AE  kind=static_target
$067F38  in func $067F1E  base $084060  kind=static_target
$067F56  in func $067F4C  base $0852AE  kind=static_target
$067F6A  in func $067F5C  base $01ABC6  kind=static_target
$067F88  in func $067F7A  base $01ABC6  kind=static_target
$067FB0  in func $067F9A  base $084060  kind=static_target
$067FFE  in func $067FEC  base $084388  kind=static_target
$068030  in func $06802A  base $08488A  kind=static_target
$068098  in func $068074  base $01ABC6  kind=static_target
$06809E  in func $06809E  base $01ABB6  kind=static_target
$0680E6  in func $0680A4  base $084060  kind=static_target
$0680F8  in func $0680EC  base $01ABC6  kind=static_target
$068128  in func $068118  base $01ABC6  kind=static_target
$068526  in func $068508  base $0016FA  kind=static_target
$068574  in func $068574  base $08488A  kind=static_target
$0685B8  in func $0685B8  base $0856B2  kind=static_target
$068602  in func $0685FC  base $0856B2  kind=static_target
$068628  in func $068616  base $084060  kind=static_target
$068640  in func $06862E  base $084060  kind=static_target
$06869C  in func $068690  base $01ABC6  kind=static_target
$0686B8  in func $0686A2  base $0852AE  kind=static_target
$0686E2  in func $0686BE  base $0849A2  kind=static_target
$068704  in func $068704  base $0849A2  kind=static_target
$06871A  in func $06870A  base $08403C  kind=static_target
$068726  in func $068720  base $08498C  kind=static_target
$068740  in func $06872C  base $08498C  kind=static_target
$068758  in func $068754  base $08403C  kind=static_target
$06877E  in func $06877E  base $08488A  kind=static_target
$06879C  in func $06879C  base $08459C  kind=static_target
$0687CC  in func $0687B6  base $084060  kind=static_target
$0687D6  in func $0687D2  base $084060  kind=static_target
$06881E  in func $06880A  base $01ABC6  kind=static_target
$06884E  in func $068844  base $068852  kind=fallback_hybrid/offset_table
$068888  in func $06885A  base $01ABC6  kind=static_target
$068894  in func $06888E  base $01ABC6  kind=static_target
$068904  in func $0688F4  base $068908  kind=fallback_hybrid/offset_table
$06895C  in func $068956  base $084914  kind=static_target
$06898E  in func $068962  base $084060  kind=static_target
$0689A2  in func $068994  base $084914  kind=static_target
$068A68  in func $068A46  base $085940  kind=static_target
$068AB4  in func $068A94  base $084060  kind=static_target
$068AC6  in func $068ABA  base $084914  kind=static_target
$068B16  in func $068AFE  base $084060  kind=static_target
$068B2E  in func $068B28  base $084914  kind=static_target
$068B62  in func $068B5E  base $084914  kind=static_target
$068B6E  in func $068B68  base $084914  kind=static_target
$068BCA  in func $068BBC  base $084914  kind=static_target
$068BD6  in func $068BD0  base $084914  kind=static_target
$068BF0  in func $068BDC  base $01AB52  kind=static_target
$068C0C  in func $068C02  base $084060  kind=static_target
$068C26  in func $068C12  base $08498C  kind=static_target
$068C7E  in func $068C64  base $084060  kind=static_target
$068CBA  in func $068C96  base $01ABC6  kind=static_target
$068CC0  in func $068CC0  base $0852A0  kind=static_target
$068D00  in func $068CF4  base $08488A  kind=static_target
$068D42  in func $068D42  base $08488A  kind=static_target
$068D6A  in func $068D5E  base $084898  kind=static_target
$068D82  in func $068D70  base $0852A0  kind=static_target
$068D92  in func $068D88  base $068D96  kind=fallback_hybrid/offset_table
$068DD8  in func $068DD8  base $08488A  kind=static_target
$068DF4  in func $068DEE  base $084914  kind=static_target
$068E7E  in func $068E7E  base $08488A  kind=static_target
$068E92  in func $068E8C  base $08498C  kind=static_target
$068EBA  in func $068E98  base $0852D0  kind=static_target
$068FE0  in func $068FE0  base $085F86  kind=static_target
$069222  in func $0691D4  base $085940  kind=static_target
$069256  in func $06923E  base $084914  kind=static_target
$0692DC  in func $0692D8  base $084060  kind=static_target
$069326  in func $069302  base $084060  kind=static_target
$0693F4  in func $0693F0  base $08488A  kind=static_target
$069470  in func $06946A  base $08488A  kind=static_target
$06949E  in func $069482  base $084060  kind=static_target
$0694CE  in func $0694AA  base $085FDE  kind=static_target
$069520  in func $06950E  base $084220  kind=static_target
$069574  in func $06956E  base $00172C  kind=static_target
$0695C8  in func $0695AE  base $01ABB6  kind=static_target
$069610  in func $0695CE  base $084220  kind=static_target
$069648  in func $069622  base $01ABC6  kind=static_target
$06967C  in func $069678  base $084060  kind=static_target
$0696B4  in func $0696B4  base $08488A  kind=static_target
$0696D4  in func $0696CA  base $0845A0  kind=static_target
$069732  in func $069720  base $0852D0  kind=static_target
$06975A  in func $069738  base $084920  kind=static_target
$06981E  in func $06981E  base $08488A  kind=static_target
$0698B6  in func $06989E  base $084914  kind=static_target
$0698CC  in func $0698C6  base $0852A0  kind=static_target
$06993A  in func $06993A  base $084914  kind=static_target
$069940  in func $069940  base $01ABB6  kind=static_target
$069990  in func $06998A  base $01ABC6  kind=static_target
$0699BA  in func $0699B0  base $01ABC6  kind=static_target
$0699FE  in func $0699EA  base $01ABC6  kind=static_target
$069A34  in func $069A1A  base $01ABC6  kind=static_target
$069A60  in func $069A3A  base $01ABC6  kind=static_target
$069B6C  in func $069B5E  base $084060  kind=static_target
$069C56  in func $069C36  base $085F86  kind=static_target
$069C64  in func $069C5C  base $085A90  kind=static_target
$069ECC  in func $069EA0  base $084060  kind=static_target
$069F5E  in func $069F2C  base $085940  kind=static_target
$069F8C  in func $069F7A  base $084914  kind=static_target
$069FDE  in func $069FAA  base $084060  kind=static_target
$069FEA  in func $069FE4  base $08488A  kind=static_target
$06A00A  in func $06A00A  base $08488A  kind=static_target
$06A092  in func $06A08C  base $084898  kind=static_target
$06A0D2  in func $06A0C2  base $08488A  kind=static_target
$06A166  in func $06A15A  base $08488A  kind=static_target
$06A246  in func $06A242  base $084060  kind=static_target
$06A2B4  in func $06A2A0  base $08488A  kind=static_target
$06A2CA  in func $06A2BA  base $084A04  kind=static_target
$06A2F2  in func $06A2DE  base $084060  kind=static_target
$06A350  in func $06A34C  base $08488A  kind=static_target
$06A36C  in func $06A36C  base $08488A  kind=static_target
$06A37E  in func $06A37A  base $08488A  kind=static_target
$06A49C  in func $06A47C  base $084914  kind=static_target
$06A4A2  in func $06A4A2  base $0852A0  kind=static_target
$06A518  in func $06A504  base $01ABC6  kind=static_target
$06A530  in func $06A51E  base $084914  kind=static_target
$06A5AC  in func $06A57C  base $084220  kind=static_target
$06A5B6  in func $06A5B2  base $0845A0  kind=static_target
$06A5F4  in func $06A5D8  base $084404  kind=static_target
$06A612  in func $06A5FA  base $08459C  kind=static_target
$06A61C  in func $06A618  base $0845A0  kind=static_target
$06A656  in func $06A656  base $01ABC6  kind=static_target
$06A6CC  in func $06A6B8  base $08498C  kind=static_target
$06A6F4  in func $06A6E4  base $08498C  kind=static_target
$06A796  in func $06A74E  base $01ABC6  kind=static_target
$06A7B8  in func $06A79C  base $01ABC6  kind=static_target
$06A7BE  in func $06A7BE  base $01ABB6  kind=static_target
$06A86C  in func $06A86C  base $01ABB6  kind=static_target
$06A8C0  in func $06A8C0  base $01ABB6  kind=static_target
$06A8E8  in func $06A8C6  base $0852D0  kind=static_target
$06A910  in func $06A8EE  base $0852D0  kind=static_target
$06AACC  in func $06AAB6  base $084060  kind=static_target
$06ACC0  in func $06ACA6  base $085F86  kind=static_target
$06AEF8  in func $06AEC6  base $085940  kind=static_target
$06AEFE  in func $06AEFE  base $085CA4  kind=static_target
$06AF1E  in func $06AF0C  base $084914  kind=static_target
$06AF6E  in func $06AF6A  base $084060  kind=static_target
$06AF7A  in func $06AF74  base $08488A  kind=static_target
$06AFB2  in func $06AF80  base $0685E2  kind=static_target
$06AFC2  in func $06AFB6  base $08488A  kind=static_target
$06B060  in func $06B03A  base $0685E2  kind=static_target
$06B0C6  in func $06B0B0  base $0852D0  kind=static_target
$06B0E2  in func $06B0CC  base $01ABC6  kind=static_target
$06B1A2  in func $06B19C  base $0852AE  kind=static_target
$06B1BE  in func $06B1A8  base $084A1C  kind=static_target
$06B1D2  in func $06B1CE  base $084040  kind=static_target
$06B20C  in func $06B204  base $084700  kind=static_target
$06B224  in func $06B212  base $084060  kind=static_target
$06B23E  in func $06B22A  base $085E52  kind=static_target
$06B25C  in func $06B25C  base $084780  kind=static_target
$06B298  in func $06B26E  base $01ABC6  kind=static_target
$06B2F2  in func $06B2F2  base $084400  kind=static_target
$06B318  in func $06B2F8  base $084060  kind=static_target
$06B3B6  in func $06B394  base $01ABC6  kind=static_target
$06B3C2  in func $06B3BC  base $0852AE  kind=static_target
$06B3D8  in func $06B3C8  base $01ABC6  kind=static_target
$06B3F0  in func $06B3DE  base $08498C  kind=static_target
$06B450  in func $06B440  base $084400  kind=static_target
$06B498  in func $06B47A  base $08498C  kind=static_target
$06B4EC  in func $06B4C4  base $084060  kind=static_target
$06B506  in func $06B502  base $0856C4  kind=static_target
$06B580  in func $06B56C  base $08498C  kind=static_target
$06B5A8  in func $06B598  base $08498C  kind=static_target
$06B5D2  in func $06B5C4  base $084934  kind=static_target
$06B5FA  in func $06B5E6  base $0843AE  kind=static_target
$06B68E  in func $06B678  base $08488A  kind=static_target
$06B708  in func $06B6FE  base $084060  kind=static_target
$06B734  in func $06B734  base $084700  kind=static_target
$06B756  in func $06B73A  base $0852A0  kind=static_target
$06B776  in func $06B76E  base $0849F2  kind=static_target
$06B79C  in func $06B77C  base $084914  kind=static_target
$06B7B6  in func $06B7B6  base $01ABC6  kind=static_target
$06B7FE  in func $06B7FE  base $08488A  kind=static_target
$06B822  in func $06B81C  base $000000  kind=dynamic_register
$06B87C  in func $06B864  base $06BCB2  kind=static_target
$06B8C2  in func $06B8C2  base $01ABC6  kind=static_target
$06B8EA  in func $06B8C8  base $01ABB6  kind=static_target
$06BC2A  in func $06BC1C  base $085F86  kind=static_target
$06BCB0  in func $06BCAC  base $000000  kind=dynamic_register
$06BF7C  in func $06BF2A  base $085940  kind=static_target
$06BFAA  in func $06BF98  base $084914  kind=static_target
$06C00E  in func $06C00A  base $084060  kind=static_target
$06C068  in func $06C068  base $01AB52  kind=static_target
$06C07A  in func $06C06E  base $0685E2  kind=static_target
$06C0AC  in func $06C0AC  base $01AB52  kind=static_target
$06C0DE  in func $06C0D8  base $01AB52  kind=static_target
$06C0F0  in func $06C0E4  base $08488A  kind=static_target
$06C122  in func $06C122  base $08488A  kind=static_target
$06C1DE  in func $06C1D4  base $0856E8  kind=static_target
$06C1FA  in func $06C1FA  base $084114  kind=static_target
$06C2B8  in func $06C2B2  base $08488A  kind=static_target
$06C2DC  in func $06C2BE  base $084060  kind=static_target
$06C2E8  in func $06C2E2  base $0694AA  kind=static_target
$06C32C  in func $06C31A  base $084914  kind=static_target
$06C3E0  in func $06C3DC  base $084060  kind=static_target
$06C3E6  in func $06C3E6  base $08488A  kind=static_target
$06C41C  in func $06C416  base $08488A  kind=static_target
$06C436  in func $06C422  base $0685E2  kind=static_target
$06C446  in func $06C43A  base $08488A  kind=static_target
$06C4B8  in func $06C4B2  base $084898  kind=static_target
$06C4F2  in func $06C4F2  base $08488A  kind=static_target
$06C514  in func $06C514  base $0856E8  kind=static_target
$06C534  in func $06C51A  base $0685E2  kind=static_target
$06C5C0  in func $06C598  base $0685E2  kind=static_target
$06C5E2  in func $06C5C4  base $01AB52  kind=static_target
$06C640  in func $06C614  base $084060  kind=static_target
$06C6EE  in func $06C698  base $085940  kind=static_target
$06C6F4  in func $06C6F4  base $085CA4  kind=static_target
$06C714  in func $06C702  base $084914  kind=static_target
$06C77C  in func $06C778  base $084060  kind=static_target
$06C782  in func $06C782  base $08488A  kind=static_target
$06C7F8  in func $06C7F2  base $08488A  kind=static_target
$06C814  in func $06C814  base $08488A  kind=static_target
$06C85C  in func $06C856  base $08488A  kind=static_target
$06C88A  in func $06C88A  base $08488A  kind=static_target
$06C8AE  in func $06C890  base $084060  kind=static_target
$06C8EE  in func $06C8DC  base $084220  kind=static_target
$06C942  in func $06C932  base $086334  kind=static_target
$06C958  in func $06C948  base $0849C6  kind=static_target
$06C982  in func $06C97E  base $084060  kind=static_target
$06C9DC  in func $06C9CC  base $0843AE  kind=static_target
$06C9E2  in func $06C9E2  base $0852A0  kind=static_target
$06C9F8  in func $06C9E8  base $084A04  kind=static_target
$06CA52  in func $06CA4A  base $0843AE  kind=static_target
$06CAC4  in func $06CA9A  base $084060  kind=static_target
$06CB0E  in func $06CB04  base $084060  kind=static_target
$06CB44  in func $06CB38  base $08488A  kind=static_target
$06CB70  in func $06CB6A  base $08488A  kind=static_target
$06CC6C  in func $06CC58  base $08498C  kind=static_target
$06CCA2  in func $06CC72  base $0843AE  kind=static_target
$06CCDA  in func $06CCC0  base $01ABC6  kind=static_target
$06CCE0  in func $06CCE0  base $0852A0  kind=static_target
$06CD26  in func $06CD12  base $08488A  kind=static_target
$06CD2C  in func $06CD2C  base $01ABB6  kind=static_target
$06CD3C  in func $06CD32  base $084060  kind=static_target
$06CDD4  in func $06CDD4  base $0852A0  kind=static_target
$06CE18  in func $06CE04  base $0852A0  kind=static_target
$06CE30  in func $06CE1E  base $084A04  kind=static_target
$06CE52  in func $06CE36  base $084A04  kind=static_target
$06CE60  in func $06CE58  base $084A04  kind=static_target
$06CE72  in func $06CE66  base $084A04  kind=static_target
$06CE84  in func $06CE78  base $084A04  kind=static_target
$06CE96  in func $06CE8A  base $084A04  kind=static_target
$06CEAA  in func $06CE9C  base $084A04  kind=static_target
$06CEEA  in func $06CEE6  base $084060  kind=static_target
$06CF0C  in func $06CEF0  base $0849F2  kind=static_target
$06CF92  in func $06CF62  base $084914  kind=static_target
$06CF98  in func $06CF98  base $0852AE  kind=static_target
$06CFB8  in func $06CFB2  base $0850D4  kind=static_target
$06CFEE  in func $06CFE2  base $0852D0  kind=static_target
$06D0F8  in func $06D0F4  base $01B5B0  kind=static_target
$06D0FE  in func $06D0FE  base $01ABB6  kind=static_target
$06D146  in func $06D13C  base $01ABB6  kind=static_target
$06D1B8  in func $06D1A6  base $084220  kind=static_target
$06D1D8  in func $06D1D2  base $0850D4  kind=static_target
$06D582  in func $06D576  base $084220  kind=static_target
$06D618  in func $06D60A  base $085F86  kind=static_target
$06D678  in func $06D66A  base $085F86  kind=static_target
$06D6B6  in func $06D6A6  base $084914  kind=static_target
$06D6C6  in func $06D6BC  base $0849D8  kind=static_target
$06D9FA  in func $06D9A8  base $085940  kind=static_target
$06DA44  in func $06DA24  base $084914  kind=static_target
$06DA8E  in func $06DA5A  base $084060  kind=static_target
$06DA9A  in func $06DA94  base $08488A  kind=static_target
$06DACE  in func $06DAC2  base $08488A  kind=static_target
$06DB1A  in func $06DB1A  base $08459C  kind=static_target
$06DB3E  in func $06DB20  base $084060  kind=static_target
$06DB6C  in func $06DB6C  base $08459C  kind=static_target
$06DBA2  in func $06DB86  base $084220  kind=static_target
$06DBC4  in func $06DBAE  base $00172C  kind=static_target
$06DBD8  in func $06DBCA  base $084914  kind=static_target
$06DC0A  in func $06DBFE  base $084388  kind=static_target
$06DC2E  in func $06DC28  base $084700  kind=static_target
$06DDEC  in func $06DDD2  base $0852A0  kind=static_target
$06DEA2  in func $06DE9C  base $01040C  kind=static_target
$06DEB6  in func $06DEB6  base $01ABB6  kind=static_target
$06DED8  in func $06DEBC  base $01040C  kind=static_target
$06DEF2  in func $06DEEC  base $01040C  kind=static_target
$06DF5C  in func $06DF4A  base $084934  kind=static_target
$06DFAE  in func $06DF94  base $084934  kind=static_target
$06E01C  in func $06DFF0  base $0852D0  kind=static_target
$06E122  in func $06E0FA  base $085F86  kind=static_target
$06E172  in func $06E164  base $084060  kind=static_target
$06E4B2  in func $06E47E  base $085940  kind=static_target
$06E4B8  in func $06E4B8  base $085CA4  kind=static_target
$06E4DC  in func $06E4C6  base $084914  kind=static_target
$06E542  in func $06E534  base $084114  kind=static_target
$06E554  in func $06E548  base $08488A  kind=static_target
$06E59E  in func $06E59E  base $0856F2  kind=static_target
$06E62C  in func $06E62C  base $08488A  kind=static_target
$06E64A  in func $06E632  base $084060  kind=static_target
$06E6DE  in func $06E6C6  base $084060  kind=static_target
$06E71E  in func $06E718  base $084220  kind=static_target
$06E772  in func $06E724  base $084220  kind=static_target
$06E826  in func $06E80C  base $0852AE  kind=static_target
$06E83E  in func $06E82C  base $084914  kind=static_target
$06E8B0  in func $06E8A2  base $084898  kind=static_target
$06E90A  in func $06E8FE  base $08459C  kind=static_target
$06E954  in func $06E952  base $0852D0  kind=static_target
$06E980  in func $06E95A  base $084914  kind=static_target
$06E9FC  in func $06E9E2  base $08488A  kind=static_target
$06EA3A  in func $06EA26  base $08459C  kind=static_target
$06EA6A  in func $06EA5C  base $08488A  kind=static_target
$06EABE  in func $06EAB2  base $08459C  kind=static_target
$06EB2E  in func $06EB16  base $084914  kind=static_target
$06EBA6  in func $06EB96  base $084914  kind=static_target
$06EBD2  in func $06EBAC  base $01ABC6  kind=static_target
$06EC34  in func $06EC34  base $0852A0  kind=static_target
$06ED04  in func $06ECF6  base $085F86  kind=static_target
$06ED46  in func $06ED3C  base $084060  kind=static_target
$06ED7E  in func $06ED66  base $0852D0  kind=static_target
$06EE88  in func $06EE68  base $01ABC6  kind=static_target
$06EF08  in func $06EEA8  base $084060  kind=static_target
$06EF0E  in func $06EF0E  base $085C7E  kind=static_target
$06EF5A  in func $06EF5A  base $08488A  kind=static_target
$06EF82  in func $06EF76  base $084060  kind=static_target
$06EF92  in func $06EF88  base $01ABC6  kind=static_target
$06EFD4  in func $06EFB2  base $084060  kind=static_target
$06EFEC  in func $06EFDA  base $01B588  kind=static_target
$06F05A  in func $06F056  base $01B588  kind=static_target
$06F06E  in func $06F060  base $08498C  kind=static_target
$06F080  in func $06F07C  base $084040  kind=static_target
$06F0AA  in func $06F0AA  base $08488A  kind=static_target
$06F0FC  in func $06F0CE  base $01ABC6  kind=static_target
$06F108  in func $06F102  base $01ABC6  kind=static_target
$06F11C  in func $06F10E  base $08498C  kind=static_target
$06F168  in func $06F162  base $08488A  kind=static_target
$06F18A  in func $06F178  base $01ABC6  kind=static_target
$06F1F4  in func $06F1F4  base $08488A  kind=static_target
$06F212  in func $06F1FA  base $084166  kind=static_target
$06F21E  in func $06F218  base $08488A  kind=static_target
$06F2A2  in func $06F29E  base $08488A  kind=static_target
$06F3BE  in func $06F3B2  base $01ABC6  kind=static_target
$06F3D8  in func $06F3C4  base $0852D0  kind=static_target
$06F3F0  in func $06F3DE  base $084914  kind=static_target
$06F42C  in func $06F416  base $084040  kind=static_target
$06F4C6  in func $06F4C0  base $08488A  kind=static_target
$06F54E  in func $06F54A  base $084C42  kind=static_target
$06F5DA  in func $06F5D6  base $084C42  kind=static_target
$06F5F0  in func $06F5E0  base $084C42  kind=static_target
$06F612  in func $06F612  base $08488A  kind=static_target
$06F62C  in func $06F620  base $084C42  kind=static_target
$06F678  in func $06F674  base $084C42  kind=static_target
$06F6A0  in func $06F69C  base $084C42  kind=static_target
$06F6B6  in func $06F6A6  base $084C42  kind=static_target
$06F6F0  in func $06F6E4  base $08488A  kind=static_target
$06F6FC  in func $06F6F6  base $08488A  kind=static_target
$06F77A  in func $06F764  base $01ABC6  kind=static_target
$06F780  in func $06F780  base $01ABB6  kind=static_target
$06F790  in func $06F786  base $01DC56  kind=static_target
$06F7A0  in func $06F796  base $01DC56  kind=static_target
$06F9F6  in func $06F9DE  base $085F86  kind=static_target
$06FD28  in func $06FD0C  base $084914  kind=static_target
$06FDBA  in func $06FDB6  base $084114  kind=static_target
$06FDFA  in func $06FDEC  base $084114  kind=static_target
$06FE06  in func $06FE00  base $08488A  kind=static_target
$06FE22  in func $06FE22  base $08488A  kind=static_target
$06FEF4  in func $06FEF4  base $01AB52  kind=static_target
$06FF4A  in func $06FF34  base $00172C  kind=static_target
$06FF56  in func $06FF50  base $0850D4  kind=static_target
$06FFAA  in func $06FFAA  base $01ABC6  kind=static_target
$06FFC4  in func $06FFB8  base $01ABC6  kind=static_target
$070006  in func $06FFFA  base $01ABC6  kind=static_target
$070024  in func $07000C  base $01ABC6  kind=static_target
$070094  in func $070094  base $01ABC6  kind=static_target
$0700E4  in func $0700E4  base $01ABC6  kind=static_target
$070100  in func $0700EA  base $01B588  kind=static_target
$070112  in func $070106  base $01ABB6  kind=static_target
$070186  in func $070152  base $01ABC6  kind=static_target
$07018C  in func $07018C  base $01ABB6  kind=static_target
$0701E8  in func $0701E8  base $084914  kind=static_target
$07025C  in func $070250  base $084914  kind=static_target
$0702E4  in func $0702E4  base $0852A0  kind=static_target
$07037E  in func $070376  base $085AA0  kind=static_target
$07062C  in func $070620  base $085940  kind=static_target
$07064C  in func $07063A  base $084914  kind=static_target
$0706A6  in func $0706A2  base $084060  kind=static_target
$0706FA  in func $0706E2  base $08488A  kind=static_target
$0707E6  in func $0707CA  base $08488A  kind=static_target
$070814  in func $0707F6  base $01ABC6  kind=static_target
$07084E  in func $070836  base $084060  kind=static_target
$0708A4  in func $070898  base $084220  kind=static_target
$070932  in func $07092A  base $086334  kind=static_target
$070942  in func $070938  base $01ABB6  kind=static_target
$070956  in func $070948  base $084914  kind=static_target
$07099C  in func $070990  base $084388  kind=static_target
$0709F6  in func $0709EC  base $0852AE  kind=static_target
$070A0C  in func $070A0C  base $08488A  kind=static_target
$070A2E  in func $070A28  base $08488A  kind=static_target
$070A9C  in func $070A76  base $0849F2  kind=static_target
$070AB2  in func $070AA2  base $0849C6  kind=static_target
$070B52  in func $070B4C  base $01ABC6  kind=static_target
$070B6E  in func $070B58  base $01ABC6  kind=static_target
$070B7A  in func $070B74  base $08565A  kind=static_target
$070B86  in func $070B80  base $08498C  kind=static_target
$070BCA  in func $070BB0  base $084914  kind=static_target
$070BF8  in func $070BD0  base $0852D0  kind=static_target
$070C26  in func $070BFE  base $0852D0  kind=static_target
$070C44  in func $070C3C  base $084914  kind=static_target
$070C6C  in func $070C66  base $01ABC6  kind=static_target
$070CE8  in func $070CE4  base $070CEC  kind=fallback_hybrid/offset_table
$070D3A  in func $070D10  base $084388  kind=static_target
$070E6E  in func $070E68  base $085F86  kind=static_target
$0711A4  in func $071178  base $085940  kind=static_target
$0711AA  in func $0711AA  base $01ABB6  kind=static_target
$0711B0  in func $0711B0  base $085CA4  kind=static_target
$0711D0  in func $0711BE  base $084914  kind=static_target
$071224  in func $0711EC  base $084060  kind=static_target
$071230  in func $07122A  base $08488A  kind=static_target
$071252  in func $071252  base $08488A  kind=static_target
$071284  in func $07127E  base $08488A  kind=static_target
$0712D0  in func $0712C4  base $08488A  kind=static_target
$071312  in func $071300  base $01AB52  kind=static_target
$071366  in func $07135E  base $08598A  kind=static_target
$07138A  in func $07138A  base $08598A  kind=static_target
$0713AC  in func $0713AC  base $08488A  kind=static_target
$07141A  in func $071416  base $084060  kind=static_target
$071440  in func $071440  base $08598A  kind=static_target
$07145C  in func $071446  base $0849F2  kind=static_target
$0714A8  in func $071498  base $08488A  kind=static_target
$0714C8  in func $0714B8  base $084A1C  kind=static_target
$071534  in func $07152A  base $08488A  kind=static_target
$071560  in func $07155A  base $08488A  kind=static_target
$07164E  in func $07164E  base $08488A  kind=static_target
$0716AC  in func $07168A  base $0852D0  kind=static_target
$071940  in func $071926  base $085F86  kind=static_target
$07194E  in func $071946  base $085AA4  kind=static_target
$071C02  in func $071BCE  base $085940  kind=static_target
$071C08  in func $071C08  base $085CA4  kind=static_target
$071C28  in func $071C16  base $084914  kind=static_target
$071C72  in func $071C6E  base $084060  kind=static_target
$071C7E  in func $071C78  base $08488A  kind=static_target
$071CE6  in func $071CE6  base $08488A  kind=static_target
$071D40  in func $071D1E  base $084220  kind=static_target
$071D72  in func $071D64  base $08488A  kind=static_target
$071D98  in func $071D80  base $084060  kind=static_target
$071E22  in func $071DE2  base $0852AE  kind=static_target
$071E3E  in func $071E28  base $0849C6  kind=static_target
$071E4E  in func $071E4A  base $084040  kind=static_target
$071E7C  in func $071E7C  base $08488A  kind=static_target
$071E92  in func $071E82  base $084220  kind=static_target
$071EB8  in func $071E98  base $01ABC6  kind=static_target
$071EBE  in func $071EBE  base $0849D8  kind=static_target
$071ECE  in func $071ECA  base $084040  kind=static_target
$071F18  in func $071F10  base $08488A  kind=static_target
$071F62  in func $071F30  base $01ABC6  kind=static_target
$071F6E  in func $071F68  base $0849D8  kind=static_target
$071F8C  in func $071F7A  base $084060  kind=static_target
$071FF2  in func $071FEA  base $08488A  kind=static_target
$07201A  in func $072006  base $084220  kind=static_target
$072084  in func $072084  base $084920  kind=static_target
$0720B8  in func $0720B8  base $084920  kind=static_target
$0720E6  in func $0720D4  base $01040C  kind=static_target
$0720EC  in func $0720EC  base $01ABB6  kind=static_target
$07211A  in func $0720F2  base $0852D0  kind=static_target
$0722E6  in func $0722E6  base $085F86  kind=static_target
$0722F4  in func $0722EC  base $085AA4  kind=static_target
$0723EE  in func $0723E0  base $084914  kind=static_target
$07244C  in func $072400  base $084166  kind=static_target
$072452  in func $072452  base $08488A  kind=static_target
$07247A  in func $072474  base $08488A  kind=static_target
$0724C2  in func $0724BC  base $08488A  kind=static_target
$07254E  in func $072542  base $072840  kind=static_target
$07255C  in func $072558  base $072840  kind=static_target
$07257E  in func $072578  base $085BA8  kind=static_target
$072590  in func $072584  base $0852AE  kind=static_target
$0725AA  in func $072596  base $08498C  kind=static_target
$0725E8  in func $0725E8  base $084400  kind=static_target
$072608  in func $0725F4  base $0728C8  kind=static_target
$07260C  in func $07260C  base $072902  kind=static_target
$07266E  in func $072664  base $08488A  kind=static_target
$0726A2  in func $072688  base $08488A  kind=static_target
$0726AC  in func $0726A8  base $084C42  kind=static_target
$072720  in func $07270E  base $084C42  kind=static_target
$072798  in func $07278E  base $08488A  kind=static_target
$0727AA  in func $07279E  base $01ABC6  kind=static_target
$0727DC  in func $0727D8  base $084C42  kind=static_target
$0728BC  in func $07289A  base $085F86  kind=static_target
$0728C2  in func $0728C2  base $085F8A  kind=static_target
$0728E4  in func $0728E4  base $084914  kind=static_target
$0728FC  in func $0728F8  base $084914  kind=static_target
$07290A  in func $072902  base $084914  kind=static_target
$0729CC  in func $0729BA  base $084914  kind=static_target
$072A4E  in func $072A2A  base $084114  kind=static_target
$072A54  in func $072A54  base $08488A  kind=static_target
$072A6A  in func $072A5A  base $085940  kind=static_target
$072A86  in func $072A70  base $01AB52  kind=static_target
$072A94  in func $072A8C  base $01AB52  kind=static_target
$072B2E  in func $072B18  base $01ABC6  kind=static_target
$072BB6  in func $072B96  base $00172C  kind=static_target
$072C04  in func $072BFA  base $001AD2  kind=static_target
$072C62  in func $072C3C  base $084220  kind=static_target
$072CB8  in func $072C9E  base $0844CE  kind=static_target
$072CF4  in func $072CDA  base $01ABB6  kind=static_target
$072D1E  in func $072D18  base $01ABB6  kind=static_target
$072D72  in func $072D6C  base $08488A  kind=static_target
$072DE4  in func $072DE4  base $0852A0  kind=static_target
$072E4E  in func $072E36  base $0852A0  kind=static_target
$072ED4  in func $072EBC  base $085940  kind=static_target
$072F46  in func $072F40  base $01ABC6  kind=static_target
$072FAC  in func $072FA0  base $01ABC6  kind=static_target
$072FE4  in func $072FD8  base $01ABC6  kind=static_target
$073032  in func $07302E  base $00172C  kind=static_target
$073046  in func $073046  base $085CA4  kind=static_target
$07306A  in func $073054  base $01ABC6  kind=static_target
$073088  in func $073088  base $0852AE  kind=static_target
$0730AA  in func $07308E  base $084114  kind=static_target
$0730BA  in func $0730B0  base $084914  kind=static_target
$0730EC  in func $0730EC  base $084914  kind=static_target
$0730F2  in func $0730F2  base $01ABB6  kind=static_target
$073122  in func $073100  base $084060  kind=static_target
$073132  in func $073128  base $084914  kind=static_target
$07315E  in func $073152  base $01ABC6  kind=static_target
$07316E  in func $073164  base $084038  kind=static_target
$073186  in func $073174  base $01ABC6  kind=static_target
$07318C  in func $07318C  base $01ABB6  kind=static_target
$0731C2  in func $0731B0  base $01ABC6  kind=static_target
$0731C8  in func $0731C8  base $01ABB6  kind=static_target
$0731FA  in func $0731F4  base $0849C6  kind=static_target
$073214  in func $073212  base $0849C6  kind=static_target
$073264  in func $073264  base $01ABC6  kind=static_target
$07326A  in func $07326A  base $01ABB6  kind=static_target
$073286  in func $073270  base $01ABC6  kind=static_target
$0732A2  in func $07328C  base $01ABC6  kind=static_target
$0732B4  in func $0732A8  base $01ABC6  kind=static_target
$073334  in func $07332E  base $085140  kind=static_target
$07335E  in func $073358  base $01ABC6  kind=static_target
$073390  in func $073384  base $084934  kind=static_target
$0733DC  in func $0733CA  base $084934  kind=static_target
$07360C  in func $073604  base $085AA4  kind=static_target
$07366C  in func $073654  base $084060  kind=static_target
$0738F2  in func $0738D6  base $084914  kind=static_target
$073954  in func $073906  base $085940  kind=static_target
$07395A  in func $07395A  base $085CA4  kind=static_target
$073974  in func $073960  base $084060  kind=static_target
$0739E0  in func $0739B2  base $084060  kind=static_target
$0739EC  in func $0739E6  base $08488A  kind=static_target
$073A1A  in func $073A1A  base $08488A  kind=static_target
$073A64  in func $073A52  base $01ABC6  kind=static_target
$073ABE  in func $073ABE  base $084934  kind=static_target
$073AFC  in func $073AF6  base $08488A  kind=static_target
$073B1E  in func $073B12  base $084898  kind=static_target
$073B7C  in func $073B56  base $084060  kind=static_target
$073B9A  in func $073B82  base $084060  kind=static_target
$073BF0  in func $073BDC  base $01ABC6  kind=static_target
$073C1E  in func $073C0A  base $084920  kind=static_target
$073C7C  in func $073C78  base $084060  kind=static_target
$073CA4  in func $073C82  base $01ABC6  kind=static_target
$073D32  in func $073D32  base $08488A  kind=static_target
$073D6E  in func $073D62  base $084C42  kind=static_target
$073D82  in func $073D74  base $01B588  kind=static_target
$073DC2  in func $073DB6  base $08488A  kind=static_target
$073DF0  in func $073DEA  base $08488A  kind=static_target
$073E22  in func $073E0E  base $01ABC6  kind=static_target
$073E34  in func $073E30  base $084038  kind=static_target
$073E72  in func $073E5E  base $084400  kind=static_target
$073E9C  in func $073E9C  base $0852A0  kind=static_target
$073EDC  in func $073EB4  base $01ABC6  kind=static_target
$073F0A  in func $073EEE  base $01ABC6  kind=static_target
$073F16  in func $073F10  base $01ABB6  kind=static_target
$073FDC  in func $073FCE  base $01E2A6  kind=static_target
$074092  in func $074086  base $084220  kind=static_target
$0740A4  in func $074098  base $01ABC6  kind=static_target
$0740DE  in func $0740AA  base $01ABC6  kind=static_target
$074276  in func $074262  base $084914  kind=static_target
$074308  in func $0742A8  base $084060  kind=static_target
$07430E  in func $07430E  base $08488A  kind=static_target
$074324  in func $074314  base $084060  kind=static_target
$0743E0  in func $0743CE  base $08488A  kind=static_target
$074422  in func $074412  base $08488A  kind=static_target
$074442  in func $074442  base $08488A  kind=static_target
$0744E4  in func $0744E4  base $08488A  kind=static_target
$07450C  in func $0744FC  base $08488A  kind=static_target
$074528  in func $074528  base $08488A  kind=static_target
$07455C  in func $07455C  base $08488A  kind=static_target
$0745A2  in func $0745A2  base $08488A  kind=static_target
$07463A  in func $07463A  base $08488A  kind=static_target
$0746C2  in func $07468C  base $001380  kind=static_target
$0746EE  in func $0746D8  base $084060  kind=static_target
$07470A  in func $0746F4  base $01ABC6  kind=static_target
$074734  in func $074710  base $0694AA  kind=static_target
$0747D0  in func $074784  base $084060  kind=static_target
$0747F2  in func $0747D6  base $01ABC6  kind=static_target
$074816  in func $0747F8  base $01ABC6  kind=static_target
$074860  in func $074854  base $01ABC6  kind=static_target
$07488E  in func $074866  base $01ABC6  kind=static_target
$07489A  in func $074894  base $01ABC6  kind=static_target
$0748CA  in func $0748AE  base $01ABC6  kind=static_target
$0749A8  in func $07498E  base $01ABB6  kind=static_target
$0749CA  in func $0749BE  base $08498C  kind=static_target
$0749E0  in func $0749D0  base $084A04  kind=static_target
$074A0E  in func $0749EC  base $084060  kind=static_target
$074A38  in func $074A32  base $084D78  kind=static_target
$074A94  in func $074A88  base $084D78  kind=static_target
$074AF4  in func $074ACA  base $084A04  kind=static_target
$074B70  in func $074B6E  base $084A04  kind=static_target
$074B98  in func $074B96  base $084A04  kind=static_target
$074BBA  in func $074BAE  base $08498C  kind=static_target
$074BF4  in func $074BD0  base $01ABC6  kind=static_target
$074BFA  in func $074BFA  base $01ABB6  kind=static_target
$074C1E  in func $074C0C  base $01040C  kind=static_target
$074C7E  in func $074C7A  base $01ABB6  kind=static_target
$074D42  in func $074D14  base $01ABC6  kind=static_target
$074D56  in func $074D48  base $084914  kind=static_target
$074D8A  in func $074D7C  base $084898  kind=static_target
$074DE4  in func $074DA4  base $084060  kind=static_target
$074E06  in func $074DEA  base $084220  kind=static_target
$074E0C  in func $074E0C  base $01ABB6  kind=static_target
$074E2A  in func $074E24  base $08498C  kind=static_target
$074E76  in func $074E70  base $0852A0  kind=static_target
$07507E  in func $07507A  base $084060  kind=static_target
$07508C  in func $075084  base $085A94  kind=static_target
$0751EA  in func $0751E2  base $084914  kind=static_target
$0752CE  in func $07529E  base $085940  kind=static_target
$0752E0  in func $0752D4  base $08488A  kind=static_target
$07532A  in func $07531C  base $01AB52  kind=static_target
$07539E  in func $075392  base $08488A  kind=static_target
$0753C4  in func $0753B6  base $01AB52  kind=static_target
$075456  in func $07544C  base $01AB52  kind=static_target
$0754A6  in func $0754A0  base $08488A  kind=static_target
$075668  in func $07565C  base $08459C  kind=static_target
$075702  in func $0756FC  base $08488A  kind=static_target
$0757B4  in func $0757AE  base $08488A  kind=static_target
$0757BA  in func $0757BA  base $085BA8  kind=static_target
$0757D0  in func $0757C0  base $08403C  kind=static_target
$075824  in func $075824  base $084934  kind=static_target
$075834  in func $075834  base $0852A0  kind=static_target
$075848  in func $07583A  base $084934  kind=static_target
$0758B8  in func $0758B8  base $08459C  kind=static_target
$07591E  in func $0758FC  base $084060  kind=static_target
$075930  in func $07592A  base $08488A  kind=static_target
$0759AA  in func $0759AA  base $08459C  kind=static_target
$0759BA  in func $0759B0  base $0852A0  kind=static_target
$0759E6  in func $0759D0  base $084934  kind=static_target
$0759F6  in func $0759F6  base $0852A0  kind=static_target
$075A1E  in func $0759FC  base $01ABC6  kind=static_target
$075A78  in func $075A6C  base $01ABC6  kind=static_target
$075A7E  in func $075A7E  base $01ABB6  kind=static_target
$075ACE  in func $075ACE  base $085070  kind=static_target
$075B28  in func $075B24  base $01ABC6  kind=static_target
$075B5E  in func $075B58  base $085140  kind=static_target
$075B68  in func $075B64  base $08495E  kind=static_target
$075DEE  in func $075DEE  base $085F86  kind=static_target
$075DFC  in func $075DF4  base $085A9C  kind=static_target
$075E4C  in func $075E4C  base $01ABB6  kind=static_target
$075FCE  in func $075F50  base $084220  kind=static_target
$075FEE  in func $075FD4  base $084914  kind=static_target
$076038  in func $076038  base $08488A  kind=static_target
$076068  in func $076062  base $08488A  kind=static_target
$076082  in func $07606E  base $0685E2  kind=static_target
$076094  in func $076088  base $08488A  kind=static_target
$076100  in func $0760F4  base $084220  kind=static_target
$07611A  in func $076106  base $01AB52  kind=static_target
$0761AC  in func $0761A4  base $01ABC6  kind=static_target
$0761E2  in func $0761B2  base $084220  kind=static_target
$076236  in func $076236  base $01ABC6  kind=static_target
$07630A  in func $076270  base $084220  kind=static_target
$076350  in func $076318  base $067B1C  kind=static_target
$0763AC  in func $0763A4  base $01ABC6  kind=static_target
$0763BE  in func $0763B2  base $086334  kind=static_target
$0763D2  in func $0763C4  base $08458E  kind=static_target
$076468  in func $07645E  base $01ABB6  kind=static_target
$0764CA  in func $0764C4  base $08495E  kind=static_target
$0764FC  in func $0764F8  base $08498C  kind=static_target
$07651A  in func $076516  base $08498C  kind=static_target
$07656E  in func $07656E  base $084914  kind=static_target
$076630  in func $07662A  base $084920  kind=static_target
$076658  in func $076652  base $084920  kind=static_target
$0766BE  in func $0766A8  base $01ABC6  kind=static_target
$0766C4  in func $0766C4  base $0852A0  kind=static_target
$0766F6  in func $0766CA  base $01ABC6  kind=static_target
$076872  in func $07686A  base $085A98  kind=static_target
$0768B0  in func $076896  base $01ABB6  kind=static_target
$076922  in func $076912  base $01ABB6  kind=static_target
$076A84  in func $076A42  base $00172C  kind=static_target
$076AA8  in func $076A92  base $084914  kind=static_target
$076B2A  in func $076B2A  base $08488A  kind=static_target
$076B3E  in func $076B30  base $084060  kind=static_target
$076B7A  in func $076B68  base $084060  kind=static_target
$076B80  in func $076B80  base $08488A  kind=static_target
$076BA4  in func $076B86  base $084114  kind=static_target
$076BB0  in func $076BAA  base $08488A  kind=static_target
$076C58  in func $076C48  base $084898  kind=static_target
$076C8C  in func $076C72  base $084114  kind=static_target
$076CC8  in func $076CA2  base $084114  kind=static_target
$076D08  in func $076D08  base $084400  kind=static_target
$076E16  in func $076E0A  base $01ABC6  kind=static_target
$076E48  in func $076E48  base $085BA8  kind=static_target
$076F08  in func $076EE4  base $01ABB6  kind=static_target
$076F3A  in func $076F24  base $084934  kind=static_target
$076F40  in func $076F40  base $0849D8  kind=static_target
$076F5A  in func $076F46  base $084934  kind=static_target
$076FBC  in func $076FA6  base $0857B4  kind=static_target
$07701C  in func $07701C  base $084400  kind=static_target
$07705C  in func $07704A  base $084934  kind=static_target
$077066  in func $077062  base $084F5A  kind=static_target
$0770E4  in func $0770DA  base $01ABC6  kind=static_target
$077668  in func $07764E  base $084914  kind=static_target
$0776E4  in func $0776C6  base $0842A8  kind=static_target
$077842  in func $077842  base $01ABC6  kind=static_target
$077894  in func $077894  base $01ABC6  kind=static_target
$0778D4  in func $0778BC  base $01ABC6  kind=static_target
$077980  in func $077974  base $086334  kind=static_target
$077A38  in func $077A2E  base $01ABB6  kind=static_target
$077A68  in func $077A5E  base $01ABB6  kind=static_target
$077AD0  in func $077AB8  base $077AD4  kind=fallback_hybrid/offset_table
$077B4A  in func $077B16  base $01ABC6  kind=static_target
$077B66  in func $077B50  base $0849D8  kind=static_target
$077BDA  in func $077BAE  base $01ABC6  kind=static_target
$077C02  in func $077BF0  base $0849C6  kind=static_target
$077C74  in func $077C32  base $01ABC6  kind=static_target
$077C82  in func $077C7A  base $0849D8  kind=static_target
$077CAE  in func $077C88  base $0849C6  kind=static_target
$077D06  in func $077D00  base $0852A0  kind=static_target
$077DD2  in func $077DCC  base $0852A0  kind=static_target
$077DF2  in func $077DEA  base $0849F2  kind=static_target
$077E44  in func $077E22  base $01ABC6  kind=static_target
$077E50  in func $077E4A  base $01ABB6  kind=static_target
$077F38  in func $077F02  base $01ABC6  kind=static_target
$077FB0  in func $077F94  base $084920  kind=static_target
$077FC8  in func $077FBC  base $01B588  kind=static_target
$077FF6  in func $077FEC  base $08565E  kind=static_target
$07802C  in func $078018  base $01ABC6  kind=static_target
$078032  in func $078032  base $01ABB6  kind=static_target
$078086  in func $07806C  base $084060  kind=static_target
$07811A  in func $07811A  base $024280  kind=static_target
$078258  in func $078230  base $085F86  kind=static_target
$078266  in func $07825E  base $085AA0  kind=static_target
$07851C  in func $0784F0  base $085940  kind=static_target
$078522  in func $078522  base $085CA4  kind=static_target
$078546  in func $078538  base $01ABC6  kind=static_target
$07858C  in func $078562  base $0842A8  kind=static_target
$0785BC  in func $078592  base $00172C  kind=static_target
$0785E4  in func $0785E4  base $08488A  kind=static_target
$078622  in func $078606  base $084580  kind=static_target
$078660  in func $078628  base $0685E2  kind=static_target
$078676  in func $078666  base $08488A  kind=static_target
$0786D4  in func $0786BC  base $084580  kind=static_target
$0786E4  in func $0786DA  base $01040C  kind=static_target
$078734  in func $07871A  base $08488A  kind=static_target
$078762  in func $07873A  base $08594E  kind=static_target
$0787F8  in func $0787EE  base $085BA8  kind=static_target
$07882A  in func $07881E  base $000000  kind=dynamic_register
$07884A  in func $078838  base $01ABC6  kind=static_target
$078896  in func $078890  base $08488A  kind=static_target
$07891C  in func $07890C  base $01ABC6  kind=static_target
$0789C4  in func $0789C4  base $01ABC6  kind=static_target
$078A22  in func $078A1C  base $085180  kind=static_target
$078A64  in func $078A46  base $01ABC6  kind=static_target
$078A6A  in func $078A6A  base $0852A0  kind=static_target
$078A96  in func $078A70  base $01ABC6  kind=static_target
$078AFA  in func $078AE6  base $01ABB6  kind=static_target
$078B32  in func $078B24  base $01ABB6  kind=static_target
$078C92  in func $078C60  base $085F86  kind=static_target
$078CA0  in func $078C98  base $085A94  kind=static_target
$078F7C  in func $078F56  base $001AD2  kind=static_target
$078FFC  in func $078FAE  base $084060  kind=static_target
$079010  in func $079002  base $01ABC6  kind=static_target
$07902E  in func $079022  base $08488A  kind=static_target
$07906C  in func $079054  base $084220  kind=static_target
$0790A0  in func $0790A0  base $01ABC6  kind=static_target
$0790A6  in func $0790A6  base $0852A0  kind=static_target
$079104  in func $0790E8  base $084060  kind=static_target
$079112  in func $07910A  base $085070  kind=static_target
$07913C  in func $079118  base $0852A0  kind=static_target
$0791AA  in func $0791AA  base $084920  kind=static_target
$0791CE  in func $0791CE  base $08494E  kind=static_target
$0791F4  in func $0791D4  base $084220  kind=static_target
$079214  in func $0791FE  base $01ABC6  kind=static_target
$07926C  in func $079266  base $01040C  kind=static_target
$079272  in func $079272  base $0852A0  kind=static_target
$0792A6  in func $079290  base $084920  kind=static_target
$0792FE  in func $0792F0  base $084914  kind=static_target
$079318  in func $079304  base $084914  kind=static_target
$079340  in func $079334  base $0850D4  kind=static_target
$079358  in func $079346  base $084220  kind=static_target
$07936E  in func $07935E  base $0850D4  kind=static_target
$0793A2  in func $07938C  base $084920  kind=static_target
$0793DC  in func $0793C6  base $01ABC6  kind=static_target
$079410  in func $079406  base $01ABC6  kind=static_target
$079480  in func $07946A  base $00172C  kind=static_target
$0794D8  in func $0794D8  base $01ABB6  kind=static_target
$0794F2  in func $0794DE  base $01ABC6  kind=static_target
$079510  in func $0794F8  base $084060  kind=static_target
$0797C0  in func $079786  base $085940  kind=static_target
$07980C  in func $0797FA  base $084914  kind=static_target
$079852  in func $07981E  base $084060  kind=static_target
$0798C0  in func $0798B8  base $08488A  kind=static_target
$0798E4  in func $0798C6  base $084060  kind=static_target
$07993C  in func $079936  base $08488A  kind=static_target
$079958  in func $079958  base $08488A  kind=static_target
$079992  in func $079988  base $01ABC6  kind=static_target
$0799DA  in func $0799D4  base $00172C  kind=static_target
$079AA8  in func $079AA8  base $01ABB6  kind=static_target
$079B1C  in func $079B16  base $085140  kind=static_target
$079B44  in func $079B22  base $085140  kind=static_target
$079B78  in func $079B66  base $085140  kind=static_target
$079BA6  in func $079B96  base $01ABC6  kind=static_target
$079BE0  in func $079BCA  base $01ABC6  kind=static_target
$079C06  in func $079BF6  base $08498C  kind=static_target
$079C4C  in func $079C4C  base $08498C  kind=static_target
$079C5A  in func $079C52  base $079C5E  kind=fallback_hybrid/function_entry
$079CD8  in func $079CCE  base $01ABB6  kind=static_target
$079CF2  in func $079CEE  base $085070  kind=static_target
$079D22  in func $079D08  base $085070  kind=static_target
$079DAA  in func $079DAA  base $01ABC6  kind=static_target
$079DBC  in func $079DB6  base $0852A0  kind=static_target
$079DE4  in func $079DC2  base $01ABC6  kind=static_target
$079E08  in func $079DFC  base $085070  kind=static_target
$079E54  in func $079E50  base $085070  kind=static_target
$079E6A  in func $079E5A  base $000000  kind=dynamic_register
$079E96  in func $079E7C  base $084920  kind=static_target
$079EB0  in func $079E9C  base $01ABC6  kind=static_target
$079FE0  in func $079FD8  base $085A9C  kind=static_target
$07A076  in func $07A064  base $01E2A6  kind=static_target
$07A28E  in func $07A282  base $085940  kind=static_target
$07A2AE  in func $07A29C  base $084914  kind=static_target
$07A2EA  in func $07A2C0  base $084060  kind=static_target
$07A2F6  in func $07A2F0  base $08488A  kind=static_target
$07A394  in func $07A388  base $08488A  kind=static_target
$07A3F2  in func $07A3E6  base $01ABC6  kind=static_target
$07A422  in func $07A414  base $0852A0  kind=static_target
$07A438  in func $07A428  base $0849C6  kind=static_target
$07A4CA  in func $07A4C2  base $084388  kind=static_target
$07A4E0  in func $07A4D0  base $0849C6  kind=static_target
$07A4FA  in func $07A4EC  base $084038  kind=static_target
$07A50E  in func $07A500  base $084C42  kind=static_target
$07A538  in func $07A536  base $084A04  kind=static_target
$07A552  in func $07A544  base $084038  kind=static_target
$07A594  in func $07A568  base $01ABC6  kind=static_target
$07A59A  in func $07A59A  base $01ABB6  kind=static_target
$07A60E  in func $07A60E  base $085F8A  kind=static_target
$07A61C  in func $07A614  base $085AA0  kind=static_target
$07A70C  in func $07A702  base $085940  kind=static_target
$07A724  in func $07A71A  base $07A728  kind=fallback_hybrid/offset_table
$07A7EC  in func $07A7E2  base $07A7F0  kind=fallback_hybrid/offset_table
$07A854  in func $07A84A  base $01ABC6  kind=static_target
$07A8EE  in func $07A8E4  base $01ABC6  kind=static_target
$07AA5C  in func $07AA52  base $07AA60  kind=fallback_hybrid/offset_table
$07ABC8  in func $07ABC2  base $084920  kind=static_target
$07ABF4  in func $07ABEE  base $085140  kind=static_target
$07AC9E  in func $07AC92  base $01ABC6  kind=static_target
$07ACCE  in func $07ACC0  base $0852A0  kind=static_target
$07AD64  in func $07AD64  base $085F8A  kind=static_target
$07AD72  in func $07AD6A  base $085AA0  kind=static_target
$07AD94  in func $07AD8A  base $07AD98  kind=fallback_hybrid/offset_table
$07AEAA  in func $07AE9C  base $01ABC6  kind=static_target
$07B00C  in func $07AFFC  base $01ABC6  kind=static_target
$07B086  in func $07B080  base $01ABC6  kind=static_target
$07B0A2  in func $07B08C  base $01ABC6  kind=static_target
$07B128  in func $07B116  base $01ABB6  kind=static_target
$07B2AC  in func $07B288  base $084914  kind=static_target
$07B3A6  in func $07B39C  base $01BAF2  kind=static_target
$07B416  in func $07B416  base $08488A  kind=static_target
$07B47E  in func $07B478  base $08488A  kind=static_target
$07B4E6  in func $07B4DA  base $084898  kind=static_target
$07B53E  in func $07B53E  base $08459C  kind=static_target
$07B574  in func $07B55E  base $084220  kind=static_target
$07B74E  in func $07B748  base $08488A  kind=static_target
$07B78A  in func $07B77E  base $08488A  kind=static_target
$07B832  in func $07B81A  base $01ABC6  kind=static_target
$07B852  in func $07B852  base $08488A  kind=static_target
$07B882  in func $07B87C  base $084898  kind=static_target
$07B938  in func $07B934  base $084220  kind=static_target
$07B944  in func $07B93E  base $08459C  kind=static_target
$07B978  in func $07B972  base $01AB32  kind=static_target
$07B97E  in func $07B97E  base $0852AE  kind=static_target
$07B990  in func $07B984  base $08488A  kind=static_target
$07B9CC  in func $07B996  base $001AD2  kind=static_target
$07B9FA  in func $07B9FA  base $08459C  kind=static_target
$07BA22  in func $07BA22  base $084220  kind=static_target
$07BAB8  in func $07BAA6  base $084580  kind=static_target
$07BACA  in func $07BABE  base $08459C  kind=static_target
$07BB00  in func $07BB00  base $084580  kind=static_target
$07BB1A  in func $07BB06  base $084898  kind=static_target
$07BBC0  in func $07BBAC  base $08459C  kind=static_target
$07BC38  in func $07BC32  base $01ABC6  kind=static_target
$07BC6A  in func $07BC3E  base $084220  kind=static_target
$07BCF6  in func $07BCB0  base $00C434  kind=static_target
$07BD2A  in func $07BD2A  base $01ABB6  kind=static_target
$07BD70  in func $07BD4C  base $084914  kind=static_target
$07BDD2  in func $07BDBE  base $08459C  kind=static_target
$07BDF0  in func $07BDD8  base $084580  kind=static_target
$07BE3C  in func $07BE26  base $084580  kind=static_target
$07BE48  in func $07BE42  base $08459C  kind=static_target
$07BEA2  in func $07BE9C  base $08488A  kind=static_target
$07BF06  in func $07BEEE  base $084060  kind=static_target
$07BF4C  in func $07BF28  base $01AB52  kind=static_target
$07BF9A  in func $07BF8C  base $084580  kind=static_target
$07C068  in func $07C062  base $08488A  kind=static_target
$07C0B0  in func $07C06E  base $084580  kind=static_target
$07C100  in func $07C0E0  base $084060  kind=static_target
$07C116  in func $07C104  base $084580  kind=static_target
$07C128  in func $07C11C  base $08488A  kind=static_target
$07C156  in func $07C144  base $084898  kind=static_target
$07C1D2  in func $07C1CE  base $084580  kind=static_target
$07C1DE  in func $07C1D8  base $08459C  kind=static_target
$07C22C  in func $07C22C  base $01AB52  kind=static_target
$07C26E  in func $07C250  base $084898  kind=static_target
$07C29E  in func $07C274  base $084580  kind=static_target
$07C2B8  in func $07C2A4  base $01AB52  kind=static_target
$07C2D6  in func $07C2BE  base $084580  kind=static_target
$07C2E2  in func $07C2DC  base $08459C  kind=static_target
$07C2FC  in func $07C2E8  base $084580  kind=static_target
$07C398  in func $07C37A  base $08488A  kind=static_target
$07C3F2  in func $07C3CA  base $084580  kind=static_target
$07C40A  in func $07C3F8  base $084898  kind=static_target
$07C42A  in func $07C410  base $084580  kind=static_target
$07C430  in func $07C430  base $08459C  kind=static_target
$07C464  in func $07C458  base $084898  kind=static_target
$07C516  in func $07C4F8  base $084580  kind=static_target
$07C51C  in func $07C51C  base $08459C  kind=static_target
$07C572  in func $07C55E  base $084898  kind=static_target
$07C5E6  in func $07C5D4  base $084580  kind=static_target
$07C62C  in func $07C61A  base $084580  kind=static_target
$07C640  in func $07C630  base $01AB52  kind=static_target
$07C64E  in func $07C64E  base $08598A  kind=static_target
$07C714  in func $07C6F0  base $084220  kind=static_target
$07C73E  in func $07C738  base $085180  kind=static_target
$07C75E  in func $07C756  base $084934  kind=static_target
$07C774  in func $07C764  base $0861C0  kind=static_target
$07C788  in func $07C77A  base $085180  kind=static_target
$07C7CE  in func $07C79C  base $01ABC6  kind=static_target
$07C812  in func $07C80A  base $01ABC6  kind=static_target
$07C880  in func $07C878  base $01ABC6  kind=static_target
$07C8BE  in func $07C8BA  base $01ABC6  kind=static_target
$07C8F2  in func $07C8D6  base $01ABC6  kind=static_target
$07C8F8  in func $07C8F8  base $01ABB6  kind=static_target
$07C93C  in func $07C91C  base $01ABC6  kind=static_target
$07C942  in func $07C942  base $0852A0  kind=static_target
$07C9A4  in func $07C990  base $01ABC6  kind=static_target
$07C9DC  in func $07C9C8  base $01040C  kind=static_target
$07C9E2  in func $07C9E2  base $0852A0  kind=static_target
$07CA16  in func $07CA12  base $01ABB6  kind=static_target
$07CA2C  in func $07CA1C  base $00172C  kind=static_target
$07CAA4  in func $07CA78  base $01ABC6  kind=static_target
$07CACC  in func $07CACC  base $01ABC6  kind=static_target
$07CB22  in func $07CB18  base $01ABC6  kind=static_target
$07CB5E  in func $07CB5E  base $01ABC6  kind=static_target
$07CB9E  in func $07CB94  base $01ABC6  kind=static_target
$07CC10  in func $07CC10  base $01ABC6  kind=static_target
$07CC34  in func $07CC26  base $0852A0  kind=static_target
$07CCAA  in func $07CC68  base $085FA0  kind=static_target
$07CCF8  in func $07CCC6  base $01ABB6  kind=static_target
$07CD1C  in func $07CCFE  base $084060  kind=static_target
$07CD30  in func $07CD22  base $084920  kind=static_target
$07CD70  in func $07CD42  base $084920  kind=static_target
$07CE18  in func $07CE12  base $084920  kind=static_target
$07CE66  in func $07CE66  base $084920  kind=static_target
$07CE8A  in func $07CE6C  base $0852D0  kind=static_target
$07CF08  in func $07CF02  base $085102  kind=static_target
$07CF0E  in func $07CF0E  base $01ABB6  kind=static_target
$07CF48  in func $07CF48  base $01ABB6  kind=static_target
$07CFBC  in func $07CFA4  base $01ABC6  kind=static_target
$07D050  in func $07D050  base $01ABC6  kind=static_target
$07D096  in func $07D078  base $01ABB6  kind=static_target
$07D116  in func $07D110  base $0852A0  kind=static_target
$07D14A  in func $07D134  base $01ABB6  kind=static_target
$07D234  in func $07D234  base $000000  kind=dynamic_register
$07D358  in func $07D358  base $000000  kind=dynamic_register
$07D3B8  in func $07D39E  base $085940  kind=static_target
$07D3C6  in func $07D3BE  base $085A98  kind=static_target
$07DE24  in func $07DDB4  base $085940  kind=static_target
$07DE28  in func $07DE28  base $085CA4  kind=static_target
$07DEA2  in func $07DEA2  base $08488A  kind=static_target
$07DF88  in func $07DF84  base $08488A  kind=static_target
$07DF96  in func $07DF8C  base $07DF9A  kind=fallback_hybrid/offset_table
$07DFB4  in func $07DFB4  base $08488A  kind=static_target
$07DFD8  in func $07DFB8  base $01ABC6  kind=static_target
$07E010  in func $07E00C  base $01ABC6  kind=static_target
$07E040  in func $07E016  base $0842A8  kind=static_target
$07E0C6  in func $07E0B8  base $07E0CA  kind=fallback_hybrid/offset_table
$07E0F4  in func $07E0F4  base $01ABC6  kind=static_target
$07E11E  in func $07E108  base $01ABC6  kind=static_target
$07E156  in func $07E13C  base $01ABC6  kind=static_target
$07E164  in func $07E15C  base $01ABC6  kind=static_target
$07E180  in func $07E16A  base $01ABC6  kind=static_target
$07E1A6  in func $07E1A6  base $01ABC6  kind=static_target
$07E1DE  in func $07E1DE  base $01ABC6  kind=static_target
$07E1F6  in func $07E1E4  base $01ABC6  kind=static_target
$07E236  in func $07E236  base $01ABC6  kind=static_target
$07E258  in func $07E24A  base $085BA8  kind=static_target
$07E4C8  in func $07E4B6  base $01ABB6  kind=static_target
$07E764  in func $07E758  base $0849A2  kind=static_target
$07E778  in func $07E768  base $0849C6  kind=static_target
$07E7C8  in func $07E7B4  base $01040C  kind=static_target
$07E808  in func $07E800  base $01040C  kind=static_target
$07E898  in func $07E898  base $084914  kind=static_target
$07E8F2  in func $07E8E2  base $084914  kind=static_target
$07E910  in func $07E908  base $0852A0  kind=static_target
$07E978  in func $07E972  base $085180  kind=static_target
$07E9CA  in func $07E9CA  base $01ABC6  kind=static_target
$07E9D0  in func $07E9D0  base $0852A0  kind=static_target
$07E9F2  in func $07E9D4  base $01ABC6  kind=static_target
$07E9F8  in func $07E9F8  base $0852A0  kind=static_target
$07EA38  in func $07EA30  base $084920  kind=static_target
$07EA62  in func $07EA5E  base $084920  kind=static_target
$07EA66  in func $07EA66  base $0852A0  kind=static_target
$07EAB2  in func $07EA9A  base $084920  kind=static_target
$07EAC8  in func $07EAC8  base $085102  kind=static_target
$07EB08  in func $07EB08  base $01ABC6  kind=static_target
$07EB2E  in func $07EB0E  base $0852D0  kind=static_target
$07EC36  in func $07EC24  base $01ABC6  kind=static_target
$07EC42  in func $07EC3C  base $0849D8  kind=static_target
$07EE1A  in func $07EE12  base $085A9C  kind=static_target
$07EEC8  in func $07EE94  base $084060  kind=static_target
$07EEEA  in func $07EECC  base $085F86  kind=static_target
$07EF28  in func $07EF00  base $085FA0  kind=static_target
$07F0BA  in func $07F06C  base $084060  kind=static_target
$07F0CE  in func $07F0CE  base $085CA4  kind=static_target
$07F0FE  in func $07F0FE  base $084914  kind=static_target
$07F156  in func $07F150  base $08488A  kind=static_target
$07F190  in func $07F182  base $08488A  kind=static_target
$07F1C0  in func $07F194  base $084060  kind=static_target
$07F1DA  in func $07F1CC  base $084400  kind=static_target
$07F20C  in func $07F1FA  base $084580  kind=static_target
$07F22E  in func $07F220  base $01ABC6  kind=static_target
$07F330  in func $07F310  base $01ABB6  kind=static_target
$07F394  in func $07F37C  base $084A04  kind=static_target
$07F3AC  in func $07F398  base $084920  kind=static_target
$07F3C0  in func $07F3B0  base $084920  kind=static_target
$07F3E6  in func $07F3E2  base $084920  kind=static_target
$07F454  in func $07F43E  base $01ABC6  kind=static_target
$07F4E8  in func $07F4D4  base $01ABC6  kind=static_target
$07F4F6  in func $07F4EE  base $0852A0  kind=static_target
$07F51A  in func $07F4FA  base $084914  kind=static_target
$07F640  in func $07F62E  base $085180  kind=static_target
$07F644  in func $07F644  base $01ABB6  kind=static_target
$07F668  in func $07F64A  base $084934  kind=static_target
$07F680  in func $07F66C  base $084934  kind=static_target
$07F6AA  in func $07F6A2  base $084920  kind=static_target
$07F6C8  in func $07F6BA  base $084920  kind=static_target
$07F6F2  in func $07F6DE  base $084934  kind=static_target
$07F6F6  in func $07F6F6  base $0852A0  kind=static_target
$07F718  in func $07F708  base $084920  kind=static_target
$07F746  in func $07F71C  base $01ABC6  kind=static_target
$07F77C  in func $07F76A  base $01B588  kind=static_target
$07F7C8  in func $07F7C8  base $01ABC6  kind=static_target
$07F7F0  in func $07F7CE  base $01ABC6  kind=static_target
$07F89A  in func $07F884  base $01ABB6  kind=static_target
$07F922  in func $07F900  base $0857B4  kind=static_target
$07F9D2  in func $07F9C0  base $0857B4  kind=static_target
$07FA28  in func $07FA1A  base $0857B4  kind=static_target
$07FC0A  in func $07FC0A  base $085F86  kind=static_target
$07FC16  in func $07FC0E  base $085A94  kind=static_target
$07FF8A  in func $07FF6A  base $07FF8E  kind=fallback_hybrid/function_entry
$07FFD2  in func $07FFD2  base $08488A  kind=static_target
$0800FE  in func $0800EE  base $08488A  kind=static_target
$08015A  in func $08013A  base $0852AE  kind=static_target
$080174  in func $080160  base $084914  kind=static_target
$0801D4  in func $0801C6  base $084060  kind=static_target
$080202  in func $0801D8  base $0685E2  kind=static_target
$08024C  in func $08023E  base $08488A  kind=static_target
$0802D8  in func $0802C0  base $01ABC6  kind=static_target
$080308  in func $0802FE  base $001AD2  kind=static_target
$080406  in func $0803D6  base $085E3A  kind=static_target
$080418  in func $08040C  base $085E3A  kind=static_target
$0804AA  in func $080494  base $084914  kind=static_target
$0804BE  in func $0804B0  base $01ABC6  kind=static_target
$0804CC  in func $0804C8  base $084038  kind=static_target
$0804DA  in func $0804D2  base $0843AE  kind=static_target
$080530  in func $080522  base $01ABC6  kind=static_target
$080556  in func $080542  base $01ABC6  kind=static_target
$080570  in func $080562  base $01ABC6  kind=static_target
$08058C  in func $080584  base $08498C  kind=static_target
$0805BE  in func $0805AE  base $08494E  kind=static_target
$080608  in func $080608  base $08494E  kind=static_target
$080676  in func $080672  base $084920  kind=static_target
$080686  in func $08067A  base $08494E  kind=static_target
$0806D6  in func $0806D2  base $084920  kind=static_target
$080752  in func $08073A  base $01ABC6  kind=static_target
$08077C  in func $08077C  base $01ABC6  kind=static_target
$0807A6  in func $0807A6  base $01ABC6  kind=static_target
$0807B6  in func $0807B6  base $01ABC6  kind=static_target
$0807FE  in func $0807EE  base $084920  kind=static_target
$080838  in func $080834  base $084920  kind=static_target
$080884  in func $08087C  base $08494E  kind=static_target
$08089A  in func $080894  base $08494E  kind=static_target
$0808A8  in func $08089E  base $01ABB6  kind=static_target
$08093A  in func $08093A  base $01ABC6  kind=static_target
$080A52  in func $080A3A  base $084914  kind=static_target
$080A58  in func $080A56  base $084914  kind=static_target
$080AD0  in func $080AD0  base $0852A0  kind=static_target
$080B52  in func $080B50  base $0852A0  kind=static_target
$080C30  in func $080C2A  base $08488A  kind=static_target
$080C5C  in func $080C58  base $0845A0  kind=static_target
$080CAA  in func $080CA6  base $0845A0  kind=static_target
$080D12  in func $080CF8  base $01ABC6  kind=static_target
$080D4A  in func $080D30  base $084914  kind=static_target
$080D6C  in func $080D64  base $01ABC6  kind=static_target
$080DB8  in func $080DB8  base $01ABC6  kind=static_target
$080DCA  in func $080DBE  base $01ABC6  kind=static_target
$080DDA  in func $080DD0  base $01ABB6  kind=static_target
$080E1A  in func $080E02  base $01ABC6  kind=static_target
$080E26  in func $080E20  base $01ABB6  kind=static_target
$080EDE  in func $080ED6  base $085AA0  kind=static_target
$0810D0  in func $0810D0  base $01ABB6  kind=static_target
$08122A  in func $081220  base $085F86  kind=static_target
$081238  in func $081230  base $085A98  kind=static_target
$0815FC  in func $0815F2  base $001AD2  kind=static_target
$081676  in func $08160A  base $001380  kind=static_target
$0816EE  in func $0816E8  base $00172C  kind=static_target
$0817D4  in func $08179E  base $01ABB6  kind=static_target
$081852  in func $08180E  base $084220  kind=static_target
$0819FA  in func $0819EA  base $001AD2  kind=static_target
$081A70  in func $081A28  base $084220  kind=static_target
$081CC0  in func $081CA4  base $01ABB6  kind=static_target
$081D3E  in func $081D32  base $01ABC6  kind=static_target
$081D6C  in func $081D64  base $01ABC6  kind=static_target
$081DAC  in func $081D72  base $084060  kind=static_target
$081E16  in func $081E16  base $01ABC6  kind=static_target
$081E38  in func $081E28  base $085102  kind=static_target
$081E4A  in func $081E3C  base $01ABC6  kind=static_target
$081E7E  in func $081E7A  base $08498C  kind=static_target
$081F10  in func $081F0A  base $0849C6  kind=static_target
$081F32  in func $081F26  base $0850D4  kind=static_target
$081F76  in func $081F6A  base $084920  kind=static_target
$081F7A  in func $081F7A  base $08494E  kind=static_target
$081FE8  in func $081FDA  base $0852A0  kind=static_target
$08205C  in func $08204C  base $085070  kind=static_target
$0820B2  in func $08209E  base $084920  kind=static_target
$0820E2  in func $0820D0  base $01ABC6  kind=static_target
$0820F4  in func $0820EE  base $08488A  kind=static_target
$082180  in func $082176  base $084920  kind=static_target
$08218A  in func $082184  base $08494E  kind=static_target
$0821D8  in func $0821C2  base $01B588  kind=static_target
$082224  in func $082224  base $01B588  kind=static_target
$082340  in func $082340  base $01ABB6  kind=static_target
$082424  in func $082412  base $01B588  kind=static_target
$08244C  in func $08242A  base $001526  kind=static_target
$082494  in func $082494  base $01ABC6  kind=static_target
$082538  in func $0824F4  base $084060  kind=static_target
$082584  in func $082568  base $085070  kind=static_target
$082596  in func $082588  base $084920  kind=static_target
$0825B8  in func $0825AC  base $084920  kind=static_target
$0825C6  in func $0825BC  base $084040  kind=static_target
$08264E  in func $082632  base $0850D4  kind=static_target
$08269C  in func $08268A  base $0850D4  kind=static_target
$08271C  in func $0826FC  base $01ABC6  kind=static_target
$08273C  in func $082732  base $0013C2  kind=static_target
$082AD2  in func $082ABC  base $01AB52  kind=static_target
$083038  in func $083038  base $01ABB6  kind=static_target
$0830B4  in func $08307C  base $084220  kind=static_target
$0830BC  in func $0830B8  base $084220  kind=static_target
$08375A  in func $08375A  base $01B5D4  kind=static_target
$083798  in func $083798  base $01B588  kind=static_target
$0837C8  in func $0837B2  base $01ABC6  kind=static_target
$08382E  in func $083816  base $084060  kind=static_target
$083982  in func $08395E  base $086932  kind=static_target
$083996  in func $083988  base $0852A0  kind=static_target
$083A1E  in func $083A08  base $01ABC6  kind=static_target
$083A4A  in func $083A40  base $084920  kind=static_target
$083AB2  in func $083A92  base $00DCCA  kind=static_target
$083C18  in func $083C06  base $083C1C  kind=fallback_hybrid/offset_table
$083CA0  in func $083C90  base $00172C  kind=static_target
$083CAC  in func $083CA8  base $00172C  kind=static_target
$083CBA  in func $083CB4  base $085940  kind=static_target
$083CC6  in func $083CC0  base $085940  kind=static_target
$083DAC  in func $083D84  base $000000  kind=dynamic_register
$083E6C  in func $083E4C  base $08488A  kind=static_target
$083EC2  in func $083EC2  base $0852A0  kind=static_target
$083F70  in func $083F68  base $01ABC6  kind=static_target
$083FAE  in func $083F9E  base $01ABC6  kind=static_target
$084462  in func $08445A  base $000000  kind=dynamic_register
$084500  in func $084500  base $085FC4  kind=static_target
$08450C  in func $084504  base $000000  kind=dynamic_register
$08457E  in func $084576  base $000000  kind=dynamic_register
$0847E4  in func $0847C6  base $000000  kind=dynamic_register
$084896  in func $084892  base $000000  kind=dynamic_register
$0848B4  in func $0848AC  base $000000  kind=dynamic_register
$0848FC  in func $0848F4  base $000000  kind=dynamic_register
$084912  in func $08490A  base $000000  kind=dynamic_register
$08491A  in func $084914  base $01ABC6  kind=static_target
$08492E  in func $084920  base $01ABC6  kind=static_target
$084948  in func $084934  base $01ABC6  kind=static_target
$08496C  in func $08495E  base $01040C  kind=static_target
$08497E  in func $084972  base $01ABC6  kind=static_target
$084998  in func $08498C  base $01ABC6  kind=static_target
$0849BC  in func $0849BC  base $01ABC6  kind=static_target
$0849D2  in func $0849C6  base $01ABC6  kind=static_target
$0849EC  in func $0849D8  base $01ABC6  kind=static_target
$0849FE  in func $0849F2  base $01ABC6  kind=static_target
$084A16  in func $084A04  base $01ABC6  kind=static_target
$084A36  in func $084A1C  base $01ABC6  kind=static_target
$084A42  in func $084A3C  base $01ABC6  kind=static_target
$084A70  in func $084A70  base $01ABB6  kind=static_target
$084A9E  in func $084A98  base $01ABB6  kind=static_target
$084ACC  in func $084AC6  base $01ABB6  kind=static_target
$084AFA  in func $084AF4  base $01ABB6  kind=static_target
$084E4C  in func $084E3A  base $084E50  kind=fallback_hybrid/offset_table
$084F68  in func $084F5A  base $01ABC6  kind=static_target
$085082  in func $085070  base $01ABC6  kind=static_target
$0850B4  in func $0850A2  base $01ABC6  kind=static_target
$0850FC  in func $0850D4  base $01ABC6  kind=static_target
$08513A  in func $085102  base $01ABC6  kind=static_target
$08515A  in func $085140  base $01ABC6  kind=static_target
$08517A  in func $085160  base $01ABC6  kind=static_target
$0851AE  in func $085180  base $01ABC6  kind=static_target
$0851C6  in func $0851B4  base $01ABC6  kind=static_target
$085226  in func $085208  base $01ABC6  kind=static_target
$085632  in func $08562C  base $084400  kind=static_target
$08563C  in func $085636  base $084400  kind=static_target
$085644  in func $085640  base $084400  kind=static_target
$085656  in func $085652  base $08488A  kind=static_target
$085662  in func $08565E  base $01ABC6  kind=static_target
$08566E  in func $085668  base $01ABC6  kind=static_target
$085692  in func $08568E  base $000000  kind=dynamic_register
$08569A  in func $085694  base $01ABC6  kind=static_target
$0856B0  in func $0856A0  base $000000  kind=dynamic_register
$0856BC  in func $0856B2  base $084914  kind=static_target
$0856C8  in func $0856C4  base $084914  kind=static_target
$0856D6  in func $0856D0  base $0850D4  kind=static_target
$0856E4  in func $0856DE  base $085180  kind=static_target
$0856EE  in func $0856E8  base $08488A  kind=static_target
$0856FC  in func $0856F2  base $08488A  kind=static_target
$0857E6  in func $0857C2  base $0857EA  kind=fallback_hybrid/offset_table
$0859D6  in func $0859CE  base $0859D2  kind=fallback_hybrid/INTERIOR_UNRESOLVED
$085AEA  in func $085AD2  base $01ABC6  kind=static_target
$085AFC  in func $085AFC  base $01ABB6  kind=static_target
$085B2A  in func $085B1E  base $01ABB6  kind=static_target
$085B5A  in func $085B44  base $01ABB6  kind=static_target
$085B84  in func $085B84  base $001358  kind=static_target
$085BD6  in func $085BD6  base $08488A  kind=static_target
$085BF6  in func $085BDA  base $083C06  kind=static_target
$085C16  in func $085C00  base $085B8E  kind=static_target
$085C26  in func $085C1A  base $01ABB6  kind=static_target
$085D68  in func $085D48  base $000000  kind=dynamic_register
$085DE4  in func $085DE0  base $084060  kind=static_target
$085E36  in func $085E0E  base $084258  kind=static_target
$085E5E  in func $085E52  base $001380  kind=static_target
$085EAE  in func $085EAA  base $0852A0  kind=static_target
$085F24  in func $085F10  base $0852A0  kind=static_target
$085FF8  in func $085FDE  base $00172C  kind=static_target
$086134  in func $086132  base $001358  kind=static_target
$086148  in func $08613A  base $001358  kind=static_target
$08617A  in func $08614E  base $001526  kind=static_target
$08626A  in func $08625A  base $08626E  kind=fallback_hybrid/offset_table
$086302  in func $0862FE  base $01B588  kind=static_target
$086318  in func $086308  base $01ABC6  kind=static_target
$08631E  in func $08631E  base $01ABB6  kind=static_target
$086384  in func $08635E  base $001380  kind=static_target
$0863E6  in func $0863E6  base $01ABB6  kind=static_target
$086422  in func $086418  base $085E3A  kind=static_target
$08644C  in func $086438  base $001380  kind=static_target
$086452  in func $086452  base $01ABB6  kind=static_target
$086560  in func $086540  base $01ABC6  kind=static_target
$08658E  in func $08657A  base $084060  kind=static_target
$0865CC  in func $086592  base $084060  kind=static_target
$08669C  in func $086698  base $01AB52  kind=static_target
$0866C6  in func $0866BA  base $01AB52  kind=static_target
$0866D4  in func $0866CC  base $01AB52  kind=static_target
$0866E6  in func $0866DA  base $01AB52  kind=static_target
$086710  in func $08670C  base $01AB52  kind=static_target
$086726  in func $08671C  base $084040  kind=static_target
$086750  in func $086750  base $084920  kind=static_target
$086758  in func $086754  base $084920  kind=static_target
$08676C  in func $08675C  base $084040  kind=static_target
$0867BE  in func $0867BE  base $084920  kind=static_target
$0867D2  in func $0867CA  base $084920  kind=static_target
$0867FC  in func $0867EC  base $01ABC6  kind=static_target
$08681C  in func $086810  base $084920  kind=static_target
$086838  in func $086820  base $01ABC6  kind=static_target
$086850  in func $086850  base $085070  kind=static_target
$086898  in func $086894  base $085070  kind=static_target
$0868B2  in func $0868B2  base $085070  kind=static_target
$086980  in func $08694A  base $0869C6  kind=static_target
$086A4E  in func $086A3E  base $01DC56  kind=static_target
$086A5E  in func $086A54  base $01DC56  kind=static_target
$086D0E  in func $086CF6  base $08403C  kind=static_target
$086D64  in func $086D5E  base $085180  kind=static_target
$086D7E  in func $086D70  base $085140  kind=static_target
$086DAA  in func $086DA2  base $08488A  kind=static_target
$086E72  in func $086E5C  base $085208  kind=static_target
$086EEA  in func $086EEA  base $08488A  kind=static_target
$086EF6  in func $086EEE  base $01AB52  kind=static_target
$086F1E  in func $086EFC  base $084972  kind=static_target
$086F26  in func $086F26  base $01ABB6  kind=static_target
$086F3C  in func $086F3C  base $084400  kind=static_target
$08701A  in func $087016  base $000000  kind=dynamic_register
$087168  in func $08715A  base $085140  kind=static_target
$0871B0  in func $087172  base $084166  kind=static_target
$0871B8  in func $0871B4  base $084166  kind=static_target
$0871BC  in func $0871BC  base $085652  kind=static_target
$08728E  in func $087280  base $084920  kind=static_target
$0872A0  in func $087292  base $084920  kind=static_target
$0872C8  in func $0872A4  base $084920  kind=static_target
$0872DE  in func $0872CC  base $084920  kind=static_target
$08736C  in func $08736C  base $08488A  kind=static_target
$08742E  in func $08741C  base $084920  kind=static_target
$08745E  in func $08744C  base $084920  kind=static_target
$0874B0  in func $087480  base $01B662  kind=static_target
$0874C4  in func $0874B6  base $01B662  kind=static_target
$0874D2  in func $0874D2  base $01B662  kind=static_target
$0876DE  in func $0876D0  base $085140  kind=static_target
$08779C  in func $08778C  base $084A04  kind=static_target
$0877C2  in func $0877AC  base $084038  kind=static_target
$087826  in func $08780A  base $084920  kind=static_target
$087838  in func $08782C  base $084920  kind=static_target
$08785E  in func $087854  base $084060  kind=static_target
$0878CA  in func $0878B8  base $085416  kind=static_target
$0878E4  in func $0878CE  base $085140  kind=static_target
$087900  in func $0878E8  base $0852A0  kind=static_target
$08790C  in func $087904  base $01ABC6  kind=static_target
$087940  in func $08792E  base $085140  kind=static_target
$08794E  in func $08794A  base $084038  kind=static_target
$08799C  in func $087976  base $0841A6  kind=static_target
$0879BE  in func $0879A8  base $0857B4  kind=static_target
$0879DA  in func $0879C4  base $01ABC6  kind=static_target
$087A38  in func $087A2A  base $085140  kind=static_target
$087A78  in func $087A74  base $08488A  kind=static_target
$087AB8  in func $087A92  base $08488A  kind=static_target
$087ACA  in func $087ABC  base $085180  kind=static_target
$087B1E  in func $087B10  base $01AB52  kind=static_target
$087B50  in func $087B4C  base $01AB52  kind=static_target
$087BD8  in func $087BCA  base $085140  kind=static_target
$087C44  in func $087C0A  base $084060  kind=static_target
$087C6E  in func $087C60  base $0848B6  kind=static_target
$087CF6  in func $087CEC  base $0848B6  kind=static_target
$087D1C  in func $087D06  base $084060  kind=static_target
$087D5A  in func $087D4C  base $084934  kind=static_target
$087D6E  in func $087D5E  base $084934  kind=static_target
$087DA0  in func $087D86  base $085180  kind=static_target
$087DAA  in func $087DA4  base $085180  kind=static_target
$087DBC  in func $087DAE  base $084920  kind=static_target
$087DDE  in func $087DC0  base $01ABC6  kind=static_target
$087DE4  in func $087DE4  base $0852A0  kind=static_target
$087E38  in func $087E1A  base $01ABC6  kind=static_target
$087E42  in func $087E3E  base $01ABC6  kind=static_target
$087E8A  in func $087E86  base $01ABC6  kind=static_target
$087E9A  in func $087E90  base $084038  kind=static_target
$087EAA  in func $087E9E  base $084920  kind=static_target
$087EAE  in func $087EAE  base $01ABB6  kind=static_target
$087F72  in func $087F5C  base $085140  kind=static_target
$087F7A  in func $087F76  base $01ABC6  kind=static_target
$087FF6  in func $087FE4  base $01AB52  kind=static_target
$08804C  in func $088024  base $01AB52  kind=static_target
$088052  in func $088052  base $084BC0  kind=static_target
$088290  in func $088282  base $085140  kind=static_target
$088366  in func $08835E  base $085208  kind=static_target
$0883E0  in func $0883E0  base $01AB52  kind=static_target
$08840E  in func $08840E  base $01AB52  kind=static_target
$088472  in func $088460  base $085140  kind=static_target
$08849E  in func $088480  base $084060  kind=static_target
$0884DE  in func $0884D2  base $084700  kind=static_target
$088556  in func $088556  base $08488A  kind=static_target
$088562  in func $08855A  base $0852A0  kind=static_target
$088584  in func $088568  base $084914  kind=static_target
$088600  in func $0885FC  base $084060  kind=static_target
$088610  in func $088604  base $085C7E  kind=static_target
$08867A  in func $08867A  base $08488A  kind=static_target
$088712  in func $088712  base $08488A  kind=static_target
$088750  in func $088748  base $08488A  kind=static_target
$088772  in func $08876A  base $08488A  kind=static_target
$08878A  in func $088776  base $0685E2  kind=static_target
$0887A0  in func $088790  base $08488A  kind=static_target
$0887D4  in func $0887CA  base $084060  kind=static_target
$0887F0  in func $0887DA  base $01ABB6  kind=static_target
$088814  in func $088804  base $01040C  kind=static_target
$08881A  in func $08881A  base $01ABB6  kind=static_target
$088860  in func $088854  base $084914  kind=static_target
$08893C  in func $08893C  base $01ABC6  kind=static_target
$088946  in func $088942  base $01ABB6  kind=static_target
$08896C  in func $08894C  base $0852D0  kind=static_target
$088980  in func $088976  base $088984  kind=fallback_hybrid/offset_table
$088AE0  in func $088AD4  base $085F86  kind=static_target
$088BB0  in func $088B9C  base $085140  kind=static_target
$088BCC  in func $088BC0  base $084060  kind=static_target
$088C8E  in func $088C7C  base $084920  kind=static_target
$088D42  in func $088D30  base $084934  kind=static_target
$088D94  in func $088D94  base $08488A  kind=static_target
$088E74  in func $088E66  base $085140  kind=static_target
$088E94  in func $088E82  base $084060  kind=static_target
$088F0A  in func $088EFE  base $084898  kind=static_target
$088F62  in func $088F50  base $084920  kind=static_target
$088F6E  in func $088F6A  base $084040  kind=static_target
$088FD0  in func $088FBA  base $085208  kind=static_target
$088FE8  in func $088FDC  base $084060  kind=static_target
$089010  in func $08900C  base $0845A0  kind=static_target
$089052  in func $08904E  base $084404  kind=static_target
$089088  in func $089064  base $0841A6  kind=static_target
$0890C4  in func $0890C4  base $084934  kind=static_target
$0891AC  in func $08919E  base $085140  kind=static_target
$0891BE  in func $0891BA  base $084038  kind=static_target
$0891EE  in func $0891EE  base $084700  kind=static_target
$08920A  in func $0891F2  base $084060  kind=static_target
$08920E  in func $08920E  base $08488A  kind=static_target
$08924A  in func $089224  base $084114  kind=static_target
$089264  in func $089256  base $084934  kind=static_target
$08929C  in func $089298  base $084404  kind=static_target
$0892AE  in func $0892A0  base $085180  kind=static_target
$089322  in func $08931C  base $01AB52  kind=static_target
$08932E  in func $089328  base $01AB52  kind=static_target
$089334  in func $089334  base $01AB52  kind=static_target
$08938A  in func $08937C  base $085140  kind=static_target
$0893A0  in func $089394  base $084060  kind=static_target
$0893E2  in func $0893CC  base $01AB52  kind=static_target
$0893FA  in func $0893E8  base $084920  kind=static_target
$089408  in func $089404  base $084040  kind=static_target
$08942A  in func $089426  base $0845A0  kind=static_target
$089440  in func $08942E  base $084920  kind=static_target
$08944E  in func $08944A  base $084040  kind=static_target
$0894A2  in func $089494  base $085140  kind=static_target
$0894EE  in func $0894CA  base $085416  kind=static_target
$089524  in func $089512  base $08488A  kind=static_target
$089556  in func $089552  base $08488A  kind=static_target
$0895A0  in func $08957A  base $0841A6  kind=static_target
$08964A  in func $08963E  base $01ABC6  kind=static_target
$08965E  in func $089650  base $085140  kind=static_target
$089684  in func $089666  base $084B6E  kind=static_target
$089698  in func $08968A  base $084898  kind=static_target
$089834  in func $089826  base $085140  kind=static_target
$089902  in func $0898F2  base $08488A  kind=static_target
$08992E  in func $08992E  base $084464  kind=static_target
$089982  in func $089972  base $08488A  kind=static_target
$0899A0  in func $0899A0  base $084498  kind=static_target
$0899C2  in func $0899B4  base $084920  kind=static_target
$089A16  in func $089A04  base $0843AE  kind=static_target
$089A50  in func $089A3E  base $0843AE  kind=static_target
$089A68  in func $089A5A  base $085140  kind=static_target
$089A9E  in func $089A70  base $084060  kind=static_target
$089AB0  in func $089AA2  base $084898  kind=static_target
$089C58  in func $089C54  base $085140  kind=static_target
$089CDE  in func $089CDE  base $085070  kind=static_target
$089CFC  in func $089CE2  base $01ABC6  kind=static_target
$089D14  in func $089D14  base $085070  kind=static_target
$089D40  in func $089D3C  base $085070  kind=static_target
$089D72  in func $089D44  base $01ABC6  kind=static_target
$089D96  in func $089D78  base $01ABC6  kind=static_target
$089DA6  in func $089D9C  base $01DC56  kind=static_target
$089DB8  in func $089DAC  base $089DBC  kind=fallback_hybrid/offset_table
$089DC8  in func $089DC4  base $084060  kind=static_target
$089DDA  in func $089DCC  base $084060  kind=static_target
$089DEA  in func $089DDE  base $084060  kind=static_target
$089F64  in func $089F64  base $01B588  kind=static_target
$089FAE  in func $089F7E  base $084060  kind=static_target
$089FE6  in func $089FE2  base $08488A  kind=static_target
$08A0F0  in func $08A0EC  base $085088  kind=static_target
$08A1FC  in func $08A1D4  base $0852D0  kind=static_target
$08A242  in func $08A20C  base $0852D0  kind=static_target
$08A266  in func $08A258  base $01B588  kind=static_target
$08A27A  in func $08A26C  base $01B588  kind=static_target
$08A2DC  in func $08A2DC  base $01B588  kind=static_target
$08A2F6  in func $08A2E2  base $01B588  kind=static_target
$08A312  in func $08A304  base $01B588  kind=static_target
$08A32A  in func $08A32A  base $01B588  kind=static_target
$08A354  in func $08A344  base $01B588  kind=static_target
$08A39C  in func $08A398  base $08A3A0  kind=fallback_hybrid/offset_table
$08A46A  in func $08A44A  base $085070  kind=static_target
$08A516  in func $08A516  base $0852A0  kind=static_target
$08A596  in func $08A596  base $08488A  kind=static_target
$08A622  in func $08A612  base $084920  kind=static_target
$08A652  in func $08A644  base $085140  kind=static_target
$08A67A  in func $08A67A  base $085140  kind=static_target
$08A6C2  in func $08A6C2  base $085140  kind=static_target
$08A6DA  in func $08A6C6  base $085140  kind=static_target
$08A704  in func $08A704  base $084060  kind=static_target
$08A718  in func $08A718  base $084060  kind=static_target
$08A742  in func $08A72C  base $01ABC6  kind=static_target
$08A758  in func $08A748  base $084038  kind=static_target
$08A884  in func $08A870  base $01ABC6  kind=static_target
$08A8D6  in func $08A8BA  base $01ABB6  kind=static_target
$08A912  in func $08A902  base $0852D0  kind=static_target
$08AB6A  in func $08AB6A  base $0842A8  kind=static_target
$08AB82  in func $08AB82  base $0850BA  kind=static_target
$08AC7A  in func $08AC70  base $01DC56  kind=static_target
$08ACDC  in func $08ACCE  base $01ABC6  kind=static_target
$08AD3C  in func $08AD3C  base $085160  kind=static_target
$08AD7E  in func $08AD7E  base $085160  kind=static_target
$08AD98  in func $08AD82  base $085160  kind=static_target
$08ADC6  in func $08ADBC  base $085160  kind=static_target
$08AE08  in func $08AE08  base $085160  kind=static_target
$08AE40  in func $08AE40  base $085160  kind=static_target
$08AE5E  in func $08AE56  base $085160  kind=static_target
$08AE92  in func $08AE92  base $085160  kind=static_target
$08AE9C  in func $08AE96  base $085160  kind=static_target
$08AEA0  in func $08AEA0  base $085160  kind=static_target
$08AEB6  in func $08AEB2  base $08498C  kind=static_target
$08AED0  in func $08AECC  base $08498C  kind=static_target
$08AEE6  in func $08AEE2  base $08498C  kind=static_target
$08AF3A  in func $08AF32  base $08498C  kind=static_target
$08AF9E  in func $08AF9E  base $0856D0  kind=static_target
$08B064  in func $08B054  base $01DC56  kind=static_target
$08B07A  in func $08B06A  base $01DC56  kind=static_target
$08B134  in func $08B114  base $0852AE  kind=static_target
$08B1D0  in func $08B1D0  base $085140  kind=static_target
$08B1E8  in func $08B1E0  base $085140  kind=static_target
$08B224  in func $08B224  base $085140  kind=static_target
$08B22C  in func $08B228  base $085140  kind=static_target
$08B266  in func $08B256  base $0852D0  kind=static_target
$08B274  in func $08B26A  base $01DC56  kind=static_target
$08B2C8  in func $08B2C8  base $084060  kind=static_target
$08B2EA  in func $08B2DA  base $085140  kind=static_target
$08B30C  in func $08B30C  base $085140  kind=static_target
$08B324  in func $08B31C  base $085140  kind=static_target
$08B34A  in func $08B330  base $01ABB6  kind=static_target
$08B37E  in func $08B370  base $01B588  kind=static_target
$08B3A4  in func $08B384  base $01B588  kind=static_target
$08B468  in func $08B458  base $0852D0  kind=static_target
$08B4E8  in func $08B4E8  base $084038  kind=static_target
$08B4F4  in func $08B4EC  base $085140  kind=static_target
$08B526  in func $08B512  base $01ABC6  kind=static_target
$08B56A  in func $08B554  base $084038  kind=static_target
$08B58C  in func $08B58C  base $085140  kind=static_target
$08B5E8  in func $08B5DC  base $085070  kind=static_target
$08B608  in func $08B608  base $0852A0  kind=static_target
$08B622  in func $08B616  base $085140  kind=static_target
$08B652  in func $08B652  base $0852A0  kind=static_target
$08B6A8  in func $08B6A8  base $01ABB6  kind=static_target
$08B72C  in func $08B720  base $01ABC6  kind=static_target
$08B750  in func $08B73A  base $01ABC6  kind=static_target
$08B762  in func $08B762  base $01ABB6  kind=static_target
$08B78A  in func $08B786  base $01ABC6  kind=static_target
$08B79C  in func $08B798  base $0850D4  kind=static_target
$08B8B2  in func $08B89A  base $084060  kind=static_target
$08B8BE  in func $08B8B6  base $085140  kind=static_target
$08B8F6  in func $08B8F2  base $084920  kind=static_target
$08BAFA  in func $08BAE4  base $085208  kind=static_target
$08BB8C  in func $08BB78  base $0848B6  kind=static_target
$08BC04  in func $08BC04  base $085636  kind=static_target
$08BC22  in func $08BC1E  base $084898  kind=static_target
$08BC90  in func $08BC6C  base $08488A  kind=static_target
$08BCD8  in func $08BCBA  base $084400  kind=static_target
$08BD16  in func $08BCF4  base $01AB52  kind=static_target
$08BD3C  in func $08BD3C  base $08488A  kind=static_target
$08BD82  in func $08BD7A  base $01ABC6  kind=static_target
$08BD96  in func $08BD88  base $00F93C  kind=static_target
$08BDD8  in func $08BDC2  base $084060  kind=static_target
$08BE68  in func $08BE50  base $084114  kind=static_target
$08BE92  in func $08BE92  base $085140  kind=static_target
$08BEA2  in func $08BE96  base $085140  kind=static_target
$08BEAC  in func $08BEA6  base $085140  kind=static_target
$08BF48  in func $08BF3E  base $084934  kind=static_target
$08BF60  in func $08BF4C  base $085180  kind=static_target
$08BF7C  in func $08BF74  base $085180  kind=static_target
$08BFC2  in func $08BFB4  base $085140  kind=static_target
$08BFEE  in func $08BFD4  base $084060  kind=static_target
$08C00A  in func $08C00A  base $08488A  kind=static_target
$08C02C  in func $08C026  base $084400  kind=static_target
$08C0DA  in func $08C0D4  base $08488A  kind=static_target
$08C0F4  in func $08C0F4  base $08488A  kind=static_target
$08C130  in func $08C11E  base $084920  kind=static_target
$08C13E  in func $08C13A  base $084040  kind=static_target
$08C18E  in func $08C17C  base $084934  kind=static_target
$08C19E  in func $08C19A  base $084040  kind=static_target
$08C2F6  in func $08C2E8  base $085140  kind=static_target
$08C324  in func $08C2FE  base $084060  kind=static_target
$08C336  in func $08C32A  base $084060  kind=static_target
$08C348  in func $08C33C  base $084060  kind=static_target
$08C36C  in func $08C36C  base $084400  kind=static_target
$08C388  in func $08C370  base $084934  kind=static_target
$08C3C0  in func $08C3BC  base $08C3C4  kind=fallback_hybrid/offset_table
$08C424  in func $08C41E  base $084CAC  kind=static_target
$08C42C  in func $08C428  base $08C430  kind=fallback_hybrid/offset_table
$08C452  in func $08C436  base $084898  kind=static_target
$08C48A  in func $08C484  base $08488A  kind=static_target
$08C492  in func $08C48E  base $08C496  kind=fallback_hybrid/offset_table
$08C49C  in func $08C49C  base $08488A  kind=static_target
$08C4BE  in func $08C4BA  base $08C4C2  kind=fallback_hybrid/offset_table
$08C4FE  in func $08C4F8  base $08488A  kind=static_target
$08C51E  in func $08C502  base $084920  kind=static_target
$08C544  in func $08C522  base $084920  kind=static_target
$08C5A6  in func $08C594  base $084114  kind=static_target
$08C5BA  in func $08C5BA  base $084114  kind=static_target
$08C5C4  in func $08C5C0  base $084114  kind=static_target
$08C646  in func $08C638  base $085140  kind=static_target
$08C65C  in func $08C64E  base $084060  kind=static_target
$08C68C  in func $08C680  base $01AB52  kind=static_target
$08C6AC  in func $08C692  base $084934  kind=static_target
$08C6D0  in func $08C6CA  base $084934  kind=static_target
$08C73C  in func $08C72E  base $085140  kind=static_target
$08C7AA  in func $08C79C  base $08488A  kind=static_target
$08C7EC  in func $08C7DE  base $084920  kind=static_target
$08C7FC  in func $08C7F8  base $084040  kind=static_target
$08C8A8  in func $08C8A8  base $08488A  kind=static_target
$08C8F0  in func $08C8E6  base $084934  kind=static_target
$08C982  in func $08C96C  base $085208  kind=static_target
$08C9E6  in func $08C9E2  base $084400  kind=static_target
$08CA1C  in func $08CA16  base $084400  kind=static_target
$08CA74  in func $08CA74  base $084400  kind=static_target
$08CAA6  in func $08CA96  base $084400  kind=static_target
$08CB02  in func $08CADA  base $08488A  kind=static_target
$08CB7A  in func $08CB56  base $084914  kind=static_target
$08CB90  in func $08CB90  base $01ABB6  kind=static_target
$08CBEC  in func $08CB9E  base $084114  kind=static_target
$08CC1A  in func $08CC14  base $01AB52  kind=static_target
$08CC36  in func $08CC2E  base $01AB52  kind=static_target
$08CC54  in func $08CC3C  base $0685E2  kind=static_target
$08CCAE  in func $08CC8C  base $084220  kind=static_target
$08CCD4  in func $08CCC2  base $01AB52  kind=static_target
$08CCF0  in func $08CCE8  base $01AB52  kind=static_target
$08CD2A  in func $08CCF6  base $084060  kind=static_target
$08CD58  in func $08CD4C  base $085160  kind=static_target
$08CD66  in func $08CD5C  base $084114  kind=static_target
$08CD92  in func $08CD92  base $084388  kind=static_target
$08CDB4  in func $08CD9C  base $0852AE  kind=static_target
$08CE30  in func $08CE30  base $085088  kind=static_target
$08CE4E  in func $08CE34  base $01ABC6  kind=static_target
$08CE54  in func $08CE54  base $0852A0  kind=static_target
$08CE7E  in func $08CE72  base $084388  kind=static_target
$08CEA8  in func $08CEA8  base $084400  kind=static_target
$08CF0A  in func $08CF0A  base $084400  kind=static_target
$08CF30  in func $08CF1E  base $01ABC6  kind=static_target
$08CF5C  in func $08CF5C  base $01ABB6  kind=static_target
$08D012  in func $08CFFE  base $084220  kind=static_target
$08D050  in func $08D046  base $084114  kind=static_target
$08D0AA  in func $08D0AA  base $0852AE  kind=static_target
$08D0DA  in func $08D0AE  base $084060  kind=static_target
$08D110  in func $08D0EA  base $00172C  kind=static_target
$08D33E  in func $08D33E  base $085140  kind=static_target
$08D364  in func $08D344  base $0685E2  kind=static_target
$08D384  in func $08D370  base $085140  kind=static_target
$08D3EC  in func $08D3E8  base $085140  kind=static_target
$08D44A  in func $08D446  base $085140  kind=static_target
$08D4C6  in func $08D4C2  base $01ABC6  kind=static_target
$08D4DE  in func $08D4CC  base $085160  kind=static_target
$08D500  in func $08D4E4  base $0852AE  kind=static_target
$08D538  in func $08D538  base $01ABB6  kind=static_target
$08D556  in func $08D53E  base $085FA0  kind=static_target
$08D598  in func $08D586  base $085070  kind=static_target
$08D5AA  in func $08D5A6  base $084038  kind=static_target
$08D5CE  in func $08D5BE  base $084060  kind=static_target
$08D5F4  in func $08D5F4  base $08488A  kind=static_target
$08D610  in func $08D602  base $084934  kind=static_target
$08D67A  in func $08D67A  base $084400  kind=static_target
$08D6A8  in func $08D6A8  base $084060  kind=static_target
$08D6D0  in func $08D6CA  base $08488A  kind=static_target
$08D6E0  in func $08D6D6  base $0852A0  kind=static_target
$08D71E  in func $08D6E6  base $01ABC6  kind=static_target
$08D736  in func $08D736  base $0852A0  kind=static_target
$08D772  in func $08D768  base $084400  kind=static_target
$08D78E  in func $08D78E  base $084400  kind=static_target
$08D7A2  in func $08D79C  base $084400  kind=static_target
$08D81A  in func $08D81A  base $084400  kind=static_target
$08D880  in func $08D876  base $01DC56  kind=static_target
$08DB0E  in func $08DAFC  base $085140  kind=static_target
$08DB38  in func $08DB1E  base $084060  kind=static_target
$08DB8E  in func $08DB76  base $085416  kind=static_target
$08DBCE  in func $08DBC6  base $084898  kind=static_target
$08DC3C  in func $08DC24  base $084920  kind=static_target
$08DC68  in func $08DC62  base $0850D4  kind=static_target
$08DC96  in func $08DC80  base $0857B4  kind=static_target
$08DCC4  in func $08DCC4  base $085732  kind=static_target
$08DD46  in func $08DD38  base $085140  kind=static_target
$08DDF2  in func $08DDE6  base $08488A  kind=static_target
$08DE34  in func $08DE26  base $084934  kind=static_target
$08DF4C  in func $08DF3C  base $084920  kind=static_target
$08DF62  in func $08DF52  base $084920  kind=static_target
$08E0BC  in func $08E0A4  base $085208  kind=static_target
$08E104  in func $08E0F0  base $084400  kind=static_target
$08E19C  in func $08E184  base $085208  kind=static_target
$08E1B8  in func $08E1AA  base $084328  kind=static_target
$08E206  in func $08E202  base $0845A0  kind=static_target
$08E24A  in func $08E236  base $01ABC6  kind=static_target
$08E2B2  in func $08E2A6  base $01ABC6  kind=static_target
$08E2B8  in func $08E2B8  base $01ABB6  kind=static_target
$08E2CE  in func $08E2CE  base $084920  kind=static_target
$08E2E4  in func $08E2D4  base $084220  kind=static_target
$08E35E  in func $08E35C  base $01ABB6  kind=static_target
$08E664  in func $08E656  base $085140  kind=static_target
$08E6B2  in func $08E696  base $084166  kind=static_target
$08E700  in func $08E6E6  base $08488A  kind=static_target
$08E76C  in func $08E76C  base $01ABC6  kind=static_target
$08E772  in func $08E772  base $0852A0  kind=static_target
$08E7F2  in func $08E7D4  base $084C72  kind=static_target
$08E85C  in func $08E856  base $084C72  kind=static_target
$08E87A  in func $08E876  base $000000  kind=dynamic_register
$08E8B8  in func $08E8B2  base $084C72  kind=static_target
$08E8C4  in func $08E8C4  base $08488A  kind=static_target
$08E94C  in func $08E946  base $084C72  kind=static_target
$08E9CE  in func $08E9C4  base $08E9D2  kind=fallback_hybrid/offset_table
$08EA7A  in func $08EA6C  base $085140  kind=static_target
$08EAC6  in func $08EAAA  base $084114  kind=static_target
$08EACC  in func $08EACC  base $08488A  kind=static_target
$08EB28  in func $08EB0A  base $084060  kind=static_target
$08EB78  in func $08EB2E  base $084060  kind=static_target
$08EB9E  in func $08EB8E  base $084A04  kind=static_target
$08EC1C  in func $08EC1C  base $08488A  kind=static_target
$08EC58  in func $08EC46  base $01ABC6  kind=static_target
$08EC82  in func $08EC74  base $01ABC6  kind=static_target
$08ECB0  in func $08ECB0  base $08488A  kind=static_target
$08ECE6  in func $08ECDA  base $08488A  kind=static_target
$08ED18  in func $08ED0E  base $08488A  kind=static_target
$08ED3E  in func $08ED3E  base $08459C  kind=static_target
$08EDB4  in func $08EDA6  base $085140  kind=static_target
$08EE16  in func $08EE0E  base $084060  kind=static_target
$08EF68  in func $08EF3C  base $01ABC6  kind=static_target
$08EF74  in func $08EF6E  base $0852A0  kind=static_target
$08EF8E  in func $08EF84  base $0843AE  kind=static_target
$08EFBE  in func $08EF94  base $084220  kind=static_target
$08F008  in func $08F004  base $0843AE  kind=static_target
$08F03C  in func $08F036  base $084920  kind=static_target
$08F048  in func $08F042  base $084920  kind=static_target
$08F10C  in func $08F0CA  base $084220  kind=static_target
$08F164  in func $08F11E  base $01ABC6  kind=static_target
$08F16E  in func $08F11E  base $0851D8  kind=static_target
$08F194  in func $08F11E  base $01ABC6  kind=static_target
$08F374  in func $08F36E  base $01AB52  kind=static_target
$08F38A  in func $08F37A  base $01ABC6  kind=static_target
$08F3B8  in func $08F390  base $01ABB6  kind=static_target
$08F3E2  in func $08F3DE  base $00172C  kind=static_target
$08F3F0  in func $08F3F0  base $02F77C  kind=static_target
$08F47C  in func $08F45E  base $0851B4  kind=static_target
$08F482  in func $08F45E  base $085070  kind=static_target
$08F4B0  in func $08F48E  base $084FA4  kind=static_target
$08F4BA  in func $08F48E  base $084038  kind=static_target
$08F4EA  in func $08F4E2  base $01AB52  kind=static_target
$08F532  in func $08F514  base $084060  kind=static_target
$08F764  in func $08F756  base $085070  kind=static_target
$08F774  in func $08F770  base $084038  kind=static_target
$08F7D4  in func $08F7A4  base $01ABC6  kind=static_target
$08F7DA  in func $08F7DA  base $0851D8  kind=static_target
$08F80C  in func $08F7F4  base $085416  kind=static_target
$08F818  in func $08F812  base $08488A  kind=static_target
$08F870  in func $08F862  base $08459C  kind=static_target
$08F8C0  in func $08F89A  base $01AB52  kind=static_target
$08F8D8  in func $08F8C6  base $01AB52  kind=static_target
$08F900  in func $08F8F0  base $084A04  kind=static_target
$08F948  in func $08F948  base $08488A  kind=static_target
$08F970  in func $08F95C  base $084934  kind=static_target
$08F99E  in func $08F99E  base $084400  kind=static_target
$08F9C8  in func $08F9C8  base $08488A  kind=static_target
$08FB24  in func $08FAEC  base $01ABC6  kind=static_target
$08FB30  in func $08FB2A  base $085088  kind=static_target
$08FB36  in func $08FB36  base $08594E  kind=static_target
$08FB46  in func $08FB42  base $084038  kind=static_target
$08FB70  in func $08FB70  base $08459C  kind=static_target
$08FB8A  in func $08FB76  base $0840B0  kind=static_target
$08FBB2  in func $08FB90  base $085180  kind=static_target
$08FBBE  in func $08FBB8  base $084400  kind=static_target
$08FD9A  in func $08FD96  base $085140  kind=static_target
$08FDAA  in func $08FDA0  base $085140  kind=static_target
$08FDC8  in func $08FDBA  base $08495E  kind=static_target
$08FE00  in func $08FDD8  base $084060  kind=static_target
$08FE0A  in func $08FE06  base $08488A  kind=static_target
$08FE30  in func $08FE26  base $084898  kind=static_target
$08FE88  in func $08FE88  base $0852A0  kind=static_target
$08FEC2  in func $08FE8E  base $08494E  kind=static_target
$08FECE  in func $08FEC8  base $08494E  kind=static_target
$08FF0C  in func $08FF06  base $084920  kind=static_target
$08FF3C  in func $08FF22  base $0850D4  kind=static_target
$08FF54  in func $08FF42  base $0850D4  kind=static_target
$08FF6C  in func $08FF5A  base $084B5C  kind=static_target
$0901B2  in func $090188  base $084060  kind=static_target
$0901E4  in func $0901D0  base $084914  kind=static_target
$0902E6  in func $0902BE  base $084258  kind=static_target
$09034C  in func $090346  base $08488A  kind=static_target
$090394  in func $090368  base $0852A0  kind=static_target
$0903BC  in func $0903BA  base $084A04  kind=static_target
$090420  in func $090420  base $084388  kind=static_target
$09048A  in func $09048A  base $084388  kind=static_target
$0904A6  in func $090490  base $084388  kind=static_target
$0904B4  in func $0904B4  base $084388  kind=static_target
$090568  in func $090568  base $01ABB6  kind=static_target
$0905A2  in func $090592  base $01ABB6  kind=static_target
$0905F0  in func $0905E8  base $085AA0  kind=static_target
$090714  in func $090700  base $085140  kind=static_target
$09072E  in func $09072E  base $085140  kind=static_target
$090762  in func $090744  base $084920  kind=static_target
$090796  in func $090774  base $09079A  kind=fallback_hybrid/offset_table
$0907A2  in func $0907A2  base $01ABB6  kind=static_target
$0907D8  in func $0907D8  base $01ABC6  kind=static_target
$0907F4  in func $0907DE  base $01ABC6  kind=static_target
$090920  in func $090920  base $01ABC6  kind=static_target
$09095E  in func $09095E  base $01ABC6  kind=static_target
$090A0A  in func $0909F4  base $01ABB6  kind=static_target
$090B06  in func $090AF2  base $084220  kind=static_target
$090BF2  in func $090BEE  base $000000  kind=dynamic_register
$090D2A  in func $090D20  base $01ABC6  kind=static_target
$090D72  in func $090D72  base $0852A0  kind=static_target
$090E48  in func $090E3E  base $01ABC6  kind=static_target
$090E94  in func $090E94  base $01ABB6  kind=static_target
$090ECA  in func $090EBE  base $085FC4  kind=static_target
$090F00  in func $090EFC  base $00C4D2  kind=static_target
$090F5E  in func $090F54  base $01ABB6  kind=static_target
$091524  in func $09151E  base $000000  kind=dynamic_register
$09156A  in func $09155E  base $01ABC6  kind=static_target
$091594  in func $091570  base $01ABB6  kind=static_target
$0915D8  in func $0915D8  base $085140  kind=static_target
$0915F0  in func $0915F0  base $085140  kind=static_target
$091648  in func $091648  base $085140  kind=static_target
$091678  in func $091678  base $085140  kind=static_target
$0916A2  in func $0916A2  base $085140  kind=static_target
$0916E8  in func $0916E4  base $084920  kind=static_target
$091734  in func $091734  base $084920  kind=static_target
$091750  in func $091750  base $084920  kind=static_target
$0917AE  in func $0917AE  base $084934  kind=static_target
$0917BA  in func $0917B4  base $085140  kind=static_target
$091858  in func $09181C  base $01ABC6  kind=static_target
$09186A  in func $09185E  base $09186E  kind=fallback_hybrid/offset_table
$09192A  in func $091914  base $085088  kind=static_target
$091A00  in func $0919F2  base $085140  kind=static_target
$091A94  in func $091A88  base $08488A  kind=static_target
$091AE6  in func $091AD2  base $084060  kind=static_target
$091B0E  in func $091B08  base $08494E  kind=static_target
$091B38  in func $091B26  base $08494E  kind=static_target
$091B50  in func $091B3E  base $08494E  kind=static_target
$091B84  in func $091B70  base $08494E  kind=static_target
$091BA2  in func $091B8A  base $08494E  kind=static_target
$091BB6  in func $091BA8  base $084934  kind=static_target
$091BF4  in func $091BEE  base $084E3A  kind=static_target
$091C50  in func $091C42  base $085140  kind=static_target
$091C94  in func $091C80  base $084060  kind=static_target
$091CA0  in func $091C9A  base $08488A  kind=static_target
$091CF0  in func $091CE8  base $01AB52  kind=static_target
$091D0C  in func $091D0C  base $084700  kind=static_target
$091D60  in func $091D52  base $084934  kind=static_target
$091E1C  in func $091E1C  base $08488A  kind=static_target
$091E78  in func $091E72  base $08495E  kind=static_target
$092A18  in func $092A0E  base $092A1C  kind=fallback_hybrid/offset_table
$092ACE  in func $092ABE  base $01ABC6  kind=static_target
$1FBFA0  in func $1FB6CE  base $000000  kind=dynamic_register
