# JMP-table dispatch audit
# total sites: 5450
#
# Summary:
#   static_target           5142  (JMP with statically resolved target — safe)
#   in_function_switch         0  (JMP(PC,Dn.W) compiled to in-function switch+goto — safe, this is the Duff's-device fix)
#   dynamic_register          56  (JMP (An)/(d,An)/(An,Xn) — runtime address from register, safe via call_by_address)
#   fallback_hybrid                — JMP(PC,Dn.W) routed through hybrid_jmp_interpret; subdivided:
#     function_entry          99    (base IS a registered function — call_by_address resolves it directly)
#     bra_w_trampoline         0    (base opcode = 0x6000; runtime miss feedback works)
#     offset_table           151    (base is a dc.w (target-base) table; 1+ entries decode to functions — runtime resolves it)
#     INTERIOR_UNRESOLVED      2    (DANGER: base is interior to a function, NOT one of the safe patterns above — silent failure class like pre-fix CPZ)
#     external_unresolved      0    (base outside any known function — investigate)
#   unsupported                0  (decoder hit a JMP mode the emitter doesn't handle)
#
# When `interior_unresolved` is non-zero, inspect each site — these are
# Sonic-2-CPZ-style silent-failure candidates. Either the recompiler's
# Duff's-device probe (probe_pc_idx_targets) didn't match, or the table
# really is a new pattern that needs new codegen support.
#
# Format: <jmp_addr>  in func <func>  base <base>  kind=<kind>[ targets=N]

$0003BA  in func $0003AC  base $300000  kind=static_target
$0007B4  in func $000780  base $001BF0  kind=static_target
$00094C  in func $00088C  base $001BF0  kind=static_target
$000954  in func $00088C  base $001BF0  kind=static_target
$000A82  in func $000978  base $001BF0  kind=static_target
$000BFA  in func $000B5C  base $001BF0  kind=static_target
$000C1A  in func $000C00  base $001BF0  kind=static_target
$000C38  in func $000C20  base $001BF0  kind=static_target
$000C4A  in func $000C3E  base $001BF0  kind=static_target
$000D0C  in func $000D0C  base $FFFFFFF6  kind=static_target
$001644  in func $00163C  base $000000  kind=dynamic_register
$0018FA  in func $0018D4  base $00194A  kind=fallback_hybrid/function_entry
$001BD0  in func $001B4E  base $001AEA  kind=static_target
$002156  in func $002142  base $00215C  kind=fallback_hybrid/offset_table
$003BDC  in func $003BDC  base $002142  kind=static_target
$0048FE  in func $0048F2  base $01ABC6  kind=static_target
$004962  in func $00495C  base $01ABC6  kind=static_target
$0049A8  in func $00499C  base $01ABC6  kind=static_target
$004A56  in func $004A56  base $01ABC6  kind=static_target
$004ADE  in func $004ADE  base $01ABC6  kind=static_target
$004B2E  in func $004B16  base $01ABC6  kind=static_target
$004B9E  in func $004B86  base $01ABC6  kind=static_target
$004C3E  in func $004C3E  base $01ABC6  kind=static_target
$0056AA  in func $0056AA  base $01ABC6  kind=static_target
$0057D2  in func $0057D2  base $01ABC6  kind=static_target
$005850  in func $005848  base $01ABC6  kind=static_target
$0058A2  in func $00589A  base $01ABC6  kind=static_target
$00596C  in func $00596C  base $01ABC6  kind=static_target
$005C0A  in func $005BF6  base $01ABC6  kind=static_target
$005C54  in func $005C42  base $01ABC6  kind=static_target
$005CA8  in func $005CA2  base $01ABC6  kind=static_target
$005CE2  in func $005CE2  base $01ABC6  kind=static_target
$006E7C  in func $006E76  base $01ABB6  kind=static_target
$008E2A  in func $008E2A  base $01ABC6  kind=static_target
$008E9E  in func $008E94  base $01ABC6  kind=static_target
$008EE6  in func $008EDE  base $01ABC6  kind=static_target
$008F1E  in func $008F16  base $01ABC6  kind=static_target
$008F2E  in func $008F24  base $01ABC6  kind=static_target
$008F58  in func $008F50  base $01ABC6  kind=static_target
$009878  in func $00984C  base $001358  kind=static_target
$009C56  in func $009C52  base $001AD2  kind=static_target
$00AA24  in func $00A9E8  base $00AA28  kind=fallback_hybrid/function_entry
$00AAA0  in func $00AA98  base $001380  kind=static_target
$00AAFA  in func $00AAFA  base $01ABC6  kind=static_target
$00AB40  in func $00AB34  base $01ABC6  kind=static_target
$00AF50  in func $00AF24  base $01ABC6  kind=static_target
$00B028  in func $00B006  base $00C04C  kind=static_target
$00B032  in func $00B02E  base $00C04C  kind=static_target
$00B0BC  in func $00B0A6  base $0014E6  kind=static_target
$00B502  in func $00B4F6  base $01ABC6  kind=static_target
$00B648  in func $00B63C  base $01ABC6  kind=static_target
$00B6A0  in func $00B66E  base $01ABC6  kind=static_target
$00B6C0  in func $00B6A6  base $01ABC6  kind=static_target
$00B9C6  in func $00B9C2  base $00B4F6  kind=static_target
$00BF50  in func $00BF50  base $01ABC6  kind=static_target
$00C52C  in func $00C524  base $00C3E4  kind=static_target
$00C568  in func $00C560  base $00C3E4  kind=static_target
$00C860  in func $00C856  base $001380  kind=static_target
$00D304  in func $00D2F8  base $01ABC6  kind=static_target
$00D370  in func $00D30C  base $01ABC6  kind=static_target
$00D5F8  in func $00D5DE  base $01ABC6  kind=static_target
$00D674  in func $00D5FE  base $01ABC6  kind=static_target
$00D6CA  in func $00D6CA  base $01ABC6  kind=static_target
$00D77C  in func $00D774  base $01ABC6  kind=static_target
$00D788  in func $00D782  base $00D78C  kind=fallback_hybrid/function_entry
$00D84E  in func $00D83C  base $01ABC6  kind=static_target
$00D8BE  in func $00D8BE  base $01ABC6  kind=static_target
$00D90C  in func $00D90C  base $01ABC6  kind=static_target
$00DBAC  in func $00DB92  base $01AF88  kind=static_target
$00DCFE  in func $00DCCA  base $001358  kind=static_target
$00E8B4  in func $00E8AA  base $00E8B8  kind=fallback_hybrid/offset_table
$00EAEA  in func $00EAE6  base $01A596  kind=static_target
$0105EC  in func $0105E6  base $092A36  kind=static_target
$010618  in func $01060E  base $01061C  kind=fallback_hybrid/offset_table
$010AD2  in func $010ACE  base $01ABC6  kind=static_target
$010AD8  in func $010AD8  base $092A36  kind=static_target
$010AE8  in func $010ADE  base $010AEC  kind=fallback_hybrid/offset_table
$010D3A  in func $010D32  base $0013C2  kind=static_target
$010EA0  in func $010E82  base $001380  kind=static_target
$010F26  in func $010F22  base $001380  kind=static_target
$01172C  in func $01172C  base $010366  kind=static_target
$011974  in func $011958  base $001380  kind=static_target
$01199C  in func $01197A  base $001380  kind=static_target
$0119CC  in func $0119A2  base $001380  kind=static_target
$011A0E  in func $0119F6  base $001380  kind=static_target
$011A90  in func $011A16  base $001358  kind=static_target
$0122B8  in func $0122AA  base $001380  kind=static_target
$012312  in func $012302  base $01ABC6  kind=static_target
$01238A  in func $01238A  base $010366  kind=static_target
$0123BC  in func $0123AA  base $01ABC6  kind=static_target
$012492  in func $012478  base $001746  kind=static_target
$0125A6  in func $0125A2  base $01ABC6  kind=static_target
$0125DA  in func $0125C6  base $01ABC6  kind=static_target
$01312A  in func $013124  base $092A36  kind=static_target
$013156  in func $01314C  base $01315A  kind=fallback_hybrid/offset_table
$0136A2  in func $01369E  base $01ABC6  kind=static_target
$0136A8  in func $0136A8  base $092A36  kind=static_target
$0136B8  in func $0136AE  base $0136BC  kind=fallback_hybrid/offset_table
$0139A0  in func $013998  base $0013C2  kind=static_target
$0139E8  in func $0139DC  base $0139EC  kind=fallback_hybrid/offset_table
$0146B4  in func $01469C  base $001380  kind=static_target
$014742  in func $01473E  base $001380  kind=static_target
$014F56  in func $014F56  base $010366  kind=static_target
$0151F6  in func $0151A4  base $001358  kind=static_target
$015710  in func $015700  base $01ABC6  kind=static_target
$015788  in func $015788  base $010366  kind=static_target
$0157DA  in func $0157C8  base $01ABC6  kind=static_target
$01580A  in func $015806  base $01ABC6  kind=static_target
$01583C  in func $015828  base $01ABC6  kind=static_target
$01615E  in func $01615A  base $01ABC6  kind=static_target
$01629A  in func $01628C  base $01ABC6  kind=static_target
$016482  in func $01647E  base $01ABC6  kind=static_target
$016488  in func $016488  base $092A36  kind=static_target
$016498  in func $01648E  base $01649C  kind=fallback_hybrid/offset_table
$0166E6  in func $0166DE  base $0013C2  kind=static_target
$016768  in func $01674A  base $001380  kind=static_target
$0167EE  in func $0167EA  base $001380  kind=static_target
$017938  in func $0178CE  base $001358  kind=static_target
$017C0A  in func $017BFA  base $01ABC6  kind=static_target
$017C82  in func $017C82  base $010366  kind=static_target
$017CB4  in func $017CA2  base $01ABC6  kind=static_target
$017CE4  in func $017CE0  base $01ABC6  kind=static_target
$017D18  in func $017D04  base $01ABC6  kind=static_target
$01816E  in func $018164  base $018172  kind=fallback_hybrid/offset_table
$018248  in func $018218  base $01ABC6  kind=static_target
$01824E  in func $01824E  base $01ABB6  kind=static_target
$018266  in func $018254  base $01ABC6  kind=static_target
$01826C  in func $01826C  base $01ABB6  kind=static_target
$0182A6  in func $018290  base $01ABC6  kind=static_target
$0182AC  in func $0182AC  base $01ABB6  kind=static_target
$0182CC  in func $0182B2  base $01ABC6  kind=static_target
$018760  in func $018756  base $018764  kind=fallback_hybrid/offset_table
$0187D0  in func $0187C4  base $01ABC6  kind=static_target
$0187D8  in func $0187D8  base $01ABB6  kind=static_target
$018B48  in func $018B3E  base $018B4C  kind=fallback_hybrid/offset_table
$018BBA  in func $018BAA  base $018BBE  kind=fallback_hybrid/offset_table
$018C1A  in func $018C04  base $01ABC6  kind=static_target
$018CA4  in func $018C94  base $01ABC6  kind=static_target
$018F90  in func $018F86  base $018F94  kind=fallback_hybrid/offset_table
$018FE2  in func $018FD2  base $018FE6  kind=fallback_hybrid/offset_table
$019052  in func $019046  base $01ABC6  kind=static_target
$0191FA  in func $0191FA  base $01ABC6  kind=static_target
$019230  in func $019230  base $01ABB6  kind=static_target
$0192C6  in func $0192C0  base $01ABB6  kind=static_target
$019480  in func $019480  base $01ABC6  kind=static_target
$019486  in func $019486  base $01ABB6  kind=static_target
$01959E  in func $01952A  base $01ABC6  kind=static_target
$01968A  in func $019602  base $01ABC6  kind=static_target
$0197BE  in func $01979A  base $01ABC6  kind=static_target
$019892  in func $019874  base $01ABC6  kind=static_target
$019898  in func $019898  base $01ABB6  kind=static_target
$019984  in func $019922  base $01ABC6  kind=static_target
$01A270  in func $01A228  base $01ABC6  kind=static_target
$01A28C  in func $01A276  base $01ABB6  kind=static_target
$01A35A  in func $01A31E  base $01052E  kind=static_target
$01A524  in func $01A51A  base $01A528  kind=fallback_hybrid/offset_table
$01A5E2  in func $01A5D8  base $001358  kind=static_target
$01A5E8  in func $01A5E8  base $001380  kind=static_target
$01A63E  in func $01A638  base $001358  kind=static_target
$01A644  in func $01A644  base $001380  kind=static_target
$01A654  in func $01A64A  base $01A658  kind=fallback_hybrid/offset_table
$01A66C  in func $01A662  base $01A670  kind=fallback_hybrid/offset_table
$01A98C  in func $01A988  base $01AB52  kind=static_target
$01A9F8  in func $01A9EE  base $01A9FC  kind=fallback_hybrid/offset_table
$01B6B2  in func $01B6AC  base $01B6B6  kind=fallback_hybrid/function_entry
$01C2C6  in func $01C2C6  base $04E378  kind=static_target
$01C47C  in func $01C472  base $01C480  kind=fallback_hybrid/offset_table
$01C648  in func $01C63E  base $01C64C  kind=fallback_hybrid/offset_table
$01C8A4  in func $01C89A  base $01C8A8  kind=fallback_hybrid/offset_table
$01C91C  in func $01C912  base $01C920  kind=fallback_hybrid/offset_table
$01C942  in func $01C938  base $01C946  kind=fallback_hybrid/offset_table
$01C9F2  in func $01C9E8  base $01C9F6  kind=fallback_hybrid/offset_table
$01CA34  in func $01CA2A  base $01CA38  kind=fallback_hybrid/offset_table
$01CA66  in func $01CA5C  base $01CA6A  kind=fallback_hybrid/offset_table
$01CAF2  in func $01CAE8  base $01CAF6  kind=fallback_hybrid/offset_table
$01CDC2  in func $01CDA6  base $01B5F0  kind=static_target
$01CDC8  in func $01CDC8  base $01B5A4  kind=static_target
$01CDF0  in func $01CDCE  base $01ABC6  kind=static_target
$01CF2A  in func $01CF0E  base $01B5F0  kind=static_target
$01CF30  in func $01CF30  base $01B5A4  kind=static_target
$01CF58  in func $01CF36  base $01ABC6  kind=static_target
$01D1F2  in func $01D1D6  base $01B5F0  kind=static_target
$01D1F8  in func $01D1F8  base $01B5A4  kind=static_target
$01D3C8  in func $01D3AC  base $01B5F0  kind=static_target
$01D3CE  in func $01D3CE  base $01B5A4  kind=static_target
$01D58C  in func $01D582  base $01D590  kind=fallback_hybrid/offset_table
$01D7E0  in func $01D7D6  base $01D7E4  kind=fallback_hybrid/offset_table
$01D894  in func $01D888  base $01D898  kind=fallback_hybrid/offset_table
$01D8AE  in func $01D8AC  base $02429C  kind=static_target
$01D8C2  in func $01D8B4  base $001358  kind=static_target
$01D914  in func $01D912  base $001358  kind=static_target
$01D96A  in func $01D968  base $0013C2  kind=static_target
$01DB42  in func $01DA7C  base $001358  kind=static_target
$01E606  in func $01E5FC  base $01E60A  kind=fallback_hybrid/offset_table
$01E6A4  in func $01E6A4  base $01ABC6  kind=static_target
$01E702  in func $01E702  base $01ABC6  kind=static_target
$01E76E  in func $01E76E  base $01ABC6  kind=static_target
$01E7CC  in func $01E7CC  base $01B5A4  kind=static_target
$01E7F8  in func $01E7F8  base $01B5A4  kind=static_target
$01E8D6  in func $01E8D6  base $01B5F0  kind=static_target
$01E8DC  in func $01E8DC  base $01B5A4  kind=static_target
$01EA24  in func $01EA24  base $01B5F0  kind=static_target
$01EA2A  in func $01EA2A  base $01B5A4  kind=static_target
$01EBD2  in func $01EBD2  base $01ABB6  kind=static_target
$01ECBE  in func $01EC88  base $01ABC6  kind=static_target
$01EF7A  in func $01EF72  base $01ABC6  kind=static_target
$01F218  in func $01F216  base $001380  kind=static_target
$01F4D8  in func $01F4BE  base $01ABC6  kind=static_target
$01F53C  in func $01F522  base $01ABC6  kind=static_target
$01F5A0  in func $01F586  base $01ABC6  kind=static_target
$01F680  in func $01F666  base $01ABC6  kind=static_target
$01F6E4  in func $01F6CA  base $01ABC6  kind=static_target
$01F748  in func $01F72E  base $01ABC6  kind=static_target
$01F7CE  in func $01F7CE  base $01B5F0  kind=static_target
$01F9B0  in func $01F958  base $012D22  kind=static_target
$01FB72  in func $01FB68  base $01B5CC  kind=static_target
$01FB78  in func $01FB78  base $01ABC6  kind=static_target
$01FC70  in func $01FC5E  base $01ABC6  kind=static_target
$01FC76  in func $01FC76  base $01ABB6  kind=static_target
$01FCB2  in func $01FCA0  base $01ABC6  kind=static_target
$01FCDE  in func $01FCCA  base $01ABC6  kind=static_target
$01FD1E  in func $01FD1E  base $01ABC6  kind=static_target
$01FD5E  in func $01FD54  base $01B5CC  kind=static_target
$01FD64  in func $01FD64  base $01ABC6  kind=static_target
$01FF9A  in func $01FF64  base $01B5CC  kind=static_target
$01FFDA  in func $01FFD6  base $01B5CC  kind=static_target
$02004C  in func $02004C  base $01B5A4  kind=static_target
$0201DA  in func $0201D8  base $001380  kind=static_target
$020284  in func $020282  base $001380  kind=static_target
$020A86  in func $020A72  base $01ABC6  kind=static_target
$020A8C  in func $020A8C  base $01ABB6  kind=static_target
$020B8A  in func $020B8A  base $01ABC6  kind=static_target
$020B9C  in func $020B90  base $01ABC6  kind=static_target
$020BA2  in func $020BA2  base $01ABB6  kind=static_target
$020CCC  in func $020CB4  base $001380  kind=static_target
$021356  in func $021338  base $01ABB6  kind=static_target
$0215BA  in func $021584  base $01ABB6  kind=static_target
$0215C8  in func $0215C8  base $01B5A4  kind=static_target
$0216C0  in func $0216AE  base $01ABC6  kind=static_target
$0216C6  in func $0216C6  base $01ABB6  kind=static_target
$021804  in func $021804  base $01B5A4  kind=static_target
$02186A  in func $021834  base $01ABB6  kind=static_target
$021878  in func $021878  base $01B5A4  kind=static_target
$021F68  in func $021F54  base $01ABC6  kind=static_target
$021F96  in func $021F96  base $01ABB6  kind=static_target
$021FFE  in func $021FDA  base $01ABC6  kind=static_target
$02202A  in func $022004  base $01ABC6  kind=static_target
$022056  in func $022030  base $01ABC6  kind=static_target
$0220D6  in func $0220D6  base $01ABC6  kind=static_target
$022472  in func $02245E  base $01ABC6  kind=static_target
$0224A0  in func $0224A0  base $01ABB6  kind=static_target
$0224D2  in func $0224A6  base $01ABC6  kind=static_target
$022534  in func $02251A  base $01ABC6  kind=static_target
$022560  in func $02253A  base $01ABC6  kind=static_target
$0225E4  in func $0225E4  base $01ABC6  kind=static_target
$022854  in func $022840  base $01ABC6  kind=static_target
$022882  in func $022882  base $01ABB6  kind=static_target
$0228AE  in func $022888  base $01ABC6  kind=static_target
$02292E  in func $02292E  base $01ABC6  kind=static_target
$022D62  in func $022D22  base $022D66  kind=fallback_hybrid/offset_table
$022F5C  in func $022F50  base $01B5A4  kind=static_target
$022FAE  in func $022FA2  base $01ABC6  kind=static_target
$023066  in func $023064  base $001380  kind=static_target
$0230F4  in func $0230E0  base $01B5CC  kind=static_target
$023176  in func $02316A  base $01ABC6  kind=static_target
$023282  in func $023268  base $001380  kind=static_target
$02338A  in func $02337E  base $01B5A4  kind=static_target
$0233E0  in func $0233D4  base $01ABC6  kind=static_target
$0234A6  in func $023488  base $001380  kind=static_target
$0234FC  in func $0234EC  base $01B5CC  kind=static_target
$0235E8  in func $0235E6  base $001380  kind=static_target
$02363A  in func $02362A  base $01B5CC  kind=static_target
$023700  in func $0236FE  base $001380  kind=static_target
$023A12  in func $023A00  base $023A16  kind=fallback_hybrid/offset_table
$023C3C  in func $023C2E  base $023C40  kind=fallback_hybrid/offset_table
$023F40  in func $023F22  base $01ABC6  kind=static_target
$0240F8  in func $0240F4  base $01B5CC  kind=static_target
$024154  in func $024150  base $01B5CC  kind=static_target
$0241A4  in func $0241A0  base $01B5CC  kind=static_target
$0241F2  in func $0241F2  base $01ABC6  kind=static_target
$02424A  in func $02424A  base $01ABC6  kind=static_target
$024296  in func $024296  base $01ABC6  kind=static_target
$0242DC  in func $0242D2  base $0242E0  kind=fallback_hybrid/offset_table
$0243E0  in func $0243D6  base $0243E4  kind=fallback_hybrid/offset_table
$024DB0  in func $024DB0  base $01ABB6  kind=static_target
$024F4C  in func $024F38  base $01ABC6  kind=static_target
$024F6E  in func $024F6E  base $01ABB6  kind=static_target
$0253F8  in func $0253DE  base $01ABC6  kind=static_target
$025658  in func $025644  base $01ABC6  kind=static_target
$02566A  in func $02566A  base $01ABB6  kind=static_target
$025774  in func $025740  base $01ABC6  kind=static_target
$025786  in func $025786  base $01ABB6  kind=static_target
$0258D2  in func $0258A8  base $01B5CC  kind=static_target
$025ACE  in func $025A9A  base $01B5CC  kind=static_target
$025BA8  in func $025BA8  base $01B5A4  kind=static_target
$025D42  in func $025D42  base $01B67E  kind=static_target
$025EBC  in func $025EBC  base $01B5A4  kind=static_target
$02604E  in func $02604A  base $01B5CC  kind=static_target
$026208  in func $026208  base $01B5A4  kind=static_target
$0262B2  in func $0262B0  base $001380  kind=static_target
$026318  in func $026308  base $01B5A4  kind=static_target
$026476  in func $026458  base $01B5A4  kind=static_target
$026494  in func $026494  base $01B67E  kind=static_target
$0265B8  in func $0265A4  base $01ABC6  kind=static_target
$0265D2  in func $0265BE  base $01ABC6  kind=static_target
$0265F2  in func $0265F2  base $01ABB6  kind=static_target
$0266AA  in func $0266AA  base $01ABC6  kind=static_target
$026B36  in func $026B2E  base $026B3A  kind=fallback_hybrid/offset_table
$026E8C  in func $026E82  base $01B5A4  kind=static_target
$026EA8  in func $026E94  base $01ABC6  kind=static_target
$026ECA  in func $026EBA  base $01ABB6  kind=static_target
$027042  in func $02703C  base $03262C  kind=static_target
$027054  in func $02704A  base $01B5A4  kind=static_target
$0270AC  in func $02708E  base $01B5CC  kind=static_target
$02711C  in func $02711C  base $01B5A4  kind=static_target
$0271F6  in func $0271E2  base $01B5A4  kind=static_target
$02720A  in func $0271FC  base $01B5A4  kind=static_target
$0273F8  in func $0273E4  base $01E4AC  kind=static_target
$02746C  in func $02746C  base $01B5A4  kind=static_target
$0275C2  in func $0275AE  base $01ABC6  kind=static_target
$0275C8  in func $0275C8  base $01ABB6  kind=static_target
$0275FC  in func $0275E8  base $01ABC6  kind=static_target
$0276EE  in func $0276EC  base $001380  kind=static_target
$02778E  in func $027774  base $027794  kind=fallback_hybrid/offset_table
$027894  in func $027866  base $001526  kind=static_target
$0279C2  in func $0279A0  base $001526  kind=static_target
$0279EA  in func $0279C8  base $001526  kind=static_target
$027A32  in func $027A0E  base $001526  kind=static_target
$027A6E  in func $027A48  base $001526  kind=static_target
$02807C  in func $02806E  base $001526  kind=static_target
$028090  in func $028082  base $001526  kind=static_target
$028E8C  in func $028E8C  base $01B5A4  kind=static_target
$029108  in func $0290EA  base $01B5A4  kind=static_target
$02932A  in func $0292F8  base $01B5A4  kind=static_target
$02934E  in func $02934E  base $01B5A4  kind=static_target
$0293E6  in func $0293E6  base $01B5F0  kind=static_target
$02945C  in func $02945C  base $01B5A4  kind=static_target
$02951E  in func $029518  base $01B5F0  kind=static_target
$029586  in func $02955E  base $01B5F0  kind=static_target
$029624  in func $029624  base $01B5F0  kind=static_target
$029632  in func $02962A  base $029636  kind=fallback_hybrid/offset_table
$0299A8  in func $0299A8  base $01B5F0  kind=static_target
$029A0A  in func $029A0A  base $01B5A4  kind=static_target
$029A3A  in func $029A3A  base $01B5A4  kind=static_target
$029A6A  in func $029A6A  base $01B5A4  kind=static_target
$029AD4  in func $029AD4  base $01B5F0  kind=static_target
$029B0E  in func $029B0E  base $01B5A4  kind=static_target
$029B52  in func $029B52  base $01B5F0  kind=static_target
$029C16  in func $029C16  base $01B5F0  kind=static_target
$029C62  in func $029C62  base $01B67E  kind=static_target
$029D80  in func $029D66  base $01B5A4  kind=static_target
$029E02  in func $029DD8  base $01B5A4  kind=static_target
$029E32  in func $029E32  base $01B5A4  kind=static_target
$029E4C  in func $029E3E  base $029E50  kind=fallback_hybrid/offset_table
$02A382  in func $02A382  base $01B5A4  kind=static_target
$02A3C6  in func $02A3B0  base $01B5A4  kind=static_target
$02A558  in func $02A558  base $01B5A4  kind=static_target
$02A628  in func $02A614  base $01ABC6  kind=static_target
$02A62E  in func $02A62E  base $01ABB6  kind=static_target
$02A666  in func $02A634  base $01B5A4  kind=static_target
$02A6A2  in func $02A6A2  base $01B5A4  kind=static_target
$02A72C  in func $02A72C  base $01B5A4  kind=static_target
$02AA8E  in func $02AA72  base $01B5F0  kind=static_target
$02AA94  in func $02AA94  base $01B5A4  kind=static_target
$02ACF0  in func $02AC9E  base $01E4AC  kind=static_target
$02AECA  in func $02AEB4  base $01B5F0  kind=static_target
$02AED0  in func $02AED0  base $01B5A4  kind=static_target
$02AEE0  in func $02AED6  base $01ABC6  kind=static_target
$02AEF2  in func $02AEE6  base $01ABC6  kind=static_target
$02AEF8  in func $02AEF8  base $01ABB6  kind=static_target
$02AF38  in func $02AF22  base $01B5F0  kind=static_target
$02AF50  in func $02AF50  base $01ABC6  kind=static_target
$02AF80  in func $02AF74  base $01ABC6  kind=static_target
$02AF86  in func $02AF86  base $01ABB6  kind=static_target
$02AFB2  in func $02AF98  base $01B5F0  kind=static_target
$02B086  in func $02B078  base $001380  kind=static_target
$02B368  in func $02B34A  base $01ABC6  kind=static_target
$02B396  in func $02B396  base $01ABB6  kind=static_target
$02B39C  in func $02B39C  base $01ABC6  kind=static_target
$02B450  in func $02B446  base $01ABC6  kind=static_target
$02B462  in func $02B456  base $01ABC6  kind=static_target
$02B468  in func $02B468  base $01ABB6  kind=static_target
$02B4AE  in func $02B4AE  base $01ABB6  kind=static_target
$02B55E  in func $02B550  base $001380  kind=static_target
$02B5B8  in func $02B5B2  base $01ABB6  kind=static_target
$02B6B6  in func $02B6B6  base $01B5F0  kind=static_target
$02B720  in func $02B6F4  base $01ABC6  kind=static_target
$02B742  in func $02B742  base $01ABB6  kind=static_target
$02B76E  in func $02B76E  base $01ABC6  kind=static_target
$02B8E4  in func $02B8B2  base $01ABC6  kind=static_target
$02B904  in func $02B904  base $01ABB6  kind=static_target
$02B92C  in func $02B90A  base $01040C  kind=static_target
$02B97E  in func $02B97E  base $01B5A4  kind=static_target
$02BF82  in func $02BF76  base $01B5A4  kind=static_target
$02C286  in func $02C286  base $01B5A4  kind=static_target
$02C2BC  in func $02C28C  base $01B5CC  kind=static_target
$02C2F2  in func $02C2C2  base $01B5CC  kind=static_target
$02C328  in func $02C2F8  base $01B5CC  kind=static_target
$02C35E  in func $02C32E  base $01B5CC  kind=static_target
$02C390  in func $02C364  base $01B5CC  kind=static_target
$02C3C4  in func $02C396  base $01B5CC  kind=static_target
$02C3FE  in func $02C3E6  base $01B5F0  kind=static_target
$02C642  in func $02C642  base $01B5A4  kind=static_target
$02C6AC  in func $02C6AC  base $01B5A4  kind=static_target
$02C734  in func $02C734  base $01ABC6  kind=static_target
$02C79E  in func $02C794  base $02C7A2  kind=fallback_hybrid/offset_table
$02C93A  in func $02C8D4  base $01ABC6  kind=static_target
$02C9E0  in func $02C9E0  base $01ABC6  kind=static_target
$02C9F0  in func $02C9E6  base $01ABC6  kind=static_target
$02C9F6  in func $02C9F6  base $01ABB6  kind=static_target
$02CA52  in func $02CA52  base $01ABC6  kind=static_target
$02CA92  in func $02CA84  base $01ABC6  kind=static_target
$02CAFA  in func $02CAEC  base $01ABC6  kind=static_target
$02CB18  in func $02CB18  base $01ABC6  kind=static_target
$02CB3A  in func $02CB3A  base $01ABC6  kind=static_target
$02CD3C  in func $02CD28  base $01ABC6  kind=static_target
$02CD4C  in func $02CD42  base $01ABB6  kind=static_target
$02CD74  in func $02CD58  base $060046  kind=static_target
$02CD9A  in func $02CD96  base $01ABC6  kind=static_target
$02CDB0  in func $02CDA0  base $01ABC6  kind=static_target
$02CDC0  in func $02CDB6  base $01ABB6  kind=static_target
$02CE42  in func $02CE42  base $01ABC6  kind=static_target
$02CE52  in func $02CE48  base $01ABB6  kind=static_target
$02CFCE  in func $02CFC4  base $02CFD2  kind=fallback_hybrid/offset_table
$02D120  in func $02D120  base $01B5A4  kind=static_target
$02D144  in func $02D144  base $01ABB6  kind=static_target
$02D17A  in func $02D14A  base $01B5A4  kind=static_target
$02D494  in func $02D490  base $001AD2  kind=static_target
$02D5D6  in func $02D5D2  base $01B67E  kind=static_target
$02D5DC  in func $02D5DC  base $01ABB6  kind=static_target
$02D640  in func $02D63C  base $01ABC6  kind=static_target
$02D67C  in func $02D654  base $01ABC6  kind=static_target
$02D6A6  in func $02D6A6  base $01ABC6  kind=static_target
$02D6B6  in func $02D6AC  base $02D6BA  kind=fallback_hybrid/offset_table
$02D6DE  in func $02D6DE  base $01ABB6  kind=static_target
$02D8F8  in func $02D8F8  base $01ABB6  kind=static_target
$02D912  in func $02D8FE  base $01ABB6  kind=static_target
$02D942  in func $02D93C  base $01ABC6  kind=static_target
$02D98C  in func $02D978  base $01ABB6  kind=static_target
$02D9B6  in func $02D9B6  base $01ABC6  kind=static_target
$02D9E2  in func $02D9DA  base $01ABB6  kind=static_target
$02DA02  in func $02D9E8  base $01ABB6  kind=static_target
$02DA2C  in func $02DA2C  base $01ABC6  kind=static_target
$02DAF6  in func $02DAEC  base $02DAFA  kind=fallback_hybrid/offset_table
$02DC72  in func $02DC52  base $001358  kind=static_target
$02DCB4  in func $02DC9A  base $001380  kind=static_target
$02DD1C  in func $02DD14  base $01ABB6  kind=static_target
$02DD54  in func $02DD54  base $01ABB6  kind=static_target
$02DDB8  in func $02DDB4  base $01ABC6  kind=static_target
$02DDDC  in func $02DDDA  base $01ABC6  kind=static_target
$02DE36  in func $02DE20  base $01ABB6  kind=static_target
$02E3DE  in func $02E3D4  base $02E3E2  kind=fallback_hybrid/offset_table
$02E49A  in func $02E490  base $001358  kind=static_target
$02E4D8  in func $02E4C2  base $001380  kind=static_target
$02E75A  in func $02E74A  base $001380  kind=static_target
$02E7EE  in func $02E7E2  base $001380  kind=static_target
$02EA0A  in func $02E9F4  base $01ABB6  kind=static_target
$02EA70  in func $02EA6C  base $01ABC6  kind=static_target
$02EA92  in func $02EA88  base $01ABC6  kind=static_target
$02EADC  in func $02EAC2  base $01ABC6  kind=static_target
$02EC32  in func $02EC22  base $01ABC6  kind=static_target
$02EC54  in func $02EC46  base $01ABB6  kind=static_target
$02EC60  in func $02EC60  base $01ABC6  kind=static_target
$02EC7A  in func $02EC72  base $01ABB6  kind=static_target
$02EC8E  in func $02EC86  base $01ABC6  kind=static_target
$02EC96  in func $02EC96  base $01ABB6  kind=static_target
$02EDC4  in func $02ED86  base $01ABC6  kind=static_target
$02EDE0  in func $02EDD8  base $01ABC6  kind=static_target
$02EDE6  in func $02EDE6  base $01ABB6  kind=static_target
$02F95E  in func $02F954  base $02F962  kind=fallback_hybrid/offset_table
$02FA3C  in func $02FA30  base $01ABC6  kind=static_target
$02FA42  in func $02FA42  base $01ABB6  kind=static_target
$02FA5A  in func $02FA48  base $01ABC6  kind=static_target
$02FA60  in func $02FA60  base $01ABB6  kind=static_target
$02FA66  in func $02FA66  base $01ABB6  kind=static_target
$02FBA6  in func $02FBA6  base $01ABB6  kind=static_target
$02FBAC  in func $02FBAC  base $01ABC6  kind=static_target
$02FE74  in func $02FE74  base $01B5A4  kind=static_target
$02FEC8  in func $02FEC8  base $01B5A4  kind=static_target
$02FF0C  in func $02FEEE  base $01B5A4  kind=static_target
$02FF2A  in func $02FF20  base $01ABB6  kind=static_target
$030022  in func $030022  base $01B5A4  kind=static_target
$03011C  in func $03011C  base $01B5A4  kind=static_target
$030130  in func $03012A  base $01ABB6  kind=static_target
$0301BE  in func $0301BE  base $01ABC6  kind=static_target
$0301EE  in func $0301DA  base $01ABC6  kind=static_target
$0301F4  in func $0301F4  base $01ABB6  kind=static_target
$030232  in func $03021E  base $01ABC6  kind=static_target
$030254  in func $030238  base $01ABC6  kind=static_target
$030276  in func $03025A  base $01ABC6  kind=static_target
$0302D4  in func $0302D4  base $01B5F0  kind=static_target
$0304F0  in func $0304F0  base $01B5A4  kind=static_target
$030596  in func $03058A  base $01B5A4  kind=static_target
$030794  in func $030790  base $01B5CC  kind=static_target
$030860  in func $030850  base $01ABC6  kind=static_target
$030866  in func $030866  base $01ABB6  kind=static_target
$030910  in func $0308E2  base $01B5CC  kind=static_target
$03093C  in func $030936  base $01B5F0  kind=static_target
$0309E2  in func $0309E2  base $01B5A4  kind=static_target
$030A4E  in func $030A4E  base $01ABC6  kind=static_target
$030C1C  in func $030BFE  base $01B5A4  kind=static_target
$030C92  in func $030C92  base $01B5A4  kind=static_target
$030E2E  in func $030E2E  base $01B5A4  kind=static_target
$030F6E  in func $030F50  base $01B5A4  kind=static_target
$0310F0  in func $0310D2  base $01B5A4  kind=static_target
$03119C  in func $03119C  base $01ABB6  kind=static_target
$03123C  in func $03123C  base $01ABB6  kind=static_target
$031668  in func $031642  base $01ABC6  kind=static_target
$03167A  in func $03167A  base $01ABB6  kind=static_target
$0317C4  in func $0317AA  base $01B67E  kind=static_target
$031942  in func $03193A  base $01B5A4  kind=static_target
$03195A  in func $031948  base $01E2C2  kind=static_target
$031C0C  in func $031BEE  base $01B5A4  kind=static_target
$031CB4  in func $031CA2  base $001380  kind=static_target
$031D10  in func $031CE6  base $01B5A4  kind=static_target
$031DA6  in func $031DA6  base $01B5A4  kind=static_target
$031E7E  in func $031E7A  base $01B5CC  kind=static_target
$031EAC  in func $031EAC  base $01B5F0  kind=static_target
$031F78  in func $031F68  base $01B5F0  kind=static_target
$032026  in func $032010  base $01B5F0  kind=static_target
$03211E  in func $03210E  base $01ABB6  kind=static_target
$0321F8  in func $0321F4  base $01B5CC  kind=static_target
$032206  in func $0321FE  base $03220A  kind=fallback_hybrid/offset_table
$032728  in func $032724  base $01B5CC  kind=static_target
$032736  in func $03272E  base $03273A  kind=fallback_hybrid/offset_table
$0328FE  in func $0328EC  base $01B5F0  kind=static_target
$0329CE  in func $0329C2  base $01B5F0  kind=static_target
$032A8E  in func $032A76  base $001380  kind=static_target
$032B7E  in func $032B7E  base $01B5F0  kind=static_target
$032E08  in func $032DEE  base $001380  kind=static_target
$032EF4  in func $032ED0  base $01ABC6  kind=static_target
$032F06  in func $032F06  base $01ABB6  kind=static_target
$032F38  in func $032F14  base $01ABC6  kind=static_target
$032F4A  in func $032F4A  base $01ABB6  kind=static_target
$0330AA  in func $033098  base $01ABC6  kind=static_target
$033104  in func $033104  base $01B5F0  kind=static_target
$033112  in func $03310A  base $033116  kind=fallback_hybrid/offset_table
$0333A8  in func $033392  base $01B5F0  kind=static_target
$0335DA  in func $0335C4  base $01B5F0  kind=static_target
$0338DA  in func $0338DA  base $01B5F0  kind=static_target
$033ADA  in func $033AC0  base $012D22  kind=static_target
$033C30  in func $033C10  base $012D22  kind=static_target
$033CC2  in func $033CA2  base $01B5F0  kind=static_target
$033F80  in func $033F66  base $012D22  kind=static_target
$034084  in func $034056  base $01B5CC  kind=static_target
$03408A  in func $03408A  base $01B5A4  kind=static_target
$034210  in func $03420C  base $01B682  kind=static_target
$03425A  in func $03425A  base $01B67E  kind=static_target
$034260  in func $034260  base $01B5A4  kind=static_target
$03452E  in func $03452E  base $01B67E  kind=static_target
$034546  in func $034534  base $01ABC6  kind=static_target
$03454C  in func $03454C  base $01ABB6  kind=static_target
$03455E  in func $034552  base $01B5A4  kind=static_target
$034684  in func $034662  base $01B5CC  kind=static_target
$0346F8  in func $0346DA  base $01B5A4  kind=static_target
$034816  in func $034812  base $01B5CC  kind=static_target
$0349B8  in func $0349B0  base $01B5A4  kind=static_target
$034C0E  in func $034C0A  base $01B5CC  kind=static_target
$034DA8  in func $034D7E  base $01B5A4  kind=static_target
$034DD2  in func $034DD2  base $01B5A4  kind=static_target
$034F10  in func $034F08  base $034F14  kind=fallback_hybrid/offset_table
$035A36  in func $035A36  base $01B5A4  kind=static_target
$035A90  in func $035A90  base $01B5A4  kind=static_target
$035BA6  in func $035B72  base $01ABC6  kind=static_target
$035BBC  in func $035BAC  base $01040C  kind=static_target
$035BD2  in func $035BC2  base $01040C  kind=static_target
$035CE0  in func $035CC8  base $01ABC6  kind=static_target
$035D38  in func $035D20  base $01ABC6  kind=static_target
$035E62  in func $035E4A  base $001380  kind=static_target
$035E8A  in func $035E8A  base $01ABC6  kind=static_target
$03603C  in func $03603C  base $01ABC6  kind=static_target
$036366  in func $036366  base $01ABC6  kind=static_target
$036452  in func $036434  base $01ABC6  kind=static_target
$036622  in func $036604  base $01A596  kind=static_target
$036628  in func $036628  base $01A5F0  kind=static_target
$03671E  in func $036710  base $01ABB6  kind=static_target
$036760  in func $03674E  base $01ABB6  kind=static_target
$036774  in func $036774  base $01ABC6  kind=static_target
$0367D8  in func $0367D6  base $001380  kind=static_target
$036856  in func $036850  base $01ABB6  kind=static_target
$036862  in func $03685C  base $01ABC6  kind=static_target
$036910  in func $0368EC  base $01ABB6  kind=static_target
$03691C  in func $036916  base $01ABC6  kind=static_target
$03693C  in func $03692E  base $02429C  kind=static_target
$036A48  in func $036A36  base $01ABB6  kind=static_target
$036A4E  in func $036A4E  base $01ABC6  kind=static_target
$036D54  in func $036D06  base $01ABC6  kind=static_target
$036E12  in func $036E06  base $01ABC6  kind=static_target
$036F10  in func $036F0E  base $001380  kind=static_target
$03708E  in func $037056  base $01ABB6  kind=static_target
$0370CA  in func $0370BC  base $01ABC6  kind=static_target
$0370EC  in func $0370DE  base $01ABC6  kind=static_target
$0371D2  in func $0371CA  base $01ABC6  kind=static_target
$037512  in func $03750C  base $01ABB6  kind=static_target
$037524  in func $037518  base $01ABC6  kind=static_target
$037D22  in func $037D1C  base $01ABB6  kind=static_target
$037E40  in func $037E30  base $01ABC6  kind=static_target
$037F16  in func $037EDE  base $01ABB6  kind=static_target
$037F58  in func $037F54  base $01ABC6  kind=static_target
$037F80  in func $037F7C  base $01ABC6  kind=static_target
$0380D2  in func $0380C4  base $01ABC6  kind=static_target
$038160  in func $038114  base $01ABC6  kind=static_target
$0381A4  in func $0381A4  base $01ABC6  kind=static_target
$038202  in func $0381F4  base $01ABB6  kind=static_target
$038208  in func $038208  base $01ABC6  kind=static_target
$038262  in func $038250  base $01ABB6  kind=static_target
$038268  in func $038268  base $01ABC6  kind=static_target
$038312  in func $038312  base $01B5A4  kind=static_target
$038366  in func $038352  base $01ABB6  kind=static_target
$038398  in func $038392  base $01ABC6  kind=static_target
$0384C8  in func $0384C8  base $01B5A4  kind=static_target
$03854A  in func $03854A  base $01B5A4  kind=static_target
$038892  in func $038892  base $01ABB6  kind=static_target
$038898  in func $038898  base $01ABC6  kind=static_target
$03890A  in func $038900  base $01ABC6  kind=static_target
$03891C  in func $038910  base $01ABC6  kind=static_target
$038922  in func $038922  base $01ABB6  kind=static_target
$03895C  in func $03895C  base $01ABB6  kind=static_target
$038A8E  in func $038A80  base $001380  kind=static_target
$038BEC  in func $038BC4  base $01E476  kind=static_target
$0390D8  in func $0390D8  base $01B5F0  kind=static_target
$03948C  in func $03947A  base $01ABC6  kind=static_target
$039614  in func $03960E  base $01ABC6  kind=static_target
$03968C  in func $039686  base $01ABC6  kind=static_target
$039692  in func $039692  base $01ABB6  kind=static_target
$0397E8  in func $0397E2  base $01ABC6  kind=static_target
$0398C8  in func $0398C2  base $01ABB6  kind=static_target
$039910  in func $039902  base $01ABB6  kind=static_target
$0399E0  in func $0399C2  base $01ABC6  kind=static_target
$0399E6  in func $0399E6  base $01ABB6  kind=static_target
$039B52  in func $039B3E  base $01ABB6  kind=static_target
$039C64  in func $039C0A  base $01ABB6  kind=static_target
$039CFE  in func $039CE8  base $01B5A4  kind=static_target
$039D30  in func $039D04  base $01ABB6  kind=static_target
$039D64  in func $039D5A  base $01ABC6  kind=static_target
$039D94  in func $039D88  base $01ABC6  kind=static_target
$039D9A  in func $039D9A  base $01ABB6  kind=static_target
$039E36  in func $039E34  base $001380  kind=static_target
$039F94  in func $039F74  base $01B5F0  kind=static_target
$03A0EC  in func $03A0CC  base $01B5F0  kind=static_target
$03A236  in func $03A1FC  base $012D22  kind=static_target
$03A286  in func $03A26E  base $01B5F0  kind=static_target
$03A55E  in func $03A54A  base $012D22  kind=static_target
$03A636  in func $03A632  base $01B682  kind=static_target
$03A8CE  in func $03A8B0  base $01B5A4  kind=static_target
$03AA94  in func $03AA76  base $01B5F0  kind=static_target
$03B138  in func $03B0FE  base $01B67E  kind=static_target
$03B1DA  in func $03B1DA  base $01B67E  kind=static_target
$03B212  in func $03B212  base $01B67E  kind=static_target
$03B248  in func $03B248  base $01B5A4  kind=static_target
$03B24E  in func $03B24E  base $01B5F0  kind=static_target
$03B26C  in func $03B26C  base $01B5A4  kind=static_target
$03B272  in func $03B272  base $01B5F0  kind=static_target
$03B498  in func $03B47E  base $01B67E  kind=static_target
$03B49E  in func $03B49E  base $01B5A4  kind=static_target
$03B63E  in func $03B62A  base $01ABC6  kind=static_target
$03B650  in func $03B650  base $01ABB6  kind=static_target
$03B752  in func $03B734  base $01B5A4  kind=static_target
$03B8D8  in func $03B8D0  base $01B5CC  kind=static_target
$03B930  in func $03B928  base $01B682  kind=static_target
$03B9EE  in func $03B9C8  base $01B5CC  kind=static_target
$03BAA0  in func $03BA8C  base $01B5CC  kind=static_target
$03BB32  in func $03BB24  base $01B5F0  kind=static_target
$03BB9C  in func $03BB9C  base $01B5A4  kind=static_target
$03BD30  in func $03BD0E  base $01B5CC  kind=static_target
$03BFB6  in func $03BFB6  base $01B5F0  kind=static_target
$03C21E  in func $03C20A  base $01B67E  kind=static_target
$03C32C  in func $03C2EE  base $01ABC6  kind=static_target
$03C33E  in func $03C33E  base $01ABB6  kind=static_target
$03C42C  in func $03C40A  base $01B5CC  kind=static_target
$03C628  in func $03C628  base $01B5A4  kind=static_target
$03C6D2  in func $03C6B0  base $01B5CC  kind=static_target
$03C778  in func $03C772  base $01ABC6  kind=static_target
$03C7A4  in func $03C784  base $01E5FC  kind=static_target
$03C8CC  in func $03C8CC  base $01B5A4  kind=static_target
$03C8EA  in func $03C8EA  base $01B5A4  kind=static_target
$03C916  in func $03C904  base $01ABC6  kind=static_target
$03C91C  in func $03C91C  base $01ABB6  kind=static_target
$03C99A  in func $03C98E  base $01B5A4  kind=static_target
$03C9FA  in func $03C9FA  base $01B5A4  kind=static_target
$03CA1C  in func $03CA00  base $01E5FC  kind=static_target
$03CAA8  in func $03CAA8  base $01B5F0  kind=static_target
$03CAE6  in func $03CAE6  base $01B5A4  kind=static_target
$03CBE4  in func $03CBC2  base $01B5A4  kind=static_target
$03CC62  in func $03CC60  base $001380  kind=static_target
$03CDC6  in func $03CDAA  base $01B5A4  kind=static_target
$03CE30  in func $03CE18  base $01B5A4  kind=static_target
$03CFE0  in func $03CFBE  base $01ABC6  kind=static_target
$03CFE6  in func $03CFE6  base $01ABB6  kind=static_target
$03D134  in func $03D134  base $01B5A4  kind=static_target
$03D1C8  in func $03D1C8  base $01B5A4  kind=static_target
$03D236  in func $03D22A  base $01B5A4  kind=static_target
$03D28E  in func $03D24E  base $01B5A4  kind=static_target
$03D30C  in func $03D2EE  base $01B5A4  kind=static_target
$03D312  in func $03D312  base $01B5A4  kind=static_target
$03D51C  in func $03D51C  base $01ABB6  kind=static_target
$03D74C  in func $03D74C  base $01ABC6  kind=static_target
$03D7BA  in func $03D7BA  base $01ABB6  kind=static_target
$03D91E  in func $03D91E  base $01ABC6  kind=static_target
$03D95C  in func $03D956  base $01ABB6  kind=static_target
$03D9C4  in func $03D9AA  base $01ABC6  kind=static_target
$03DBF6  in func $03DBF4  base $01ABC6  kind=static_target
$03DC2E  in func $03DC2C  base $01B5A4  kind=static_target
$03DC50  in func $03DC4E  base $01ABC6  kind=static_target
$03DCE6  in func $03DCD6  base $01B5F0  kind=static_target
$03DE96  in func $03DE86  base $01B5F0  kind=static_target
$03E0F0  in func $03E09C  base $01B5A4  kind=static_target
$03E1EE  in func $03E18E  base $001380  kind=static_target
$03E478  in func $03E43E  base $01B5A4  kind=static_target
$03E502  in func $03E4FE  base $01B5CC  kind=static_target
$03E8B8  in func $03E8B8  base $01ABB6  kind=static_target
$03E9BC  in func $03E9B2  base $01ABB6  kind=static_target
$03E9C2  in func $03E9C2  base $01ABC6  kind=static_target
$03EA60  in func $03EA3A  base $01E476  kind=static_target
$03EAE0  in func $03EAE0  base $01ABB6  kind=static_target
$03EC40  in func $03EC36  base $01ABB6  kind=static_target
$03ED26  in func $03ED26  base $01ABC6  kind=static_target
$03ED84  in func $03ED62  base $01B5A4  kind=static_target
$03F0EE  in func $03F0EE  base $01B5A4  kind=static_target
$03F432  in func $03F426  base $01B5A4  kind=static_target
$03F532  in func $03F532  base $01B5A4  kind=static_target
$03F588  in func $03F588  base $01B5A4  kind=static_target
$03F5C0  in func $03F5C0  base $01B5A4  kind=static_target
$03F9AC  in func $03F982  base $01B5A4  kind=static_target
$03FAA4  in func $03FA82  base $001380  kind=static_target
$03FAD8  in func $03FAAA  base $01B5CC  kind=static_target
$03FB22  in func $03FB22  base $01B5A4  kind=static_target
$03FB66  in func $03FB66  base $01B5A4  kind=static_target
$03FBDA  in func $03FBC8  base $01B5F0  kind=static_target
$03FD64  in func $03FD44  base $01B5F0  kind=static_target
$03FE86  in func $03FE60  base $01B5F0  kind=static_target
$03FFB4  in func $03FF9C  base $01B5F0  kind=static_target
$040106  in func $0400E6  base $01B5F0  kind=static_target
$0403E0  in func $0403CC  base $01ABC6  kind=static_target
$0403F2  in func $0403F2  base $01ABB6  kind=static_target
$04048A  in func $04047A  base $01B5F0  kind=static_target
$0405EC  in func $0405C6  base $01B5A4  kind=static_target
$04066A  in func $040658  base $01B5A4  kind=static_target
$04078C  in func $04078A  base $001380  kind=static_target
$040888  in func $04086E  base $01B5F0  kind=static_target
$04088E  in func $04088E  base $01B5A4  kind=static_target
$040A1E  in func $0409FA  base $001380  kind=static_target
$040C40  in func $040C2A  base $01B5A4  kind=static_target
$040D02  in func $040D02  base $01B5A4  kind=static_target
$040D26  in func $040D26  base $01B5A4  kind=static_target
$040F68  in func $040F4A  base $01B5A4  kind=static_target
$041226  in func $041222  base $01B5CC  kind=static_target
$041546  in func $04151A  base $01ABC6  kind=static_target
$041562  in func $041558  base $01ABB6  kind=static_target
$041776  in func $041776  base $01B5A4  kind=static_target
$041844  in func $041844  base $01B5A4  kind=static_target
$04197C  in func $041962  base $01ABC6  kind=static_target
$041994  in func $04198E  base $01ABB6  kind=static_target
$0419AC  in func $0419A0  base $01ABB6  kind=static_target
$0419DA  in func $0419B2  base $01ABB6  kind=static_target
$041C50  in func $041C32  base $01B5A4  kind=static_target
$041D42  in func $041D2E  base $01ABB6  kind=static_target
$041D72  in func $041D72  base $01B67E  kind=static_target
$041E2A  in func $041E2A  base $01ABC6  kind=static_target
$041E30  in func $041E30  base $01ABB6  kind=static_target
$041EAC  in func $041EAC  base $01B5A4  kind=static_target
$041FC2  in func $041FAC  base $01B5A4  kind=static_target
$041FDE  in func $041FC8  base $01B5A4  kind=static_target
$04216C  in func $042158  base $01ABB6  kind=static_target
$04225E  in func $042258  base $01ABB6  kind=static_target
$042264  in func $042264  base $01ABC6  kind=static_target
$042278  in func $042276  base $01B5F0  kind=static_target
$042494  in func $042454  base $012D22  kind=static_target
$042574  in func $042572  base $01B5F0  kind=static_target
$0427A8  in func $04275C  base $012D22  kind=static_target
$04284A  in func $042820  base $01B5A4  kind=static_target
$0428EC  in func $0428EC  base $01B67E  kind=static_target
$04291A  in func $04291A  base $01B67E  kind=static_target
$042936  in func $042920  base $01B5A4  kind=static_target
$0429F0  in func $0429D8  base $01B5A4  kind=static_target
$042B1E  in func $042B08  base $01ABC6  kind=static_target
$042B3A  in func $042B24  base $01B5A4  kind=static_target
$042C96  in func $042C96  base $01B5A4  kind=static_target
$042CC2  in func $042CB0  base $01ABC6  kind=static_target
$042CC8  in func $042CC8  base $01ABB6  kind=static_target
$042D92  in func $042D92  base $01B5A4  kind=static_target
$042ED6  in func $042ED6  base $01B67E  kind=static_target
$042F16  in func $042F04  base $01ABC6  kind=static_target
$042F1C  in func $042F1C  base $01ABB6  kind=static_target
$043032  in func $04301C  base $01B5A4  kind=static_target
$043238  in func $0431FC  base $01B5A4  kind=static_target
$043260  in func $043260  base $01B5A4  kind=static_target
$043614  in func $0435FC  base $01B682  kind=static_target
$04361A  in func $04361A  base $01B5A4  kind=static_target
$043762  in func $043762  base $01B5F0  kind=static_target
$043792  in func $043780  base $01ABC6  kind=static_target
$043798  in func $043798  base $01ABB6  kind=static_target
$0438A8  in func $04389A  base $01B682  kind=static_target
$0438B4  in func $0438AE  base $01ABC6  kind=static_target
$04398E  in func $043982  base $01ABC6  kind=static_target
$043994  in func $043994  base $01B67E  kind=static_target
$043A02  in func $0439FA  base $01B682  kind=static_target
$043A9E  in func $043A88  base $01ABC6  kind=static_target
$043AA4  in func $043AA4  base $01ABB6  kind=static_target
$043BF4  in func $043BE0  base $01B682  kind=static_target
$043C42  in func $043C28  base $01B682  kind=static_target
$043CEC  in func $043CD2  base $01B682  kind=static_target
$043D3A  in func $043D20  base $01B682  kind=static_target
$043F28  in func $043F12  base $01B5A4  kind=static_target
$04405E  in func $044048  base $01B5A4  kind=static_target
$04409A  in func $04408E  base $01ABC6  kind=static_target
$0440A0  in func $0440A0  base $01ABB6  kind=static_target
$044208  in func $0441F2  base $01B5A4  kind=static_target
$04434E  in func $04434E  base $01B5A4  kind=static_target
$0445BC  in func $0445AE  base $01B67E  kind=static_target
$04492C  in func $044916  base $01B5A4  kind=static_target
$044970  in func $044970  base $01B67E  kind=static_target
$044A7E  in func $044A72  base $01ABB6  kind=static_target
$044AF6  in func $044ADA  base $01B5A4  kind=static_target
$044BE2  in func $044BBA  base $01B5A4  kind=static_target
$044C2A  in func $044C2A  base $01ABB6  kind=static_target
$044C5A  in func $044C56  base $01ABC6  kind=static_target
$044CB2  in func $044CB2  base $01B5A4  kind=static_target
$044D76  in func $044D64  base $01B5F0  kind=static_target
$044E18  in func $044E18  base $01B5A4  kind=static_target
$044F68  in func $044F68  base $01B5F0  kind=static_target
$044FBC  in func $044FBA  base $000000  kind=dynamic_register
$045030  in func $045022  base $01ABC6  kind=static_target
$04503C  in func $045036  base $01B5A4  kind=static_target
$0450A0  in func $04509A  base $01ABB6  kind=static_target
$0450BA  in func $0450BA  base $01ABC6  kind=static_target
$045186  in func $04515E  base $01B5A4  kind=static_target
$04531A  in func $04531A  base $01ABB6  kind=static_target
$04537A  in func $045368  base $01ABC6  kind=static_target
$0453FC  in func $0453EA  base $01B5A4  kind=static_target
$04570A  in func $04570A  base $01B5A4  kind=static_target
$0457D4  in func $0457D4  base $01ABC6  kind=static_target
$045832  in func $045832  base $01ABC6  kind=static_target
$0459BC  in func $0459AE  base $01ABC6  kind=static_target
$045A9A  in func $045A8E  base $01ABB6  kind=static_target
$045AEC  in func $045AEC  base $01ABC6  kind=static_target
$045B32  in func $045B32  base $01ABC6  kind=static_target
$045BA0  in func $045BA0  base $01ABC6  kind=static_target
$045BAA  in func $045BA6  base $01ABC6  kind=static_target
$045BDE  in func $045BB0  base $085E62  kind=static_target
$045BF0  in func $045BE4  base $01ABB6  kind=static_target
$045DC2  in func $045DA6  base $085E62  kind=static_target
$045E44  in func $045E44  base $01ABB6  kind=static_target
$045E84  in func $045E4A  base $01ABC6  kind=static_target
$045F04  in func $045EAC  base $001380  kind=static_target
$045F26  in func $045F1E  base $0460C2  kind=static_target
$045F50  in func $045F4A  base $01ABB6  kind=static_target
$046058  in func $046000  base $001380  kind=static_target
$0460EE  in func $0460C2  base $012D22  kind=static_target
$046188  in func $046188  base $01ABB6  kind=static_target
$0461BE  in func $0461BE  base $01ABC6  kind=static_target
$04622C  in func $04622C  base $01ABB6  kind=static_target
$04629A  in func $04627E  base $01ABC6  kind=static_target
$0462D8  in func $0462D2  base $01ABB6  kind=static_target
$04633A  in func $0462DE  base $01ABC6  kind=static_target
$046412  in func $046408  base $001380  kind=static_target
$04652A  in func $0464F6  base $01B5A4  kind=static_target
$0465C8  in func $0465A2  base $001380  kind=static_target
$046EEE  in func $046ED4  base $01B5CC  kind=static_target
$046F90  in func $046F70  base $01B5CC  kind=static_target
$047008  in func $046FEA  base $01B5A4  kind=static_target
$047282  in func $047282  base $01B5A4  kind=static_target
$0472A0  in func $0472A0  base $01B5A4  kind=static_target
$0472B8  in func $0472A6  base $01ABC6  kind=static_target
$0472BE  in func $0472BE  base $01ABB6  kind=static_target
$047488  in func $04745C  base $01ABC6  kind=static_target
$0474A4  in func $04749A  base $01ABB6  kind=static_target
$047750  in func $04771A  base $01B5CC  kind=static_target
$04778A  in func $04777E  base $001380  kind=static_target
$0477B4  in func $0477A8  base $001380  kind=static_target
$04786A  in func $04785E  base $01B5F0  kind=static_target
$04792A  in func $047922  base $01B67E  kind=static_target
$047930  in func $047930  base $01B5A4  kind=static_target
$04793C  in func $047936  base $01B5A4  kind=static_target
$047A9E  in func $047A74  base $01B5A4  kind=static_target
$047B6E  in func $047B6E  base $01B5A4  kind=static_target
$047E8C  in func $047E7E  base $01B5F0  kind=static_target
$047EFE  in func $047EFE  base $01B5A4  kind=static_target
$047F56  in func $047F48  base $01B5F0  kind=static_target
$047FB2  in func $047FB2  base $01B5A4  kind=static_target
$0481B8  in func $0481A8  base $01B5CC  kind=static_target
$048332  in func $048332  base $01B5A4  kind=static_target
$048386  in func $048386  base $01B5A4  kind=static_target
$04852E  in func $04852E  base $01B5F0  kind=static_target
$04853C  in func $048534  base $048540  kind=fallback_hybrid/offset_table
$0485A6  in func $048550  base $012D22  kind=static_target
$0488BA  in func $0488BA  base $01ABB6  kind=static_target
$0488D2  in func $0488C0  base $01ABB6  kind=static_target
$0488D8  in func $0488D8  base $01ABC6  kind=static_target
$048B56  in func $048B56  base $01B5A4  kind=static_target
$048BB2  in func $048BB2  base $01B5A4  kind=static_target
$048C00  in func $048C00  base $01B5A4  kind=static_target
$048C46  in func $048C32  base $01B5F0  kind=static_target
$048C54  in func $048C4C  base $048C58  kind=fallback_hybrid/offset_table
$048F28  in func $048F08  base $01B5F0  kind=static_target
$0490A6  in func $049086  base $01B5F0  kind=static_target
$0491F0  in func $0491EA  base $012D22  kind=static_target
$04923E  in func $049230  base $01B5F0  kind=static_target
$0492EA  in func $0492CE  base $01B5F0  kind=static_target
$0493F0  in func $0493E2  base $012D22  kind=static_target
$049500  in func $0494F6  base $01B5A4  kind=static_target
$049540  in func $049518  base $01B5CC  kind=static_target
$049660  in func $049660  base $01ABB6  kind=static_target
$04981A  in func $04981A  base $01B5A4  kind=static_target
$04985E  in func $04985E  base $01B5F0  kind=static_target
$049A18  in func $049A18  base $01B5A4  kind=static_target
$049B52  in func $049B3E  base $01ABC6  kind=static_target
$049B64  in func $049B64  base $01ABB6  kind=static_target
$049B8C  in func $049B8C  base $01ABB6  kind=static_target
$049D14  in func $049D08  base $049B3E  kind=static_target
$049DFA  in func $049DD8  base $001380  kind=static_target
$049FFA  in func $049FF2  base $01ABC6  kind=static_target
$04A0A0  in func $04A096  base $01ABC6  kind=static_target
$04A120  in func $04A0E2  base $01ABB6  kind=static_target
$04A126  in func $04A126  base $01ABC6  kind=static_target
$04A1EC  in func $04A1CE  base $049B3E  kind=static_target
$04A350  in func $04A336  base $01ABC6  kind=static_target
$04A362  in func $04A362  base $01ABB6  kind=static_target
$04A3C2  in func $04A3A0  base $061128  kind=static_target
$04A3E8  in func $04A3D2  base $08611A  kind=static_target
$04A43E  in func $04A424  base $049B6A  kind=static_target
$04A7D0  in func $04A7CC  base $01B5CC  kind=static_target
$04AD62  in func $04AD52  base $01ABC6  kind=static_target
$04AD90  in func $04AD90  base $01ABB6  kind=static_target
$04AE64  in func $04AE2C  base $01ABC6  kind=static_target
$04AEA6  in func $04AE98  base $01ABC6  kind=static_target
$04AF86  in func $04AF86  base $01ABC6  kind=static_target
$04B9B4  in func $04B998  base $01ABC6  kind=static_target
$04B9C0  in func $04B9BA  base $012600  kind=static_target
$04B9CC  in func $04B9C6  base $015862  kind=static_target
$04B9D2  in func $04B9D2  base $017D30  kind=static_target
$04BA98  in func $04BA7E  base $04BAAC  kind=fallback_hybrid/offset_table
$04BEE6  in func $04BEE4  base $001380  kind=static_target
$04BF2E  in func $04BF28  base $001380  kind=static_target
$04BF76  in func $04BF74  base $001380  kind=static_target
$04C036  in func $04C030  base $04C03A  kind=fallback_hybrid/offset_table
$04C3F6  in func $04C3F6  base $01ABB6  kind=static_target
$04C3FC  in func $04C3FC  base $01ABC6  kind=static_target
$04C414  in func $04C40C  base $04C418  kind=fallback_hybrid/function_entry
$04C5CC  in func $04C5B0  base $04C5D0  kind=fallback_hybrid/function_entry
$04C708  in func $04C6F2  base $04C70C  kind=fallback_hybrid/function_entry
$04C7E0  in func $04C7E0  base $04C7E4  kind=fallback_hybrid/function_entry
$04D10C  in func $04D10C  base $01ABC6  kind=static_target
$04D378  in func $04D35E  base $01ABC6  kind=static_target
$04D3E4  in func $04D3B6  base $01ABC6  kind=static_target
$04D49E  in func $04D49E  base $01ABC6  kind=static_target
$04D5D8  in func $04D5D8  base $01ABC6  kind=static_target
$04D610  in func $04D610  base $01ABC6  kind=static_target
$04D626  in func $04D626  base $01ABC6  kind=static_target
$04D664  in func $04D664  base $01ABC6  kind=static_target
$04D7BC  in func $04D7BC  base $01ABC6  kind=static_target
$04DA1A  in func $04DA1A  base $01ABC6  kind=static_target
$04DA7E  in func $04DA7E  base $01ABC6  kind=static_target
$04E016  in func $04E00A  base $01ABC6  kind=static_target
$04E028  in func $04E01C  base $01ABC6  kind=static_target
$04E0BA  in func $04E090  base $01ABC6  kind=static_target
$04E176  in func $04E176  base $01ABC6  kind=static_target
$04E1DA  in func $04E1DA  base $01ABC6  kind=static_target
$04E262  in func $04E256  base $01ABC6  kind=static_target
$04E27A  in func $04E268  base $01ABB6  kind=static_target
$04E2B8  in func $04E2B8  base $01ABC6  kind=static_target
$04E32C  in func $04E32C  base $01ABC6  kind=static_target
$04E826  in func $04E81C  base $04E82A  kind=fallback_hybrid/function_entry
$04EDD8  in func $04EDAC  base $04EAF4  kind=static_target
$04EDFC  in func $04EDDC  base $04EAF4  kind=static_target
$04F374  in func $04F364  base $000000  kind=dynamic_register
$04F936  in func $04F92E  base $04ECEA  kind=static_target
$04FA40  in func $04FA34  base $01ABB6  kind=static_target
$04FB40  in func $04FB22  base $04F0F6  kind=static_target
$04FB6A  in func $04FB44  base $23B0D4  kind=static_target
$04FB74  in func $04FB70  base $04FB78  kind=fallback_hybrid/function_entry
$04FBEE  in func $04FBCC  base $04F0F6  kind=static_target
$04FC30  in func $04FC1E  base $23B0D4  kind=static_target
$04FD50  in func $04FD4A  base $04F09A  kind=static_target
$04FD80  in func $04FD7A  base $04F09A  kind=static_target
$04FE5C  in func $04FE56  base $04F09A  kind=static_target
$04FE8A  in func $04FE72  base $01E2C2  kind=static_target
$04FF3A  in func $04FF32  base $04ECEA  kind=static_target
$04FF4A  in func $04FF3E  base $04FF4E  kind=fallback_hybrid/function_entry
$05002C  in func $050018  base $04EE48  kind=static_target
$05007A  in func $05007A  base $04EDAC  kind=static_target
$0500D8  in func $0500C8  base $23B680  kind=static_target
$0500F6  in func $0500DE  base $0500FA  kind=fallback_hybrid/function_entry
$050134  in func $050112  base $04F09A  kind=static_target
$05016C  in func $05016C  base $04F09A  kind=static_target
$05029E  in func $050288  base $04F3FC  kind=static_target
$0502EA  in func $0502EA  base $04F3FC  kind=static_target
$050488  in func $050480  base $01ABB6  kind=static_target
$05049E  in func $05048E  base $01ABC6  kind=static_target
$0504E2  in func $0504DC  base $0504E6  kind=fallback_hybrid/function_entry
$05051A  in func $050516  base $01ABC6  kind=static_target
$05061E  in func $05060C  base $01ABB6  kind=static_target
$050636  in func $050636  base $01ABC6  kind=static_target
$050662  in func $05065A  base $01ABB6  kind=static_target
$0506BA  in func $0506B2  base $01ABB6  kind=static_target
$0506DE  in func $0506C0  base $01ABC6  kind=static_target
$050754  in func $05073A  base $01ABB6  kind=static_target
$050BAE  in func $050BA6  base $04ECEA  kind=static_target
$050BB2  in func $050BB2  base $04EDAC  kind=static_target
$050BE2  in func $050BD8  base $04F0F6  kind=static_target
$050BEA  in func $050BE6  base $050BEE  kind=fallback_hybrid/function_entry
$050C70  in func $050C52  base $04F0F6  kind=static_target
$050D22  in func $050D04  base $04F0F6  kind=static_target
$050EB4  in func $050EB0  base $04ECEA  kind=static_target
$050EC0  in func $050EB8  base $04EDAC  kind=static_target
$050EF4  in func $050EE8  base $04F09A  kind=static_target
$050F16  in func $050EF8  base $04F0F6  kind=static_target
$050F1E  in func $050F1A  base $050F22  kind=fallback_hybrid/function_entry
$051014  in func $050FF6  base $04F3FC  kind=static_target
$05110A  in func $051102  base $01ABB6  kind=static_target
$05113A  in func $051110  base $01DCD2  kind=static_target
$051148  in func $051140  base $04ECEA  kind=static_target
$051158  in func $05114C  base $04EDAC  kind=static_target
$051174  in func $05115C  base $04F0F6  kind=static_target
$05117C  in func $051178  base $051180  kind=fallback_hybrid/function_entry
$0511EC  in func $0511D8  base $04F3FC  kind=static_target
$0512A0  in func $051290  base $04F0F6  kind=static_target
$0512E2  in func $0512CE  base $04ECEA  kind=static_target
$051300  in func $0512F8  base $051304  kind=fallback_hybrid/function_entry
$05131E  in func $051310  base $04EDAC  kind=static_target
$05133E  in func $051334  base $04EDAC  kind=static_target
$051350  in func $051342  base $04EEC6  kind=static_target
$051370  in func $05136A  base $04EDAC  kind=static_target
$05150C  in func $051500  base $051510  kind=fallback_hybrid/function_entry
$0516E0  in func $0516DC  base $0516E4  kind=fallback_hybrid/function_entry
$05183A  in func $051832  base $01ABB6  kind=static_target
$051864  in func $051840  base $01DCD2  kind=static_target
$05191C  in func $0518F2  base $04F0F6  kind=static_target
$051924  in func $051920  base $051928  kind=fallback_hybrid/function_entry
$05198A  in func $05194E  base $056A04  kind=static_target
$051A00  in func $0519F4  base $051A04  kind=fallback_hybrid/function_entry
$051B14  in func $051B0E  base $01ABB6  kind=static_target
$051B66  in func $051B44  base $01ABB6  kind=static_target
$051BC0  in func $051BBC  base $04ECEA  kind=static_target
$051BCE  in func $051BC4  base $04ED7E  kind=static_target
$051CAA  in func $051C94  base $04F0F6  kind=static_target
$051CB2  in func $051CAE  base $051CB6  kind=fallback_hybrid/function_entry
$051D3E  in func $051D22  base $04F0F6  kind=static_target
$051D52  in func $051D4E  base $04F09A  kind=static_target
$051D74  in func $051D56  base $04F09A  kind=static_target
$051D92  in func $051D78  base $04F3AE  kind=static_target
$051DD2  in func $051DAA  base $04F3AE  kind=static_target
$051E66  in func $051E3A  base $04F09A  kind=static_target
$051F58  in func $051F50  base $04F09A  kind=static_target
$051FFC  in func $051FF6  base $052000  kind=fallback_hybrid/function_entry
$05210A  in func $052106  base $01ABB6  kind=static_target
$052134  in func $052130  base $04ECEA  kind=static_target
$05216A  in func $052160  base $04ED7E  kind=static_target
$052172  in func $05216E  base $052176  kind=fallback_hybrid/function_entry
$052228  in func $052228  base $04EDAC  kind=static_target
$052248  in func $05222C  base $04F0F6  kind=static_target
$052250  in func $05224C  base $052254  kind=fallback_hybrid/function_entry
$0522C4  in func $0522A8  base $04F3FC  kind=static_target
$05240C  in func $0523F2  base $085E62  kind=static_target
$052448  in func $052444  base $04ECEA  kind=static_target
$052466  in func $052456  base $05246A  kind=fallback_hybrid/function_entry
$0524AA  in func $0524AA  base $04EDAC  kind=static_target
$052546  in func $05253A  base $04ED7E  kind=static_target
$0525F0  in func $0525E2  base $04ED7E  kind=static_target
$052696  in func $05268A  base $04ED7E  kind=static_target
$05274E  in func $05273C  base $04ED7E  kind=static_target
$0527E6  in func $0527D4  base $04ED7E  kind=static_target
$052834  in func $052828  base $04ED7E  kind=static_target
$052850  in func $052850  base $04EDAC  kind=static_target
$0528C8  in func $052892  base $04F0F6  kind=static_target
$0528E2  in func $0528E2  base $04F0F6  kind=static_target
$0528EA  in func $0528E6  base $0528EE  kind=fallback_hybrid/function_entry
$052A4E  in func $052A4A  base $04F0F6  kind=static_target
$052AE6  in func $052ADA  base $052AEA  kind=fallback_hybrid/function_entry
$052E58  in func $052E54  base $04ECEA  kind=static_target
$052E68  in func $052E5C  base $052E6C  kind=fallback_hybrid/function_entry
$052E96  in func $052E86  base $052E9A  kind=fallback_hybrid/function_entry
$052F34  in func $052F26  base $04ED7E  kind=static_target
$052F38  in func $052F38  base $04EDAC  kind=static_target
$052F40  in func $052F3C  base $04EDAC  kind=static_target
$053040  in func $05302A  base $04F0F6  kind=static_target
$053048  in func $053044  base $05304C  kind=fallback_hybrid/function_entry
$053110  in func $053108  base $04F3FC  kind=static_target
$053268  in func $05325C  base $05326C  kind=fallback_hybrid/function_entry
$0533F0  in func $0533E0  base $01E2C2  kind=static_target
$0534C4  in func $0534A4  base $01ABC6  kind=static_target
$05353A  in func $0534EE  base $01ABC6  kind=static_target
$053686  in func $053670  base $04ECEA  kind=static_target
$05368E  in func $05368A  base $053692  kind=fallback_hybrid/function_entry
$0536D0  in func $0536D0  base $04EDAC  kind=static_target
$053728  in func $053704  base $04F0F6  kind=static_target
$053748  in func $05372C  base $04F09A  kind=static_target
$053750  in func $05374C  base $053754  kind=fallback_hybrid/function_entry
$0537CC  in func $0537A8  base $04F3FC  kind=static_target
$0537EA  in func $0537E2  base $04F3FC  kind=static_target
$0538AA  in func $0538A6  base $04F09A  kind=static_target
$053964  in func $053960  base $04F09A  kind=static_target
$053A7C  in func $053A74  base $01ABB6  kind=static_target
$053C10  in func $053BFC  base $01ABB6  kind=static_target
$053C26  in func $053C26  base $01ABC6  kind=static_target
$053CF0  in func $053CEC  base $04ECEA  kind=static_target
$053CF4  in func $053CF4  base $04EDAC  kind=static_target
$053D50  in func $053D38  base $04F0F6  kind=static_target
$053D78  in func $053D54  base $04F0F6  kind=static_target
$053D80  in func $053D7C  base $053D84  kind=fallback_hybrid/function_entry
$053DFC  in func $053DF2  base $04F0F6  kind=static_target
$053E80  in func $053E80  base $04F0F6  kind=static_target
$053F46  in func $053F32  base $04ECEA  kind=static_target
$053F74  in func $053F4A  base $04ED7E  kind=static_target
$053F8E  in func $053F78  base $04ED7E  kind=static_target
$053FAA  in func $053F92  base $04ED7E  kind=static_target
$053FCA  in func $053FC0  base $04ED7E  kind=static_target
$053FDC  in func $053FD6  base $23E526  kind=static_target
$053FEA  in func $053FE2  base $23E506  kind=static_target
$053FF6  in func $053FF2  base $23E4EC  kind=static_target
$054004  in func $054000  base $23E4D0  kind=static_target
$05401C  in func $05400A  base $04EEC6  kind=static_target
$054194  in func $05418C  base $01ABB6  kind=static_target
$0541BE  in func $05419A  base $01DCD2  kind=static_target
$054214  in func $0541EE  base $04F0F6  kind=static_target
$05421C  in func $054218  base $054220  kind=fallback_hybrid/function_entry
$0542A0  in func $054270  base $04F3FC  kind=static_target
$05435E  in func $054356  base $04F0F6  kind=static_target
$054390  in func $054370  base $04ECEA  kind=static_target
$0543A0  in func $054394  base $0543A4  kind=fallback_hybrid/function_entry
$0543C2  in func $0543AC  base $04ED7E  kind=static_target
$0543C6  in func $0543C6  base $04EDAC  kind=static_target
$0543F0  in func $0543F0  base $04EDAC  kind=static_target
$054468  in func $05445E  base $04F0F6  kind=static_target
$054470  in func $05446C  base $054474  kind=fallback_hybrid/function_entry
$0544EA  in func $0544CC  base $04F3FC  kind=static_target
$05462C  in func $054606  base $04F3FC  kind=static_target
$054B44  in func $054B40  base $04ECEA  kind=static_target
$054BA4  in func $054BA4  base $04EDAC  kind=static_target
$054BE6  in func $054BCC  base $04F09A  kind=static_target
$054C8C  in func $054C64  base $04F09A  kind=static_target
$054DB0  in func $054DA4  base $04ECEA  kind=static_target
$054DC0  in func $054DB4  base $054DC4  kind=fallback_hybrid/function_entry
$054DE2  in func $054DE2  base $04EDAC  kind=static_target
$054EAA  in func $054EA6  base $04EDAC  kind=static_target
$054EC0  in func $054EAE  base $04EE00  kind=static_target
$054FB0  in func $054F8C  base $04EE48  kind=static_target
$055060  in func $055060  base $055064  kind=fallback_hybrid/function_entry
$0551CE  in func $0551C4  base $04F09A  kind=static_target
$0551EA  in func $0551D2  base $0551EE  kind=fallback_hybrid/function_entry
$05525A  in func $05524A  base $04F09A  kind=static_target
$05531C  in func $05530C  base $04F09A  kind=static_target
$0554DC  in func $0554DC  base $04F3FC  kind=static_target
$055798  in func $055792  base $01ABB6  kind=static_target
$05579E  in func $05579E  base $01ABC6  kind=static_target
$0557FC  in func $0557FC  base $01ABB6  kind=static_target
$055834  in func $055814  base $01040C  kind=static_target
$055860  in func $055856  base $01ABC6  kind=static_target
$055A70  in func $055A6C  base $04ECEA  kind=static_target
$055A7C  in func $055A74  base $04EDAC  kind=static_target
$055A9E  in func $055A80  base $055E1A  kind=static_target
$055AA6  in func $055AA2  base $055AAA  kind=fallback_hybrid/function_entry
$055B28  in func $055B06  base $055E1A  kind=static_target
$055BD8  in func $055BCA  base $04F3FC  kind=static_target
$055C34  in func $055C26  base $055E74  kind=static_target
$055C72  in func $055C72  base $055E74  kind=static_target
$055E70  in func $055E1A  base $04F218  kind=static_target
$055F76  in func $055F70  base $055F7A  kind=fallback_hybrid/function_entry
$055FB8  in func $055FB8  base $01ABB6  kind=static_target
$055FEC  in func $055FE6  base $01ABB6  kind=static_target
$055FFC  in func $055FF2  base $01ABC6  kind=static_target
$056078  in func $056078  base $01ABC6  kind=static_target
$056084  in func $05607E  base $01ABB6  kind=static_target
$0560C4  in func $0560C4  base $01ABC6  kind=static_target
$0561DE  in func $0561D8  base $04ECEA  kind=static_target
$0561F0  in func $0561E4  base $0561F4  kind=fallback_hybrid/function_entry
$05624E  in func $05624E  base $04EDAC  kind=static_target
$0562B6  in func $0562A0  base $04F09A  kind=static_target
$0562C0  in func $0562BC  base $0562C4  kind=fallback_hybrid/function_entry
$0563FA  in func $0563E8  base $04F09A  kind=static_target
$056474  in func $056468  base $056A04  kind=static_target
$0564A8  in func $05649C  base $056A04  kind=static_target
$056532  in func $056532  base $04F09A  kind=static_target
$05663C  in func $05661C  base $04F3FC  kind=static_target
$0566F4  in func $0566EE  base $04F3FC  kind=static_target
$056768  in func $05672E  base $05676C  kind=fallback_hybrid/function_entry
$056B32  in func $056B2C  base $04ECEA  kind=static_target
$056B80  in func $056B7C  base $04ED7E  kind=static_target
$056B86  in func $056B86  base $04EDAC  kind=static_target
$056BDC  in func $056BB0  base $04F0F6  kind=static_target
$056BE6  in func $056BE2  base $056BEA  kind=fallback_hybrid/function_entry
$056C90  in func $056C90  base $04F3FC  kind=static_target
$056CAA  in func $056C9E  base $04F3FC  kind=static_target
$056D62  in func $056D3E  base $04F3FC  kind=static_target
$056E22  in func $056E22  base $056E26  kind=fallback_hybrid/function_entry
$056E8A  in func $056E7A  base $056C9E  kind=static_target
$056EC4  in func $056E8E  base $056CB4  kind=static_target
$056EF0  in func $056EEA  base $01ABB6  kind=static_target
$056FD4  in func $056FCE  base $04ECEA  kind=static_target
$056FE2  in func $056FDA  base $04EDAC  kind=static_target
$05701A  in func $056FFA  base $04F0F6  kind=static_target
$057024  in func $057020  base $057028  kind=fallback_hybrid/function_entry
$0570A4  in func $057084  base $04F3FC  kind=static_target
$057152  in func $057146  base $01ABB6  kind=static_target
$0571A4  in func $05719E  base $01ABC6  kind=static_target
$0572C0  in func $0572B6  base $04ECEA  kind=static_target
$0572D2  in func $0572C6  base $0572D6  kind=fallback_hybrid/function_entry
$0572F0  in func $0572E2  base $04EDAC  kind=static_target
$057382  in func $057376  base $04EEC6  kind=static_target
$0574FE  in func $0574D8  base $04EAF4  kind=static_target
$05788C  in func $05787C  base $04F09A  kind=static_target
$0578B4  in func $057892  base $04F0F6  kind=static_target
$0578BE  in func $0578BA  base $0578C2  kind=fallback_hybrid/function_entry
$057938  in func $057918  base $04F2B4  kind=static_target
$0579E6  in func $0579C2  base $04F09A  kind=static_target
$0579F4  in func $0579EC  base $04F0F6  kind=static_target
$057BD4  in func $057BB6  base $01E31A  kind=static_target
$057C40  in func $057C1E  base $01ABC6  kind=static_target
$057DE8  in func $057DDE  base $01ABB6  kind=static_target
$057DEE  in func $057DEE  base $045882  kind=static_target
$057E54  in func $057E22  base $01ABB6  kind=static_target
$057EB6  in func $057E8C  base $01ABB6  kind=static_target
$057EDE  in func $057ED8  base $057EE2  kind=fallback_hybrid/function_entry
$0580EE  in func $058096  base $001380  kind=static_target
$0581B4  in func $058198  base $012D22  kind=static_target
$058212  in func $0581FA  base $085E62  kind=static_target
$058256  in func $058246  base $01ABC6  kind=static_target
$0582CE  in func $0582CE  base $01ABC6  kind=static_target
$058382  in func $058382  base $01ABC6  kind=static_target
$0583C2  in func $0583B4  base $01ABC6  kind=static_target
$0583D4  in func $0583CE  base $01ABB6  kind=static_target
$0583E0  in func $0583DA  base $01ABC6  kind=static_target
$05843E  in func $058428  base $01ABB6  kind=static_target
$05850C  in func $05850C  base $01ABB6  kind=static_target
$058524  in func $058524  base $01ABC6  kind=static_target
$058AC2  in func $058ABA  base $04ECEA  kind=static_target
$058AD4  in func $058AC8  base $058AD8  kind=fallback_hybrid/function_entry
$058B42  in func $058B1E  base $04ED7A  kind=static_target
$058CA0  in func $058C90  base $04EAF4  kind=static_target
$058D32  in func $058D1C  base $058FE4  kind=static_target
$058D3A  in func $058D36  base $058D3E  kind=fallback_hybrid/function_entry
$058D60  in func $058D46  base $04F3FC  kind=static_target
$058FF2  in func $058FE4  base $04F0F6  kind=static_target
$05908C  in func $05908C  base $04F09A  kind=static_target
$05909A  in func $059092  base $04F182  kind=static_target
$0590A6  in func $0590A0  base $0590AA  kind=fallback_hybrid/function_entry
$059168  in func $05915A  base $01ABB6  kind=static_target
$0591F6  in func $0591F6  base $01ABB6  kind=static_target
$05928C  in func $05926E  base $01ABB6  kind=static_target
$059292  in func $059292  base $01ABC6  kind=static_target
$059380  in func $05937A  base $04ECEA  kind=static_target
$05939A  in func $059386  base $04ED7E  kind=static_target
$0593A0  in func $0593A0  base $04EDAC  kind=static_target
$0593BA  in func $0593A6  base $04F09A  kind=static_target
$0593C4  in func $0593C0  base $0593C8  kind=fallback_hybrid/function_entry
$05940E  in func $05940E  base $04F09A  kind=static_target
$0594B0  in func $0594B0  base $04F09A  kind=static_target
$0594C2  in func $0594B6  base $04ECEA  kind=static_target
$0594CC  in func $0594C8  base $0594D0  kind=fallback_hybrid/function_entry
$0594FC  in func $0594DC  base $04ED7E  kind=static_target
$05951A  in func $059502  base $04ED7E  kind=static_target
$059520  in func $059520  base $04EDAC  kind=static_target
$059540  in func $059526  base $04F09A  kind=static_target
$05954A  in func $059546  base $05954E  kind=fallback_hybrid/function_entry
$05958E  in func $05958E  base $04F09A  kind=static_target
$0595B6  in func $0595A2  base $04ECEA  kind=static_target
$0595C4  in func $0595BC  base $0595C8  kind=fallback_hybrid/function_entry
$059668  in func $059646  base $04EAF4  kind=static_target
$059752  in func $05974C  base $04ECEA  kind=static_target
$059758  in func $059758  base $04EDAC  kind=static_target
$05976E  in func $05975E  base $04F09A  kind=static_target
$05977E  in func $059774  base $04F09A  kind=static_target
$0597C6  in func $0597C2  base $0597CA  kind=fallback_hybrid/function_entry
$059806  in func $0597D2  base $04ED88  kind=static_target
$059854  in func $05980C  base $04EAF4  kind=static_target
$05988C  in func $059878  base $0599B8  kind=static_target
$059B26  in func $059B20  base $04ECEA  kind=static_target
$059B30  in func $059B2C  base $059B34  kind=fallback_hybrid/function_entry
$059B9A  in func $059B6E  base $04ED7E  kind=static_target
$059C1C  in func $059C1C  base $04EDAC  kind=static_target
$059C68  in func $059C4E  base $059E06  kind=static_target
$059C70  in func $059C6C  base $059C74  kind=fallback_hybrid/function_entry
$059CB0  in func $059CB0  base $059E06  kind=static_target
$059CFC  in func $059CF2  base $059E06  kind=static_target
$059DA6  in func $059D9C  base $059E06  kind=static_target
$059E1A  in func $059E1A  base $04F09A  kind=static_target
$059E82  in func $059E7A  base $059E86  kind=fallback_hybrid/function_entry
$059FCA  in func $059FB6  base $010366  kind=static_target
$05A17A  in func $05A174  base $04ECEA  kind=static_target
$05A1C0  in func $05A19E  base $04ED7E  kind=static_target
$05A1C6  in func $05A1C6  base $04EDAC  kind=static_target
$05A22E  in func $05A202  base $04F0F6  kind=static_target
$05A238  in func $05A234  base $05A23C  kind=fallback_hybrid/function_entry
$05A2AA  in func $05A28A  base $04F3FC  kind=static_target
$05A32C  in func $05A30C  base $04F3FC  kind=static_target
$05A4A4  in func $05A46A  base $04ED08  kind=static_target
$05A4B6  in func $05A4AA  base $05A4BA  kind=fallback_hybrid/function_entry
$05A57C  in func $05A56C  base $05A580  kind=fallback_hybrid/function_entry
$05A6BA  in func $05A69E  base $05A6BE  kind=fallback_hybrid/function_entry
$05A78E  in func $05A776  base $04F3FC  kind=static_target
$05A81C  in func $05A814  base $01ABB6  kind=static_target
$05A894  in func $05A888  base $01E2C2  kind=static_target
$05A908  in func $05A8EC  base $01B5A4  kind=static_target
$05A934  in func $05A92C  base $01ABB6  kind=static_target
$05A944  in func $05A93A  base $01E2C2  kind=static_target
$05A96C  in func $05A94A  base $01ABB6  kind=static_target
$05A97C  in func $05A974  base $01ABB6  kind=static_target
$05AA56  in func $05AA3C  base $04ECEA  kind=static_target
$05AA64  in func $05AA5C  base $04EDAC  kind=static_target
$05AA9A  in func $05AA6A  base $04F0F6  kind=static_target
$05AAC4  in func $05AAA0  base $04F3FC  kind=static_target
$05AB14  in func $05AAD8  base $04ECEA  kind=static_target
$05AB1E  in func $05AB1A  base $05AB22  kind=fallback_hybrid/function_entry
$05AF0C  in func $05AF0C  base $04EDAC  kind=static_target
$05AF4C  in func $05AF30  base $04F0F6  kind=static_target
$05AF56  in func $05AF52  base $05AF5A  kind=fallback_hybrid/function_entry
$05AFEA  in func $05AFEA  base $000000  kind=dynamic_register
$05B05C  in func $05B048  base $23B0D4  kind=static_target
$05B0CC  in func $05B0C8  base $058D6C  kind=static_target
$05B1BE  in func $05B1B6  base $05B1C2  kind=fallback_hybrid/offset_table
$05B20E  in func $05B1FA  base $00172C  kind=static_target
$05B498  in func $05B494  base $000000  kind=dynamic_register
$05B4F6  in func $05B4EC  base $001AD2  kind=static_target
$05B51A  in func $05B510  base $001AD2  kind=static_target
$05B526  in func $05B520  base $00172C  kind=static_target
$05C5A4  in func $05C5A4  base $01ABC6  kind=static_target
$05C5C4  in func $05C5B0  base $01ABC6  kind=static_target
$05C69C  in func $05C688  base $01ABC6  kind=static_target
$05C6EE  in func $05C6DE  base $08453A  kind=static_target
$05C72C  in func $05C71C  base $08453A  kind=static_target
$05C792  in func $05C792  base $01ABC6  kind=static_target
$05C7CC  in func $05C7B8  base $01ABC6  kind=static_target
$05C836  in func $05C836  base $015862  kind=static_target
$05C84E  in func $05C84E  base $015862  kind=static_target
$05C85A  in func $05C854  base $01ABB6  kind=static_target
$05C87A  in func $05C860  base $000000  kind=dynamic_register
$05C8EA  in func $05C8E0  base $01ABC6  kind=static_target
$05C904  in func $05C8F0  base $01ABC6  kind=static_target
$05C97E  in func $05C974  base $08453A  kind=static_target
$05C9E6  in func $05C99A  base $001AD2  kind=static_target
$05C9FE  in func $05C9EC  base $01ABC6  kind=static_target
$05CA3C  in func $05CA3C  base $01ABC6  kind=static_target
$05CA9A  in func $05CA90  base $01ABC6  kind=static_target
$05CAD0  in func $05CAC6  base $01ABC6  kind=static_target
$05D8BE  in func $05D8AE  base $01ABC6  kind=static_target
$05DA10  in func $05D9E0  base $001AD2  kind=static_target
$05DCBA  in func $05DC54  base $084088  kind=static_target
$05DD56  in func $05DD36  base $084088  kind=static_target
$05DE82  in func $05DE6E  base $01ABB6  kind=static_target
$05DE96  in func $05DE88  base $01ABC6  kind=static_target
$05DF1E  in func $05DF18  base $01AB52  kind=static_target
$05DF56  in func $05DF56  base $0852C8  kind=static_target
$05DFD4  in func $05DFCE  base $084948  kind=static_target
$05DFFA  in func $05DFF4  base $084948  kind=static_target
$05E010  in func $05E000  base $084948  kind=static_target
$05E0AC  in func $05E0A2  base $001AD2  kind=static_target
$05E0F8  in func $05E0F8  base $01ABC6  kind=static_target
$05E112  in func $05E0FE  base $01ABC6  kind=static_target
$05E2AA  in func $05E280  base $001AD2  kind=static_target
$05E2E4  in func $05E2B0  base $085FC8  kind=static_target
$05E34A  in func $05E33E  base $001AD2  kind=static_target
$05E3D6  in func $05E3C6  base $0864B4  kind=static_target
$05E410  in func $05E402  base $01ABC6  kind=static_target
$05E434  in func $05E434  base $01ABC6  kind=static_target
$05E504  in func $05E504  base $01ABC6  kind=static_target
$05E520  in func $05E518  base $01ABC6  kind=static_target
$05E526  in func $05E526  base $0852C8  kind=static_target
$05E5B6  in func $05E5B6  base $01ABC6  kind=static_target
$05E5FC  in func $05E5FC  base $01ABC6  kind=static_target
$05E634  in func $05E634  base $01ABC6  kind=static_target
$05E6E2  in func $05E6E2  base $01ABC6  kind=static_target
$05E71E  in func $05E70E  base $01ABC6  kind=static_target
$05E82C  in func $05E7F4  base $001AD2  kind=static_target
$05E938  in func $05E8B8  base $084088  kind=static_target
$05E9AC  in func $05E95E  base $085968  kind=static_target
$05EA74  in func $05EA74  base $01ABB6  kind=static_target
$05EA8C  in func $05EA7A  base $084948  kind=static_target
$05EAFE  in func $05EAEE  base $084088  kind=static_target
$05EB16  in func $05EB04  base $0843D6  kind=static_target
$05EB8E  in func $05EB84  base $05EB92  kind=fallback_hybrid/offset_table
$05EBE8  in func $05EBDC  base $084948  kind=static_target
$05EC12  in func $05EC0C  base $084948  kind=static_target
$05EC58  in func $05EC3C  base $01ABC6  kind=static_target
$05EC5E  in func $05EC5E  base $01ABB6  kind=static_target
$05ECB0  in func $05ECB0  base $01ABC6  kind=static_target
$05ECD6  in func $05ECD0  base $0849B4  kind=static_target
$05ED58  in func $05ED40  base $01ABC6  kind=static_target
$05ED8C  in func $05ED72  base $01ABC6  kind=static_target
$05EDCE  in func $05EDCE  base $01ABC6  kind=static_target
$05EE14  in func $05EE0E  base $05EE18  kind=fallback_hybrid/offset_table
$05EF4A  in func $05EF36  base $01ABC6  kind=static_target
$05EF78  in func $05EF66  base $01ABC6  kind=static_target
$05EF7E  in func $05EF7E  base $01ABB6  kind=static_target
$05EF8A  in func $05EF84  base $01ABC6  kind=static_target
$05EFDC  in func $05EFD2  base $000000  kind=dynamic_register
$05F1D0  in func $05F1B2  base $000000  kind=dynamic_register
$05F226  in func $05F21E  base $01ABC6  kind=static_target
$05F22C  in func $05F22C  base $0852C8  kind=static_target
$05F304  in func $05F300  base $084088  kind=static_target
$05F336  in func $05F320  base $01ABC6  kind=static_target
$05F3C0  in func $05F3C0  base $01ABC6  kind=static_target
$05F3CC  in func $05F3C6  base $01ABC6  kind=static_target
$05F3F4  in func $05F3D2  base $084088  kind=static_target
$05F40C  in func $05F402  base $01ABC6  kind=static_target
$05F432  in func $05F428  base $01ABC6  kind=static_target
$05F4A2  in func $05F492  base $01ABC6  kind=static_target
$05F51C  in func $05F50C  base $01ABC6  kind=static_target
$05F5D6  in func $05F5C2  base $001AD2  kind=static_target
$05F5F8  in func $05F5EA  base $01ABC6  kind=static_target
$05F676  in func $05F66C  base $001AD2  kind=static_target
$05F70C  in func $05F702  base $01ABC6  kind=static_target
$05F740  in func $05F73A  base $01ABC6  kind=static_target
$05F760  in func $05F746  base $01ABC6  kind=static_target
$05F7EE  in func $05F7D4  base $001AD2  kind=static_target
$05F7FA  in func $05F7F4  base $0859B2  kind=static_target
$05F824  in func $05F812  base $084088  kind=static_target
$05F84E  in func $05F82A  base $0845A8  kind=static_target
$05F854  in func $05F854  base $0845C4  kind=static_target
$05F86E  in func $05F85A  base $0845A8  kind=static_target
$05F8BC  in func $05F882  base $0845A8  kind=static_target
$05F960  in func $05F956  base $001AD2  kind=static_target
$05F96E  in func $05F96E  base $01ABC6  kind=static_target
$05F9A8  in func $05F998  base $001AD2  kind=static_target
$05FAF0  in func $05FADC  base $01ABC6  kind=static_target
$05FB3C  in func $05FB3C  base $01ABC6  kind=static_target
$05FBC2  in func $05FBB8  base $01ABC6  kind=static_target
$05FCB0  in func $05FCA0  base $0852C8  kind=static_target
$05FD1E  in func $05FD14  base $0859B2  kind=static_target
$05FDAA  in func $05FDAA  base $01ABB6  kind=static_target
$05FDC2  in func $05FDB0  base $085FC8  kind=static_target
$05FE40  in func $05FE38  base $01ABB6  kind=static_target
$05FFF6  in func $05FFE6  base $0852C8  kind=static_target
$060D38  in func $060D38  base $01ABC6  kind=static_target
$060D54  in func $060D46  base $01ABC6  kind=static_target
$060D7A  in func $060D7A  base $01ABC6  kind=static_target
$060DB8  in func $060DA6  base $01ABC6  kind=static_target
$060DCE  in func $060DBE  base $0852C8  kind=static_target
$060E6E  in func $060E6E  base $01ABC6  kind=static_target
$060EAE  in func $060EA8  base $01ABC6  kind=static_target
$060EC4  in func $060EB4  base $01ABC6  kind=static_target
$060F4A  in func $060F36  base $01ABC6  kind=static_target
$060F50  in func $060F50  base $01ABB6  kind=static_target
$060F94  in func $060F8C  base $01ABB6  kind=static_target
$060FB0  in func $060FA8  base $01ABB6  kind=static_target
$060FB6  in func $060FB6  base $01ABC6  kind=static_target
$061040  in func $06103A  base $01ABC6  kind=static_target
$061066  in func $061066  base $01ABC6  kind=static_target
$061098  in func $061078  base $01ABB8  kind=static_target
$061102  in func $0610EE  base $01ABC6  kind=static_target
$061152  in func $061148  base $001358  kind=static_target
$06117E  in func $061176  base $08611A  kind=static_target
$0611F8  in func $06119E  base $001380  kind=static_target
$061222  in func $0611FE  base $001358  kind=static_target
$06124C  in func $061228  base $001358  kind=static_target
$061276  in func $061252  base $001358  kind=static_target
$061346  in func $06133C  base $000000  kind=dynamic_register
$0613AA  in func $06138A  base $084248  kind=static_target
$06169E  in func $061692  base $01ABB6  kind=static_target
$0617DA  in func $0617BC  base $08611A  kind=static_target
$0617E0  in func $0617E0  base $084428  kind=static_target
$0617FE  in func $0617E6  base $01ABC6  kind=static_target
$061906  in func $0618F8  base $085200  kind=static_target
$06194A  in func $061940  base $01ABC6  kind=static_target
$06198C  in func $061950  base $01ABC6  kind=static_target
$0619B0  in func $061992  base $0851F4  kind=static_target
$061D84  in func $061D74  base $000000  kind=dynamic_register
$061DD2  in func $061DBA  base $01ABC6  kind=static_target
$061E16  in func $061DE6  base $084088  kind=static_target
$061E46  in func $061E2A  base $085968  kind=static_target
$061E8C  in func $061E8C  base $0848B2  kind=static_target
$061ECA  in func $061EBE  base $0848B2  kind=static_target
$061F0E  in func $061F08  base $0848B2  kind=static_target
$061F44  in func $061F38  base $01AB52  kind=static_target
$061F82  in func $061F6C  base $0852C8  kind=static_target
$061FA4  in func $061F98  base $01ABC6  kind=static_target
$061FBA  in func $061FAA  base $0216CC  kind=static_target
$061FD8  in func $061FC0  base $01ABC6  kind=static_target
$06203C  in func $06203C  base $0848B2  kind=static_target
$06205E  in func $06204A  base $08442C  kind=static_target
$06209C  in func $062096  base $0848B2  kind=static_target
$06210C  in func $06210C  base $084428  kind=static_target
$062134  in func $062112  base $01DCD2  kind=static_target
$062164  in func $06213A  base $085230  kind=static_target
$062180  in func $062180  base $01ABB6  kind=static_target
$062222  in func $0621FE  base $085968  kind=static_target
$062238  in func $062228  base $0848B2  kind=static_target
$0622A2  in func $06229C  base $0852C8  kind=static_target
$0622F2  in func $0622C6  base $01ABC6  kind=static_target
$062354  in func $062340  base $084088  kind=static_target
$062360  in func $06235A  base $085CCC  kind=static_target
$062382  in func $06237C  base $0848B2  kind=static_target
$06247A  in func $062474  base $0852C8  kind=static_target
$0624A2  in func $062480  base $01DCD2  kind=static_target
$0624F2  in func $0624F2  base $01ABB6  kind=static_target
$062532  in func $062506  base $085230  kind=static_target
$062570  in func $062550  base $085968  kind=static_target
$0625EC  in func $0625E6  base $0848B2  kind=static_target
$062662  in func $062658  base $0852C8  kind=static_target
$06268A  in func $062668  base $085230  kind=static_target
$0626CE  in func $0626A0  base $084088  kind=static_target
$0626D4  in func $0626D4  base $085200  kind=static_target
$062716  in func $062716  base $0845C4  kind=static_target
$062748  in func $06271C  base $00172C  kind=static_target
$062782  in func $062766  base $084248  kind=static_target
$0627AC  in func $0627A0  base $084428  kind=static_target
$0627E8  in func $0627B2  base $0852C8  kind=static_target
$06287C  in func $062876  base $0850FC  kind=static_target
$0628CC  in func $0628C8  base $0848B2  kind=static_target
$0628F4  in func $0628D2  base $085230  kind=static_target
$062930  in func $062908  base $08413C  kind=static_target
$062954  in func $062950  base $0845C8  kind=static_target
$062986  in func $062986  base $084428  kind=static_target
$06299C  in func $06298C  base $084428  kind=static_target
$0629F0  in func $0629E8  base $084BE8  kind=static_target
$062A4A  in func $062A4A  base $0850FC  kind=static_target
$062AC0  in func $062AC0  base $0850FC  kind=static_target
$062AE4  in func $062AD6  base $0850FC  kind=static_target
$062B1E  in func $062B16  base $01B5A4  kind=static_target
$062B7A  in func $062B62  base $085230  kind=static_target
$062BD4  in func $062BCA  base $085968  kind=static_target
$062BF6  in func $062BE8  base $01AB52  kind=static_target
$062C7C  in func $062C6A  base $01ABC6  kind=static_target
$062CB2  in func $062C9E  base $0845A8  kind=static_target
$062CC6  in func $062CB8  base $01AB52  kind=static_target
$062CF4  in func $062CCC  base $062CF8  kind=fallback_hybrid/offset_table
$062DCE  in func $062D98  base $0852C8  kind=static_target
$062E26  in func $062E04  base $0845B6  kind=static_target
$062E4A  in func $062E42  base $01ABB6  kind=static_target
$062E7E  in func $062E7E  base $01ABC6  kind=static_target
$062E8C  in func $062E84  base $01ABC6  kind=static_target
$062EF2  in func $062EF2  base $01ABC6  kind=static_target
$062F1E  in func $062F1E  base $01ABC6  kind=static_target
$062F6E  in func $062F6E  base $085098  kind=static_target
$062F94  in func $062F94  base $085098  kind=static_target
$062FD6  in func $062FCA  base $01ABC6  kind=static_target
$062FFC  in func $062FF2  base $01ABC6  kind=static_target
$06302E  in func $063024  base $0852C8  kind=static_target
$063096  in func $063096  base $084948  kind=static_target
$0630E0  in func $0630CE  base $084948  kind=static_target
$06313C  in func $063108  base $085230  kind=static_target
$06314C  in func $063142  base $0852C8  kind=static_target
$063192  in func $06315C  base $084088  kind=static_target
$063242  in func $063236  base $0845B6  kind=static_target
$06332A  in func $063320  base $001AD2  kind=static_target
$063346  in func $063346  base $084948  kind=static_target
$0633B0  in func $06339A  base $01ABC6  kind=static_target
$063468  in func $0633FE  base $01ABB6  kind=static_target
$0634A8  in func $06348E  base $01ABC6  kind=static_target
$0634CE  in func $0634C2  base $08504A  kind=static_target
$0634EC  in func $0634E0  base $08504A  kind=static_target
$06356E  in func $06356A  base $08442C  kind=static_target
$063584  in func $063574  base $0845A8  kind=static_target
$063592  in func $06358A  base $0845C4  kind=static_target
$0635C4  in func $0635B6  base $01AB52  kind=static_target
$063618  in func $0635F0  base $0845A8  kind=static_target
$06361E  in func $06361E  base $0845C4  kind=static_target
$063642  in func $063624  base $0845A8  kind=static_target
$0636A4  in func $063676  base $0852C8  kind=static_target
$063772  in func $063772  base $01ABC6  kind=static_target
$0637B2  in func $0637B2  base $01ABC6  kind=static_target
$06380E  in func $0637B8  base $001AD2  kind=static_target
$063868  in func $063868  base $01ABC6  kind=static_target
$0638C4  in func $0638C4  base $01ABC6  kind=static_target
$0638FE  in func $0638F8  base $0852C8  kind=static_target
$06390E  in func $063904  base $084068  kind=static_target
$063938  in func $063938  base $084948  kind=static_target
$06397E  in func $06396E  base $084948  kind=static_target
$0639C8  in func $063984  base $000000  kind=dynamic_register
$0639EE  in func $0639DE  base $000000  kind=dynamic_register
$063A38  in func $0639F0  base $001AD2  kind=static_target
$063A68  in func $063A62  base $01ABC6  kind=static_target
$063A8C  in func $063A7A  base $085098  kind=static_target
$063AAE  in func $063A92  base $01ABC6  kind=static_target
$063AEC  in func $063ABE  base $085968  kind=static_target
$063B14  in func $063B10  base $0846B4  kind=static_target
$063B32  in func $063B1A  base $0845A8  kind=static_target
$063B3C  in func $063B38  base $0846B4  kind=static_target
$063BB6  in func $063BAC  base $001AD2  kind=static_target
$063C60  in func $063C3C  base $085E62  kind=static_target
$063CA2  in func $063CA2  base $01ABC6  kind=static_target
$063CCE  in func $063CCE  base $01ABC6  kind=static_target
$063D0E  in func $063D0E  base $01ABC6  kind=static_target
$063D3C  in func $063D36  base $01ABB6  kind=static_target
$063E02  in func $063DFC  base $0852C8  kind=static_target
$063E22  in func $063E08  base $01ABC6  kind=static_target
$063E36  in func $063E32  base $08504A  kind=static_target
$063E40  in func $063E3C  base $08504A  kind=static_target
$063EFC  in func $063EE6  base $0845A8  kind=static_target
$063F5E  in func $063F48  base $0845A8  kind=static_target
$063FFA  in func $063FE8  base $0845A8  kind=static_target
$06403E  in func $06403E  base $084536  kind=static_target
$06405C  in func $064044  base $0845A8  kind=static_target
$0640B2  in func $06408E  base $0845A8  kind=static_target
$06416E  in func $06415A  base $0845A8  kind=static_target
$0641A6  in func $06418C  base $0845A8  kind=static_target
$06420E  in func $0641EC  base $0845A8  kind=static_target
$06427A  in func $06426A  base $0845A8  kind=static_target
$064312  in func $0642E4  base $0845A8  kind=static_target
$064378  in func $064378  base $0846B0  kind=static_target
$0643AC  in func $06437E  base $001AD2  kind=static_target
$0643E0  in func $0643CC  base $084248  kind=static_target
$064482  in func $064478  base $0845A8  kind=static_target
$064538  in func $064524  base $00172C  kind=static_target
$064596  in func $064564  base $0845A8  kind=static_target
$0645F6  in func $0645D8  base $0845A8  kind=static_target
$064602  in func $0645FC  base $084536  kind=static_target
$064632  in func $064608  base $0845A8  kind=static_target
$06468A  in func $064664  base $0845A8  kind=static_target
$064718  in func $0646E0  base $0845A8  kind=static_target
$06477A  in func $064742  base $0845A8  kind=static_target
$0647E8  in func $0647B6  base $0845A8  kind=static_target
$06482C  in func $064814  base $0845A8  kind=static_target
$0648DA  in func $0648DA  base $0846B0  kind=static_target
$064904  in func $0648E0  base $0845A8  kind=static_target
$0649A6  in func $06498C  base $084248  kind=static_target
$0649AC  in func $0649AC  base $0846B0  kind=static_target
$0649D0  in func $0649B2  base $0845A8  kind=static_target
$0649D6  in func $0649D6  base $0846B0  kind=static_target
$0649F8  in func $0649DC  base $084248  kind=static_target
$064A58  in func $064A44  base $0845A8  kind=static_target
$064A5E  in func $064A5E  base $0846B0  kind=static_target
$064A90  in func $064A64  base $0845A8  kind=static_target
$064AE2  in func $064AB6  base $0845A8  kind=static_target
$064B32  in func $064B0A  base $0845A8  kind=static_target
$064B8C  in func $064B88  base $0845A8  kind=static_target
$064BDA  in func $064BA8  base $0845A8  kind=static_target
$064BE8  in func $064BE0  base $0845C4  kind=static_target
$064C1C  in func $064BEE  base $0845A8  kind=static_target
$064C22  in func $064C22  base $084536  kind=static_target
$064C46  in func $064C28  base $0845A8  kind=static_target
$064C92  in func $064C84  base $01ABC6  kind=static_target
$064D3C  in func $064D2C  base $085FC8  kind=static_target
$064E4A  in func $064E28  base $085FC8  kind=static_target
$064F14  in func $064F14  base $01ABC6  kind=static_target
$064F26  in func $064F1A  base $01ABC6  kind=static_target
$064F42  in func $064F2C  base $084088  kind=static_target
$064F92  in func $064F8E  base $01ABC6  kind=static_target
$064FC2  in func $064FB2  base $08493C  kind=static_target
$064FFE  in func $064FFA  base $08493C  kind=static_target
$065022  in func $065004  base $08493C  kind=static_target
$065050  in func $065028  base $0852C8  kind=static_target
$06506A  in func $065056  base $084088  kind=static_target
$06507E  in func $065070  base $084948  kind=static_target
$0650C8  in func $0650C2  base $084948  kind=static_target
$06515A  in func $06515A  base $084948  kind=static_target
$065180  in func $065170  base $084948  kind=static_target
$0651AC  in func $065196  base $084948  kind=static_target
$065214  in func $06520A  base $01ABC6  kind=static_target
$065248  in func $065232  base $01ABC6  kind=static_target
$0652AA  in func $06529E  base $0850FC  kind=static_target
$0652C4  in func $0652BE  base $0850FC  kind=static_target
$06536A  in func $06536A  base $0842D0  kind=static_target
$065382  in func $06537C  base $084948  kind=static_target
$065426  in func $06541A  base $084C28  kind=static_target
$065474  in func $065474  base $084948  kind=static_target
$0654A6  in func $065496  base $084948  kind=static_target
$0654BC  in func $0654AC  base $084948  kind=static_target
$065572  in func $065572  base $084948  kind=static_target
$06561C  in func $06561C  base $01ABC6  kind=static_target
$065650  in func $065644  base $01ABC6  kind=static_target
$06565C  in func $065656  base $01ABB6  kind=static_target
$06569A  in func $06568A  base $01ABC6  kind=static_target
$065724  in func $065702  base $01ABC6  kind=static_target
$06573C  in func $06572A  base $01ABC6  kind=static_target
$065780  in func $065776  base $085968  kind=static_target
$0657B6  in func $065786  base $001AD2  kind=static_target
$0657F0  in func $0657EC  base $084248  kind=static_target
$065820  in func $0657F6  base $0845A8  kind=static_target
$065836  in func $065826  base $0845C4  kind=static_target
$065898  in func $065874  base $0845A8  kind=static_target
$0658DC  in func $06589E  base $0845A8  kind=static_target
$065914  in func $0658E2  base $0845A8  kind=static_target
$06596C  in func $06591A  base $0845A8  kind=static_target
$0659D8  in func $0659C0  base $0852C8  kind=static_target
$0659EE  in func $0659EE  base $01B5A4  kind=static_target
$065AAE  in func $065AA8  base $0852C8  kind=static_target
$065AD2  in func $065AB4  base $01ABC6  kind=static_target
$065B24  in func $065B1E  base $0845C4  kind=static_target
$065B30  in func $065B2A  base $0852C8  kind=static_target
$065B5E  in func $065B4C  base $01ABC6  kind=static_target
$065B64  in func $065B64  base $0852C8  kind=static_target
$065B92  in func $065B82  base $01ABC6  kind=static_target
$065BF6  in func $065BEA  base $0850FC  kind=static_target
$065C1E  in func $065BFC  base $00172C  kind=static_target
$065C62  in func $065C62  base $01B5A4  kind=static_target
$065C78  in func $065C78  base $085098  kind=static_target
$065C94  in func $065C7E  base $084248  kind=static_target
$065D7A  in func $065D6E  base $01B5F0  kind=static_target
$065D90  in func $065D90  base $01ABB6  kind=static_target
$065DAE  in func $065D96  base $00172C  kind=static_target
$065DF8  in func $065DF8  base $01B5A4  kind=static_target
$065E24  in func $065E14  base $01DC72  kind=static_target
$065E84  in func $065E74  base $01DC72  kind=static_target
$06604C  in func $066006  base $0845A8  kind=static_target
$066094  in func $06607C  base $084248  kind=static_target
$0660E0  in func $0660D6  base $0857DC  kind=static_target
$066154  in func $066152  base $000000  kind=dynamic_register
$066172  in func $06616E  base $000000  kind=dynamic_register
$0674B2  in func $06749A  base $01ABC6  kind=static_target
$06753C  in func $06753C  base $0848B2  kind=static_target
$067558  in func $067542  base $084088  kind=static_target
$067566  in func $06755E  base $01AB52  kind=static_target
$067584  in func $06756C  base $06860A  kind=static_target
$067594  in func $067588  base $0848B2  kind=static_target
$0675D0  in func $0675BC  base $067A48  kind=static_target
$067636  in func $067622  base $084088  kind=static_target
$0676FA  in func $0676EE  base $0848B2  kind=static_target
$06770A  in func $067700  base $084248  kind=static_target
$06779C  in func $06778C  base $0852C8  kind=static_target
$0677F0  in func $0677A2  base $084088  kind=static_target
$067822  in func $067822  base $01ABC6  kind=static_target
$067840  in func $067828  base $01ABC6  kind=static_target
$067846  in func $067846  base $0852C8  kind=static_target
$067884  in func $067872  base $084948  kind=static_target
$0678C2  in func $0678B0  base $084948  kind=static_target
$06791C  in func $067902  base $01ABC6  kind=static_target
$067922  in func $067922  base $01ABB6  kind=static_target
$06797E  in func $06797E  base $01ABC6  kind=static_target
$06799E  in func $06799E  base $01ABC6  kind=static_target
$0679B8  in func $0679B2  base $01ABB6  kind=static_target
$067B06  in func $067AF2  base $0849B4  kind=static_target
$067B56  in func $067B44  base $001AD2  kind=static_target
$067BB2  in func $067B8E  base $0849B4  kind=static_target
$067BD8  in func $067BBE  base $0849B4  kind=static_target
$067C74  in func $067C60  base $0849B4  kind=static_target
$067CF4  in func $067CE2  base $08442C  kind=static_target
$067D20  in func $067CFA  base $01ABC6  kind=static_target
$067D26  in func $067D26  base $01ABB6  kind=static_target
$067D4C  in func $067D32  base $001AD2  kind=static_target
$067D5E  in func $067D52  base $01ABC6  kind=static_target
$067D64  in func $067D64  base $01ABB6  kind=static_target
$067D82  in func $067D6A  base $01ABC6  kind=static_target
$067DA6  in func $067D90  base $084088  kind=static_target
$067E12  in func $067E00  base $0843D6  kind=static_target
$067E4A  in func $067E40  base $0852D6  kind=static_target
$067E5E  in func $067E50  base $01ABC6  kind=static_target
$067EA4  in func $067E8A  base $01ABC6  kind=static_target
$067EB4  in func $067EB4  base $0852D6  kind=static_target
$067ED6  in func $067EBA  base $084088  kind=static_target
$067F18  in func $067F0C  base $0843D6  kind=static_target
$067F60  in func $067F46  base $084088  kind=static_target
$067F7E  in func $067F74  base $0852D6  kind=static_target
$067F92  in func $067F84  base $01ABC6  kind=static_target
$067FB0  in func $067FA2  base $01ABC6  kind=static_target
$067FD8  in func $067FC2  base $084088  kind=static_target
$068026  in func $068014  base $0843B0  kind=static_target
$068058  in func $068052  base $0848B2  kind=static_target
$0680C0  in func $06809C  base $01ABC6  kind=static_target
$0680C6  in func $0680C6  base $01ABB6  kind=static_target
$06810E  in func $0680CC  base $084088  kind=static_target
$068120  in func $068114  base $01ABC6  kind=static_target
$068150  in func $068140  base $01ABC6  kind=static_target
$06854E  in func $068530  base $0016FA  kind=static_target
$06859C  in func $06859C  base $0848B2  kind=static_target
$0685E0  in func $0685E0  base $0856DA  kind=static_target
$06862A  in func $068624  base $0856DA  kind=static_target
$068650  in func $06863E  base $084088  kind=static_target
$068668  in func $068656  base $084088  kind=static_target
$0686C4  in func $0686B8  base $01ABC6  kind=static_target
$0686E0  in func $0686CA  base $0852D6  kind=static_target
$06870A  in func $0686E6  base $0849CA  kind=static_target
$06872C  in func $06872C  base $0849CA  kind=static_target
$068742  in func $068732  base $084064  kind=static_target
$06874E  in func $068748  base $0849B4  kind=static_target
$068768  in func $068754  base $0849B4  kind=static_target
$068780  in func $06877C  base $084064  kind=static_target
$0687A6  in func $0687A6  base $0848B2  kind=static_target
$0687C4  in func $0687C4  base $0845C4  kind=static_target
$0687F4  in func $0687DE  base $084088  kind=static_target
$0687FE  in func $0687FA  base $084088  kind=static_target
$068846  in func $068832  base $01ABC6  kind=static_target
$068876  in func $06886C  base $06887A  kind=fallback_hybrid/offset_table
$0688B0  in func $068882  base $01ABC6  kind=static_target
$0688BC  in func $0688B6  base $01ABC6  kind=static_target
$06892C  in func $06891C  base $068930  kind=fallback_hybrid/offset_table
$068984  in func $06897E  base $08493C  kind=static_target
$0689B6  in func $06898A  base $084088  kind=static_target
$0689CA  in func $0689BC  base $08493C  kind=static_target
$068A90  in func $068A6E  base $085968  kind=static_target
$068ADC  in func $068ABC  base $084088  kind=static_target
$068AEE  in func $068AE2  base $08493C  kind=static_target
$068B3E  in func $068B26  base $084088  kind=static_target
$068B56  in func $068B50  base $08493C  kind=static_target
$068B8A  in func $068B86  base $08493C  kind=static_target
$068B96  in func $068B90  base $08493C  kind=static_target
$068BF2  in func $068BE4  base $08493C  kind=static_target
$068BFE  in func $068BF8  base $08493C  kind=static_target
$068C18  in func $068C04  base $01AB52  kind=static_target
$068C34  in func $068C2A  base $084088  kind=static_target
$068C4E  in func $068C3A  base $0849B4  kind=static_target
$068CA6  in func $068C8C  base $084088  kind=static_target
$068CE2  in func $068CBE  base $01ABC6  kind=static_target
$068CE8  in func $068CE8  base $0852C8  kind=static_target
$068D28  in func $068D1C  base $0848B2  kind=static_target
$068D6A  in func $068D6A  base $0848B2  kind=static_target
$068D92  in func $068D86  base $0848C0  kind=static_target
$068DAA  in func $068D98  base $0852C8  kind=static_target
$068DBA  in func $068DB0  base $068DBE  kind=fallback_hybrid/offset_table
$068E00  in func $068E00  base $0848B2  kind=static_target
$068E1C  in func $068E16  base $08493C  kind=static_target
$068EA6  in func $068EA6  base $0848B2  kind=static_target
$068EBA  in func $068EB4  base $0849B4  kind=static_target
$068EE2  in func $068EC0  base $0852F8  kind=static_target
$069008  in func $069008  base $085FAE  kind=static_target
$06924A  in func $0691FC  base $085968  kind=static_target
$06927E  in func $069266  base $08493C  kind=static_target
$069304  in func $069300  base $084088  kind=static_target
$06934E  in func $06932A  base $084088  kind=static_target
$06941C  in func $069418  base $0848B2  kind=static_target
$069498  in func $069492  base $0848B2  kind=static_target
$0694C6  in func $0694AA  base $084088  kind=static_target
$0694F6  in func $0694D2  base $086006  kind=static_target
$069548  in func $069536  base $084248  kind=static_target
$06959C  in func $069596  base $00172C  kind=static_target
$0695F0  in func $0695D6  base $01ABB6  kind=static_target
$069638  in func $0695F6  base $084248  kind=static_target
$069670  in func $06964A  base $01ABC6  kind=static_target
$0696A4  in func $0696A0  base $084088  kind=static_target
$0696DC  in func $0696DC  base $0848B2  kind=static_target
$0696FC  in func $0696F2  base $0845C8  kind=static_target
$06975A  in func $069748  base $0852F8  kind=static_target
$069782  in func $069760  base $084948  kind=static_target
$069846  in func $069846  base $0848B2  kind=static_target
$0698DE  in func $0698C6  base $08493C  kind=static_target
$0698F4  in func $0698EE  base $0852C8  kind=static_target
$069962  in func $069962  base $08493C  kind=static_target
$069968  in func $069968  base $01ABB6  kind=static_target
$0699B8  in func $0699B2  base $01ABC6  kind=static_target
$0699E2  in func $0699D8  base $01ABC6  kind=static_target
$069A26  in func $069A12  base $01ABC6  kind=static_target
$069A5C  in func $069A42  base $01ABC6  kind=static_target
$069A88  in func $069A62  base $01ABC6  kind=static_target
$069B94  in func $069B86  base $084088  kind=static_target
$069C7E  in func $069C5E  base $085FAE  kind=static_target
$069C8C  in func $069C84  base $085AB8  kind=static_target
$069EF4  in func $069EC8  base $084088  kind=static_target
$069F86  in func $069F54  base $085968  kind=static_target
$069FB4  in func $069FA2  base $08493C  kind=static_target
$06A006  in func $069FD2  base $084088  kind=static_target
$06A012  in func $06A00C  base $0848B2  kind=static_target
$06A032  in func $06A032  base $0848B2  kind=static_target
$06A0BA  in func $06A0B4  base $0848C0  kind=static_target
$06A0FA  in func $06A0EA  base $0848B2  kind=static_target
$06A18E  in func $06A182  base $0848B2  kind=static_target
$06A26E  in func $06A26A  base $084088  kind=static_target
$06A2DC  in func $06A2C8  base $0848B2  kind=static_target
$06A2F2  in func $06A2E2  base $084A2C  kind=static_target
$06A31A  in func $06A306  base $084088  kind=static_target
$06A378  in func $06A374  base $0848B2  kind=static_target
$06A394  in func $06A394  base $0848B2  kind=static_target
$06A3A6  in func $06A3A2  base $0848B2  kind=static_target
$06A4C4  in func $06A4A4  base $08493C  kind=static_target
$06A4CA  in func $06A4CA  base $0852C8  kind=static_target
$06A540  in func $06A52C  base $01ABC6  kind=static_target
$06A558  in func $06A546  base $08493C  kind=static_target
$06A5D4  in func $06A5A4  base $084248  kind=static_target
$06A5DE  in func $06A5DA  base $0845C8  kind=static_target
$06A61C  in func $06A600  base $08442C  kind=static_target
$06A63A  in func $06A622  base $0845C4  kind=static_target
$06A644  in func $06A640  base $0845C8  kind=static_target
$06A67E  in func $06A67E  base $01ABC6  kind=static_target
$06A6F4  in func $06A6E0  base $0849B4  kind=static_target
$06A71C  in func $06A70C  base $0849B4  kind=static_target
$06A7BE  in func $06A776  base $01ABC6  kind=static_target
$06A7E0  in func $06A7C4  base $01ABC6  kind=static_target
$06A7E6  in func $06A7E6  base $01ABB6  kind=static_target
$06A894  in func $06A894  base $01ABB6  kind=static_target
$06A8E8  in func $06A8E8  base $01ABB6  kind=static_target
$06A910  in func $06A8EE  base $0852F8  kind=static_target
$06A938  in func $06A916  base $0852F8  kind=static_target
$06AAF4  in func $06AADE  base $084088  kind=static_target
$06ACE8  in func $06ACCE  base $085FAE  kind=static_target
$06AF20  in func $06AEEE  base $085968  kind=static_target
$06AF26  in func $06AF26  base $085CCC  kind=static_target
$06AF46  in func $06AF34  base $08493C  kind=static_target
$06AF96  in func $06AF92  base $084088  kind=static_target
$06AFA2  in func $06AF9C  base $0848B2  kind=static_target
$06AFDA  in func $06AFA8  base $06860A  kind=static_target
$06AFEA  in func $06AFDE  base $0848B2  kind=static_target
$06B088  in func $06B062  base $06860A  kind=static_target
$06B0EE  in func $06B0D8  base $0852F8  kind=static_target
$06B10A  in func $06B0F4  base $01ABC6  kind=static_target
$06B1CA  in func $06B1C4  base $0852D6  kind=static_target
$06B1E6  in func $06B1D0  base $084A44  kind=static_target
$06B1FA  in func $06B1F6  base $084068  kind=static_target
$06B234  in func $06B22C  base $084728  kind=static_target
$06B24C  in func $06B23A  base $084088  kind=static_target
$06B266  in func $06B252  base $085E7A  kind=static_target
$06B284  in func $06B284  base $0847A8  kind=static_target
$06B2C0  in func $06B296  base $01ABC6  kind=static_target
$06B31A  in func $06B31A  base $084428  kind=static_target
$06B340  in func $06B320  base $084088  kind=static_target
$06B3DE  in func $06B3BC  base $01ABC6  kind=static_target
$06B3EA  in func $06B3E4  base $0852D6  kind=static_target
$06B400  in func $06B3F0  base $01ABC6  kind=static_target
$06B418  in func $06B406  base $0849B4  kind=static_target
$06B478  in func $06B468  base $084428  kind=static_target
$06B4C0  in func $06B4A2  base $0849B4  kind=static_target
$06B514  in func $06B4EC  base $084088  kind=static_target
$06B52E  in func $06B52A  base $0856EC  kind=static_target
$06B5A8  in func $06B594  base $0849B4  kind=static_target
$06B5D0  in func $06B5C0  base $0849B4  kind=static_target
$06B5FA  in func $06B5EC  base $08495C  kind=static_target
$06B622  in func $06B60E  base $0843D6  kind=static_target
$06B6B6  in func $06B6A0  base $0848B2  kind=static_target
$06B730  in func $06B726  base $084088  kind=static_target
$06B75C  in func $06B75C  base $084728  kind=static_target
$06B77E  in func $06B762  base $0852C8  kind=static_target
$06B79E  in func $06B796  base $084A1A  kind=static_target
$06B7C4  in func $06B7A4  base $08493C  kind=static_target
$06B7DE  in func $06B7DE  base $01ABC6  kind=static_target
$06B826  in func $06B826  base $0848B2  kind=static_target
$06B84A  in func $06B844  base $000000  kind=dynamic_register
$06B8A4  in func $06B88C  base $06BCDA  kind=static_target
$06B8EA  in func $06B8EA  base $01ABC6  kind=static_target
$06B912  in func $06B8F0  base $01ABB6  kind=static_target
$06BC52  in func $06BC44  base $085FAE  kind=static_target
$06BCD8  in func $06BCD4  base $000000  kind=dynamic_register
$06BFA4  in func $06BF52  base $085968  kind=static_target
$06BFD2  in func $06BFC0  base $08493C  kind=static_target
$06C036  in func $06C032  base $084088  kind=static_target
$06C090  in func $06C090  base $01AB52  kind=static_target
$06C0A2  in func $06C096  base $06860A  kind=static_target
$06C0D4  in func $06C0D4  base $01AB52  kind=static_target
$06C106  in func $06C100  base $01AB52  kind=static_target
$06C118  in func $06C10C  base $0848B2  kind=static_target
$06C14A  in func $06C14A  base $0848B2  kind=static_target
$06C206  in func $06C1FC  base $085710  kind=static_target
$06C222  in func $06C222  base $08413C  kind=static_target
$06C2E0  in func $06C2DA  base $0848B2  kind=static_target
$06C304  in func $06C2E6  base $084088  kind=static_target
$06C310  in func $06C30A  base $0694D2  kind=static_target
$06C354  in func $06C342  base $08493C  kind=static_target
$06C408  in func $06C404  base $084088  kind=static_target
$06C40E  in func $06C40E  base $0848B2  kind=static_target
$06C444  in func $06C43E  base $0848B2  kind=static_target
$06C45E  in func $06C44A  base $06860A  kind=static_target
$06C46E  in func $06C462  base $0848B2  kind=static_target
$06C4E0  in func $06C4DA  base $0848C0  kind=static_target
$06C51A  in func $06C51A  base $0848B2  kind=static_target
$06C53C  in func $06C53C  base $085710  kind=static_target
$06C55C  in func $06C542  base $06860A  kind=static_target
$06C5E8  in func $06C5C0  base $06860A  kind=static_target
$06C60A  in func $06C5EC  base $01AB52  kind=static_target
$06C668  in func $06C63C  base $084088  kind=static_target
$06C716  in func $06C6C0  base $085968  kind=static_target
$06C71C  in func $06C71C  base $085CCC  kind=static_target
$06C73C  in func $06C72A  base $08493C  kind=static_target
$06C7A4  in func $06C7A0  base $084088  kind=static_target
$06C7AA  in func $06C7AA  base $0848B2  kind=static_target
$06C820  in func $06C81A  base $0848B2  kind=static_target
$06C83C  in func $06C83C  base $0848B2  kind=static_target
$06C884  in func $06C87E  base $0848B2  kind=static_target
$06C8B2  in func $06C8B2  base $0848B2  kind=static_target
$06C8D6  in func $06C8B8  base $084088  kind=static_target
$06C916  in func $06C904  base $084248  kind=static_target
$06C96A  in func $06C95A  base $08635C  kind=static_target
$06C980  in func $06C970  base $0849EE  kind=static_target
$06C9AA  in func $06C9A6  base $084088  kind=static_target
$06CA04  in func $06C9F4  base $0843D6  kind=static_target
$06CA0A  in func $06CA0A  base $0852C8  kind=static_target
$06CA20  in func $06CA10  base $084A2C  kind=static_target
$06CA7A  in func $06CA72  base $0843D6  kind=static_target
$06CAEC  in func $06CAC2  base $084088  kind=static_target
$06CB36  in func $06CB2C  base $084088  kind=static_target
$06CB6C  in func $06CB60  base $0848B2  kind=static_target
$06CB98  in func $06CB92  base $0848B2  kind=static_target
$06CC94  in func $06CC80  base $0849B4  kind=static_target
$06CCCA  in func $06CC9A  base $0843D6  kind=static_target
$06CD02  in func $06CCE8  base $01ABC6  kind=static_target
$06CD08  in func $06CD08  base $0852C8  kind=static_target
$06CD4E  in func $06CD3A  base $0848B2  kind=static_target
$06CD54  in func $06CD54  base $01ABB6  kind=static_target
$06CD64  in func $06CD5A  base $084088  kind=static_target
$06CDFC  in func $06CDFC  base $0852C8  kind=static_target
$06CE40  in func $06CE2C  base $0852C8  kind=static_target
$06CE58  in func $06CE46  base $084A2C  kind=static_target
$06CE7A  in func $06CE5E  base $084A2C  kind=static_target
$06CE88  in func $06CE80  base $084A2C  kind=static_target
$06CE9A  in func $06CE8E  base $084A2C  kind=static_target
$06CEAC  in func $06CEA0  base $084A2C  kind=static_target
$06CEBE  in func $06CEB2  base $084A2C  kind=static_target
$06CED2  in func $06CEC4  base $084A2C  kind=static_target
$06CF12  in func $06CF0E  base $084088  kind=static_target
$06CF34  in func $06CF18  base $084A1A  kind=static_target
$06CFBA  in func $06CF8A  base $08493C  kind=static_target
$06CFC0  in func $06CFC0  base $0852D6  kind=static_target
$06CFE0  in func $06CFDA  base $0850FC  kind=static_target
$06D016  in func $06D00A  base $0852F8  kind=static_target
$06D120  in func $06D11C  base $01B5CC  kind=static_target
$06D126  in func $06D126  base $01ABB6  kind=static_target
$06D16E  in func $06D164  base $01ABB6  kind=static_target
$06D1E0  in func $06D1CE  base $084248  kind=static_target
$06D200  in func $06D1FA  base $0850FC  kind=static_target
$06D5AA  in func $06D59E  base $084248  kind=static_target
$06D640  in func $06D632  base $085FAE  kind=static_target
$06D6A0  in func $06D692  base $085FAE  kind=static_target
$06D6DE  in func $06D6CE  base $08493C  kind=static_target
$06D6EE  in func $06D6E4  base $084A00  kind=static_target
$06DA22  in func $06D9D0  base $085968  kind=static_target
$06DA6C  in func $06DA4C  base $08493C  kind=static_target
$06DAB6  in func $06DA82  base $084088  kind=static_target
$06DAC2  in func $06DABC  base $0848B2  kind=static_target
$06DAF6  in func $06DAEA  base $0848B2  kind=static_target
$06DB42  in func $06DB42  base $0845C4  kind=static_target
$06DB66  in func $06DB48  base $084088  kind=static_target
$06DB94  in func $06DB94  base $0845C4  kind=static_target
$06DBCA  in func $06DBAE  base $084248  kind=static_target
$06DBEC  in func $06DBD6  base $00172C  kind=static_target
$06DC00  in func $06DBF2  base $08493C  kind=static_target
$06DC32  in func $06DC26  base $0843B0  kind=static_target
$06DC56  in func $06DC50  base $084728  kind=static_target
$06DE14  in func $06DDFA  base $0852C8  kind=static_target
$06DECA  in func $06DEC4  base $01040C  kind=static_target
$06DEDE  in func $06DEDE  base $01ABB6  kind=static_target
$06DF00  in func $06DEE4  base $01040C  kind=static_target
$06DF1A  in func $06DF14  base $01040C  kind=static_target
$06DF84  in func $06DF72  base $08495C  kind=static_target
$06DFD6  in func $06DFBC  base $08495C  kind=static_target
$06E044  in func $06E018  base $0852F8  kind=static_target
$06E14A  in func $06E122  base $085FAE  kind=static_target
$06E19A  in func $06E18C  base $084088  kind=static_target
$06E4DA  in func $06E4A6  base $085968  kind=static_target
$06E4E0  in func $06E4E0  base $085CCC  kind=static_target
$06E504  in func $06E4EE  base $08493C  kind=static_target
$06E56A  in func $06E55C  base $08413C  kind=static_target
$06E57C  in func $06E570  base $0848B2  kind=static_target
$06E5C6  in func $06E5C6  base $08571A  kind=static_target
$06E654  in func $06E654  base $0848B2  kind=static_target
$06E672  in func $06E65A  base $084088  kind=static_target
$06E706  in func $06E6EE  base $084088  kind=static_target
$06E746  in func $06E740  base $084248  kind=static_target
$06E79A  in func $06E74C  base $084248  kind=static_target
$06E84E  in func $06E834  base $0852D6  kind=static_target
$06E866  in func $06E854  base $08493C  kind=static_target
$06E8D8  in func $06E8CA  base $0848C0  kind=static_target
$06E932  in func $06E926  base $0845C4  kind=static_target
$06E97C  in func $06E97A  base $0852F8  kind=static_target
$06E9A8  in func $06E982  base $08493C  kind=static_target
$06EA24  in func $06EA0A  base $0848B2  kind=static_target
$06EA62  in func $06EA4E  base $0845C4  kind=static_target
$06EA92  in func $06EA84  base $0848B2  kind=static_target
$06EAE6  in func $06EADA  base $0845C4  kind=static_target
$06EB56  in func $06EB3E  base $08493C  kind=static_target
$06EBCE  in func $06EBBE  base $08493C  kind=static_target
$06EBFA  in func $06EBD4  base $01ABC6  kind=static_target
$06EC5C  in func $06EC5C  base $0852C8  kind=static_target
$06ED2C  in func $06ED1E  base $085FAE  kind=static_target
$06ED6E  in func $06ED64  base $084088  kind=static_target
$06EDA6  in func $06ED8E  base $0852F8  kind=static_target
$06EEB0  in func $06EE90  base $01ABC6  kind=static_target
$06EF30  in func $06EED0  base $084088  kind=static_target
$06EF36  in func $06EF36  base $085CA6  kind=static_target
$06EF82  in func $06EF82  base $0848B2  kind=static_target
$06EFAA  in func $06EF9E  base $084088  kind=static_target
$06EFBA  in func $06EFB0  base $01ABC6  kind=static_target
$06EFFC  in func $06EFDA  base $084088  kind=static_target
$06F014  in func $06F002  base $01B5A4  kind=static_target
$06F082  in func $06F07E  base $01B5A4  kind=static_target
$06F096  in func $06F088  base $0849B4  kind=static_target
$06F0A8  in func $06F0A4  base $084068  kind=static_target
$06F0D2  in func $06F0D2  base $0848B2  kind=static_target
$06F124  in func $06F0F6  base $01ABC6  kind=static_target
$06F130  in func $06F12A  base $01ABC6  kind=static_target
$06F144  in func $06F136  base $0849B4  kind=static_target
$06F190  in func $06F18A  base $0848B2  kind=static_target
$06F1B2  in func $06F1A0  base $01ABC6  kind=static_target
$06F21C  in func $06F21C  base $0848B2  kind=static_target
$06F23A  in func $06F222  base $08418E  kind=static_target
$06F246  in func $06F240  base $0848B2  kind=static_target
$06F2CA  in func $06F2C6  base $0848B2  kind=static_target
$06F3E6  in func $06F3DA  base $01ABC6  kind=static_target
$06F400  in func $06F3EC  base $0852F8  kind=static_target
$06F418  in func $06F406  base $08493C  kind=static_target
$06F454  in func $06F43E  base $084068  kind=static_target
$06F4EE  in func $06F4E8  base $0848B2  kind=static_target
$06F576  in func $06F572  base $084C6A  kind=static_target
$06F602  in func $06F5FE  base $084C6A  kind=static_target
$06F618  in func $06F608  base $084C6A  kind=static_target
$06F63A  in func $06F63A  base $0848B2  kind=static_target
$06F654  in func $06F648  base $084C6A  kind=static_target
$06F6A0  in func $06F69C  base $084C6A  kind=static_target
$06F6C8  in func $06F6C4  base $084C6A  kind=static_target
$06F6DE  in func $06F6CE  base $084C6A  kind=static_target
$06F718  in func $06F70C  base $0848B2  kind=static_target
$06F724  in func $06F71E  base $0848B2  kind=static_target
$06F7A2  in func $06F78C  base $01ABC6  kind=static_target
$06F7A8  in func $06F7A8  base $01ABB6  kind=static_target
$06F7B8  in func $06F7AE  base $01DC72  kind=static_target
$06F7C8  in func $06F7BE  base $01DC72  kind=static_target
$06FA1E  in func $06FA06  base $085FAE  kind=static_target
$06FD50  in func $06FD34  base $08493C  kind=static_target
$06FDE2  in func $06FDDE  base $08413C  kind=static_target
$06FE22  in func $06FE14  base $08413C  kind=static_target
$06FE2E  in func $06FE28  base $0848B2  kind=static_target
$06FE4A  in func $06FE4A  base $0848B2  kind=static_target
$06FF1C  in func $06FF1C  base $01AB52  kind=static_target
$06FF72  in func $06FF5C  base $00172C  kind=static_target
$06FF7E  in func $06FF78  base $0850FC  kind=static_target
$06FFD2  in func $06FFD2  base $01ABC6  kind=static_target
$06FFEC  in func $06FFE0  base $01ABC6  kind=static_target
$07002E  in func $070022  base $01ABC6  kind=static_target
$07004C  in func $070034  base $01ABC6  kind=static_target
$0700BC  in func $0700BC  base $01ABC6  kind=static_target
$07010C  in func $07010C  base $01ABC6  kind=static_target
$070128  in func $070112  base $01B5A4  kind=static_target
$07013A  in func $07012E  base $01ABB6  kind=static_target
$0701AE  in func $07017A  base $01ABC6  kind=static_target
$0701B4  in func $0701B4  base $01ABB6  kind=static_target
$070210  in func $070210  base $08493C  kind=static_target
$070284  in func $070278  base $08493C  kind=static_target
$07030C  in func $07030C  base $0852C8  kind=static_target
$0703A6  in func $07039E  base $085AC8  kind=static_target
$070654  in func $070648  base $085968  kind=static_target
$070674  in func $070662  base $08493C  kind=static_target
$0706CE  in func $0706CA  base $084088  kind=static_target
$070722  in func $07070A  base $0848B2  kind=static_target
$07080E  in func $0707F2  base $0848B2  kind=static_target
$07083C  in func $07081E  base $01ABC6  kind=static_target
$070876  in func $07085E  base $084088  kind=static_target
$0708CC  in func $0708C0  base $084248  kind=static_target
$07095A  in func $070952  base $08635C  kind=static_target
$07096A  in func $070960  base $01ABB6  kind=static_target
$07097E  in func $070970  base $08493C  kind=static_target
$0709C4  in func $0709B8  base $0843B0  kind=static_target
$070A1E  in func $070A14  base $0852D6  kind=static_target
$070A34  in func $070A34  base $0848B2  kind=static_target
$070A56  in func $070A50  base $0848B2  kind=static_target
$070AC4  in func $070A9E  base $084A1A  kind=static_target
$070ADA  in func $070ACA  base $0849EE  kind=static_target
$070B7A  in func $070B74  base $01ABC6  kind=static_target
$070B96  in func $070B80  base $01ABC6  kind=static_target
$070BA2  in func $070B9C  base $085682  kind=static_target
$070BAE  in func $070BA8  base $0849B4  kind=static_target
$070BF2  in func $070BD8  base $08493C  kind=static_target
$070C20  in func $070BF8  base $0852F8  kind=static_target
$070C4E  in func $070C26  base $0852F8  kind=static_target
$070C6C  in func $070C64  base $08493C  kind=static_target
$070C94  in func $070C8E  base $01ABC6  kind=static_target
$070D10  in func $070D0C  base $070D14  kind=fallback_hybrid/offset_table
$070D62  in func $070D38  base $0843B0  kind=static_target
$070E96  in func $070E90  base $085FAE  kind=static_target
$0711CC  in func $0711A0  base $085968  kind=static_target
$0711D2  in func $0711D2  base $01ABB6  kind=static_target
$0711D8  in func $0711D8  base $085CCC  kind=static_target
$0711F8  in func $0711E6  base $08493C  kind=static_target
$07124C  in func $071214  base $084088  kind=static_target
$071258  in func $071252  base $0848B2  kind=static_target
$07127A  in func $07127A  base $0848B2  kind=static_target
$0712AC  in func $0712A6  base $0848B2  kind=static_target
$0712F8  in func $0712EC  base $0848B2  kind=static_target
$07133A  in func $071328  base $01AB52  kind=static_target
$07138E  in func $071386  base $0859B2  kind=static_target
$0713B2  in func $0713B2  base $0859B2  kind=static_target
$0713D4  in func $0713D4  base $0848B2  kind=static_target
$071442  in func $07143E  base $084088  kind=static_target
$071468  in func $071468  base $0859B2  kind=static_target
$071484  in func $07146E  base $084A1A  kind=static_target
$0714D0  in func $0714C0  base $0848B2  kind=static_target
$0714F0  in func $0714E0  base $084A44  kind=static_target
$07155C  in func $071552  base $0848B2  kind=static_target
$071588  in func $071582  base $0848B2  kind=static_target
$071676  in func $071676  base $0848B2  kind=static_target
$0716D4  in func $0716B2  base $0852F8  kind=static_target
$071968  in func $07194E  base $085FAE  kind=static_target
$071976  in func $07196E  base $085ACC  kind=static_target
$071C2A  in func $071BF6  base $085968  kind=static_target
$071C30  in func $071C30  base $085CCC  kind=static_target
$071C50  in func $071C3E  base $08493C  kind=static_target
$071C9A  in func $071C96  base $084088  kind=static_target
$071CA6  in func $071CA0  base $0848B2  kind=static_target
$071D0E  in func $071D0E  base $0848B2  kind=static_target
$071D68  in func $071D46  base $084248  kind=static_target
$071D9A  in func $071D8C  base $0848B2  kind=static_target
$071DC0  in func $071DA8  base $084088  kind=static_target
$071E4A  in func $071E0A  base $0852D6  kind=static_target
$071E66  in func $071E50  base $0849EE  kind=static_target
$071E76  in func $071E72  base $084068  kind=static_target
$071EA4  in func $071EA4  base $0848B2  kind=static_target
$071EBA  in func $071EAA  base $084248  kind=static_target
$071EE0  in func $071EC0  base $01ABC6  kind=static_target
$071EE6  in func $071EE6  base $084A00  kind=static_target
$071EF6  in func $071EF2  base $084068  kind=static_target
$071F40  in func $071F38  base $0848B2  kind=static_target
$071F8A  in func $071F58  base $01ABC6  kind=static_target
$071F96  in func $071F90  base $084A00  kind=static_target
$071FB4  in func $071FA2  base $084088  kind=static_target
$07201A  in func $072012  base $0848B2  kind=static_target
$072042  in func $07202E  base $084248  kind=static_target
$0720AC  in func $0720AC  base $084948  kind=static_target
$0720E0  in func $0720E0  base $084948  kind=static_target
$07210E  in func $0720FC  base $01040C  kind=static_target
$072114  in func $072114  base $01ABB6  kind=static_target
$072142  in func $07211A  base $0852F8  kind=static_target
$07230E  in func $07230E  base $085FAE  kind=static_target
$07231C  in func $072314  base $085ACC  kind=static_target
$072416  in func $072408  base $08493C  kind=static_target
$072474  in func $072428  base $08418E  kind=static_target
$07247A  in func $07247A  base $0848B2  kind=static_target
$0724A2  in func $07249C  base $0848B2  kind=static_target
$0724EA  in func $0724E4  base $0848B2  kind=static_target
$072576  in func $07256A  base $072868  kind=static_target
$072584  in func $072580  base $072868  kind=static_target
$0725A6  in func $0725A0  base $085BD0  kind=static_target
$0725B8  in func $0725AC  base $0852D6  kind=static_target
$0725D2  in func $0725BE  base $0849B4  kind=static_target
$072610  in func $072610  base $084428  kind=static_target
$072630  in func $07261C  base $0728F0  kind=static_target
$072634  in func $072634  base $07292A  kind=static_target
$072696  in func $07268C  base $0848B2  kind=static_target
$0726CA  in func $0726B0  base $0848B2  kind=static_target
$0726D4  in func $0726D0  base $084C6A  kind=static_target
$072748  in func $072736  base $084C6A  kind=static_target
$0727C0  in func $0727B6  base $0848B2  kind=static_target
$0727D2  in func $0727C6  base $01ABC6  kind=static_target
$072804  in func $072800  base $084C6A  kind=static_target
$0728E4  in func $0728C2  base $085FAE  kind=static_target
$0728EA  in func $0728EA  base $085FB2  kind=static_target
$07290C  in func $07290C  base $08493C  kind=static_target
$072924  in func $072920  base $08493C  kind=static_target
$072932  in func $07292A  base $08493C  kind=static_target
$0729F4  in func $0729E2  base $08493C  kind=static_target
$072A76  in func $072A52  base $08413C  kind=static_target
$072A7C  in func $072A7C  base $0848B2  kind=static_target
$072A92  in func $072A82  base $085968  kind=static_target
$072AAE  in func $072A98  base $01AB52  kind=static_target
$072ABC  in func $072AB4  base $01AB52  kind=static_target
$072B56  in func $072B40  base $01ABC6  kind=static_target
$072BDE  in func $072BBE  base $00172C  kind=static_target
$072C2C  in func $072C22  base $001AD2  kind=static_target
$072C8A  in func $072C64  base $084248  kind=static_target
$072CE0  in func $072CC6  base $0844F6  kind=static_target
$072D1C  in func $072D02  base $01ABB6  kind=static_target
$072D46  in func $072D40  base $01ABB6  kind=static_target
$072D9A  in func $072D94  base $0848B2  kind=static_target
$072E0C  in func $072E0C  base $0852C8  kind=static_target
$072E76  in func $072E5E  base $0852C8  kind=static_target
$072EFC  in func $072EE4  base $085968  kind=static_target
$072F6E  in func $072F68  base $01ABC6  kind=static_target
$072FD4  in func $072FC8  base $01ABC6  kind=static_target
$07300C  in func $073000  base $01ABC6  kind=static_target
$07305A  in func $073056  base $00172C  kind=static_target
$07306E  in func $07306E  base $085CCC  kind=static_target
$073092  in func $07307C  base $01ABC6  kind=static_target
$0730B0  in func $0730B0  base $0852D6  kind=static_target
$0730D2  in func $0730B6  base $08413C  kind=static_target
$0730E2  in func $0730D8  base $08493C  kind=static_target
$073114  in func $073114  base $08493C  kind=static_target
$07311A  in func $07311A  base $01ABB6  kind=static_target
$07314A  in func $073128  base $084088  kind=static_target
$07315A  in func $073150  base $08493C  kind=static_target
$073186  in func $07317A  base $01ABC6  kind=static_target
$073196  in func $07318C  base $084060  kind=static_target
$0731AE  in func $07319C  base $01ABC6  kind=static_target
$0731B4  in func $0731B4  base $01ABB6  kind=static_target
$0731EA  in func $0731D8  base $01ABC6  kind=static_target
$0731F0  in func $0731F0  base $01ABB6  kind=static_target
$073222  in func $07321C  base $0849EE  kind=static_target
$07323C  in func $07323A  base $0849EE  kind=static_target
$07328C  in func $07328C  base $01ABC6  kind=static_target
$073292  in func $073292  base $01ABB6  kind=static_target
$0732AE  in func $073298  base $01ABC6  kind=static_target
$0732CA  in func $0732B4  base $01ABC6  kind=static_target
$0732DC  in func $0732D0  base $01ABC6  kind=static_target
$07335C  in func $073356  base $085168  kind=static_target
$073386  in func $073380  base $01ABC6  kind=static_target
$0733B8  in func $0733AC  base $08495C  kind=static_target
$073404  in func $0733F2  base $08495C  kind=static_target
$073634  in func $07362C  base $085ACC  kind=static_target
$073694  in func $07367C  base $084088  kind=static_target
$07391A  in func $0738FE  base $08493C  kind=static_target
$07397C  in func $07392E  base $085968  kind=static_target
$073982  in func $073982  base $085CCC  kind=static_target
$07399C  in func $073988  base $084088  kind=static_target
$073A08  in func $0739DA  base $084088  kind=static_target
$073A14  in func $073A0E  base $0848B2  kind=static_target
$073A42  in func $073A42  base $0848B2  kind=static_target
$073A8C  in func $073A7A  base $01ABC6  kind=static_target
$073AE6  in func $073AE6  base $08495C  kind=static_target
$073B24  in func $073B1E  base $0848B2  kind=static_target
$073B46  in func $073B3A  base $0848C0  kind=static_target
$073BA4  in func $073B7E  base $084088  kind=static_target
$073BC2  in func $073BAA  base $084088  kind=static_target
$073C18  in func $073C04  base $01ABC6  kind=static_target
$073C46  in func $073C32  base $084948  kind=static_target
$073CA4  in func $073CA0  base $084088  kind=static_target
$073CCC  in func $073CAA  base $01ABC6  kind=static_target
$073D5A  in func $073D5A  base $0848B2  kind=static_target
$073D96  in func $073D8A  base $084C6A  kind=static_target
$073DAA  in func $073D9C  base $01B5A4  kind=static_target
$073DEA  in func $073DDE  base $0848B2  kind=static_target
$073E18  in func $073E12  base $0848B2  kind=static_target
$073E4A  in func $073E36  base $01ABC6  kind=static_target
$073E5C  in func $073E58  base $084060  kind=static_target
$073E9A  in func $073E86  base $084428  kind=static_target
$073EC4  in func $073EC4  base $0852C8  kind=static_target
$073F04  in func $073EDC  base $01ABC6  kind=static_target
$073F32  in func $073F16  base $01ABC6  kind=static_target
$073F3E  in func $073F38  base $01ABB6  kind=static_target
$074004  in func $073FF6  base $01E2C2  kind=static_target
$0740BA  in func $0740AE  base $084248  kind=static_target
$0740CC  in func $0740C0  base $01ABC6  kind=static_target
$074106  in func $0740D2  base $01ABC6  kind=static_target
$07429E  in func $07428A  base $08493C  kind=static_target
$074330  in func $0742D0  base $084088  kind=static_target
$074336  in func $074336  base $0848B2  kind=static_target
$07434C  in func $07433C  base $084088  kind=static_target
$074408  in func $0743F6  base $0848B2  kind=static_target
$07444A  in func $07443A  base $0848B2  kind=static_target
$07446A  in func $07446A  base $0848B2  kind=static_target
$07450C  in func $07450C  base $0848B2  kind=static_target
$074534  in func $074524  base $0848B2  kind=static_target
$074550  in func $074550  base $0848B2  kind=static_target
$074584  in func $074584  base $0848B2  kind=static_target
$0745CA  in func $0745CA  base $0848B2  kind=static_target
$074662  in func $074662  base $0848B2  kind=static_target
$0746EA  in func $0746B4  base $001380  kind=static_target
$074716  in func $074700  base $084088  kind=static_target
$074732  in func $07471C  base $01ABC6  kind=static_target
$07475C  in func $074738  base $0694D2  kind=static_target
$0747F8  in func $0747AC  base $084088  kind=static_target
$07481A  in func $0747FE  base $01ABC6  kind=static_target
$07483E  in func $074820  base $01ABC6  kind=static_target
$074888  in func $07487C  base $01ABC6  kind=static_target
$0748B6  in func $07488E  base $01ABC6  kind=static_target
$0748C2  in func $0748BC  base $01ABC6  kind=static_target
$0748F2  in func $0748D6  base $01ABC6  kind=static_target
$0749D0  in func $0749B6  base $01ABB6  kind=static_target
$0749F2  in func $0749E6  base $0849B4  kind=static_target
$074A08  in func $0749F8  base $084A2C  kind=static_target
$074A36  in func $074A14  base $084088  kind=static_target
$074A60  in func $074A5A  base $084DA0  kind=static_target
$074ABC  in func $074AB0  base $084DA0  kind=static_target
$074B1C  in func $074AF2  base $084A2C  kind=static_target
$074B98  in func $074B96  base $084A2C  kind=static_target
$074BC0  in func $074BBE  base $084A2C  kind=static_target
$074BE2  in func $074BD6  base $0849B4  kind=static_target
$074C1C  in func $074BF8  base $01ABC6  kind=static_target
$074C22  in func $074C22  base $01ABB6  kind=static_target
$074C46  in func $074C34  base $01040C  kind=static_target
$074CA6  in func $074CA2  base $01ABB6  kind=static_target
$074D6A  in func $074D3C  base $01ABC6  kind=static_target
$074D7E  in func $074D70  base $08493C  kind=static_target
$074DB2  in func $074DA4  base $0848C0  kind=static_target
$074E0C  in func $074DCC  base $084088  kind=static_target
$074E2E  in func $074E12  base $084248  kind=static_target
$074E34  in func $074E34  base $01ABB6  kind=static_target
$074E52  in func $074E4C  base $0849B4  kind=static_target
$074E9E  in func $074E98  base $0852C8  kind=static_target
$0750A6  in func $0750A2  base $084088  kind=static_target
$0750B4  in func $0750AC  base $085ABC  kind=static_target
$075212  in func $07520A  base $08493C  kind=static_target
$0752F6  in func $0752C6  base $085968  kind=static_target
$075308  in func $0752FC  base $0848B2  kind=static_target
$075352  in func $075344  base $01AB52  kind=static_target
$0753C6  in func $0753BA  base $0848B2  kind=static_target
$0753EC  in func $0753DE  base $01AB52  kind=static_target
$07547E  in func $075474  base $01AB52  kind=static_target
$0754CE  in func $0754C8  base $0848B2  kind=static_target
$075690  in func $075684  base $0845C4  kind=static_target
$07572A  in func $075724  base $0848B2  kind=static_target
$0757DC  in func $0757D6  base $0848B2  kind=static_target
$0757E2  in func $0757E2  base $085BD0  kind=static_target
$0757F8  in func $0757E8  base $084064  kind=static_target
$07584C  in func $07584C  base $08495C  kind=static_target
$07585C  in func $07585C  base $0852C8  kind=static_target
$075870  in func $075862  base $08495C  kind=static_target
$0758E0  in func $0758E0  base $0845C4  kind=static_target
$075946  in func $075924  base $084088  kind=static_target
$075958  in func $075952  base $0848B2  kind=static_target
$0759D2  in func $0759D2  base $0845C4  kind=static_target
$0759E2  in func $0759D8  base $0852C8  kind=static_target
$075A0E  in func $0759F8  base $08495C  kind=static_target
$075A1E  in func $075A1E  base $0852C8  kind=static_target
$075A46  in func $075A24  base $01ABC6  kind=static_target
$075AA0  in func $075A94  base $01ABC6  kind=static_target
$075AA6  in func $075AA6  base $01ABB6  kind=static_target
$075AF6  in func $075AF6  base $085098  kind=static_target
$075B50  in func $075B4C  base $01ABC6  kind=static_target
$075B86  in func $075B80  base $085168  kind=static_target
$075B90  in func $075B8C  base $084986  kind=static_target
$075E16  in func $075E16  base $085FAE  kind=static_target
$075E24  in func $075E1C  base $085AC4  kind=static_target
$075E74  in func $075E74  base $01ABB6  kind=static_target
$075FF6  in func $075F78  base $084248  kind=static_target
$076016  in func $075FFC  base $08493C  kind=static_target
$076060  in func $076060  base $0848B2  kind=static_target
$076090  in func $07608A  base $0848B2  kind=static_target
$0760AA  in func $076096  base $06860A  kind=static_target
$0760BC  in func $0760B0  base $0848B2  kind=static_target
$076128  in func $07611C  base $084248  kind=static_target
$076142  in func $07612E  base $01AB52  kind=static_target
$0761D4  in func $0761CC  base $01ABC6  kind=static_target
$07620A  in func $0761DA  base $084248  kind=static_target
$07625E  in func $07625E  base $01ABC6  kind=static_target
$076332  in func $076298  base $084248  kind=static_target
$076378  in func $076340  base $067B44  kind=static_target
$0763D4  in func $0763CC  base $01ABC6  kind=static_target
$0763E6  in func $0763DA  base $08635C  kind=static_target
$0763FA  in func $0763EC  base $0845B6  kind=static_target
$076490  in func $076486  base $01ABB6  kind=static_target
$0764F2  in func $0764EC  base $084986  kind=static_target
$076524  in func $076520  base $0849B4  kind=static_target
$076542  in func $07653E  base $0849B4  kind=static_target
$076596  in func $076596  base $08493C  kind=static_target
$076658  in func $076652  base $084948  kind=static_target
$076680  in func $07667A  base $084948  kind=static_target
$0766E6  in func $0766D0  base $01ABC6  kind=static_target
$0766EC  in func $0766EC  base $0852C8  kind=static_target
$07671E  in func $0766F2  base $01ABC6  kind=static_target
$07689A  in func $076892  base $085AC0  kind=static_target
$0768D8  in func $0768BE  base $01ABB6  kind=static_target
$07694A  in func $07693A  base $01ABB6  kind=static_target
$076AAC  in func $076A6A  base $00172C  kind=static_target
$076AD0  in func $076ABA  base $08493C  kind=static_target
$076B52  in func $076B52  base $0848B2  kind=static_target
$076B66  in func $076B58  base $084088  kind=static_target
$076BA2  in func $076B90  base $084088  kind=static_target
$076BA8  in func $076BA8  base $0848B2  kind=static_target
$076BCC  in func $076BAE  base $08413C  kind=static_target
$076BD8  in func $076BD2  base $0848B2  kind=static_target
$076C80  in func $076C70  base $0848C0  kind=static_target
$076CB4  in func $076C9A  base $08413C  kind=static_target
$076CF0  in func $076CCA  base $08413C  kind=static_target
$076D30  in func $076D30  base $084428  kind=static_target
$076E3E  in func $076E32  base $01ABC6  kind=static_target
$076E70  in func $076E70  base $085BD0  kind=static_target
$076F30  in func $076F0C  base $01ABB6  kind=static_target
$076F62  in func $076F4C  base $08495C  kind=static_target
$076F68  in func $076F68  base $084A00  kind=static_target
$076F82  in func $076F6E  base $08495C  kind=static_target
$076FE4  in func $076FCE  base $0857DC  kind=static_target
$077044  in func $077044  base $084428  kind=static_target
$077084  in func $077072  base $08495C  kind=static_target
$07708E  in func $07708A  base $084F82  kind=static_target
$07710C  in func $077102  base $01ABC6  kind=static_target
$077690  in func $077676  base $08493C  kind=static_target
$07770C  in func $0776EE  base $0842D0  kind=static_target
$07786A  in func $07786A  base $01ABC6  kind=static_target
$0778BC  in func $0778BC  base $01ABC6  kind=static_target
$0778FC  in func $0778E4  base $01ABC6  kind=static_target
$0779A8  in func $07799C  base $08635C  kind=static_target
$077A60  in func $077A56  base $01ABB6  kind=static_target
$077A90  in func $077A86  base $01ABB6  kind=static_target
$077AF8  in func $077AE0  base $077AFC  kind=fallback_hybrid/offset_table
$077B72  in func $077B3E  base $01ABC6  kind=static_target
$077B8E  in func $077B78  base $084A00  kind=static_target
$077C02  in func $077BD6  base $01ABC6  kind=static_target
$077C2A  in func $077C18  base $0849EE  kind=static_target
$077C9C  in func $077C5A  base $01ABC6  kind=static_target
$077CAA  in func $077CA2  base $084A00  kind=static_target
$077CD6  in func $077CB0  base $0849EE  kind=static_target
$077D2E  in func $077D28  base $0852C8  kind=static_target
$077DFA  in func $077DF4  base $0852C8  kind=static_target
$077E1A  in func $077E12  base $084A1A  kind=static_target
$077E6C  in func $077E4A  base $01ABC6  kind=static_target
$077E78  in func $077E72  base $01ABB6  kind=static_target
$077F60  in func $077F2A  base $01ABC6  kind=static_target
$077FD8  in func $077FBC  base $084948  kind=static_target
$077FF0  in func $077FE4  base $01B5A4  kind=static_target
$07801E  in func $078014  base $085686  kind=static_target
$078054  in func $078040  base $01ABC6  kind=static_target
$07805A  in func $07805A  base $01ABB6  kind=static_target
$0780AE  in func $078094  base $084088  kind=static_target
$078142  in func $078142  base $02429C  kind=static_target
$078280  in func $078258  base $085FAE  kind=static_target
$07828E  in func $078286  base $085AC8  kind=static_target
$078544  in func $078518  base $085968  kind=static_target
$07854A  in func $07854A  base $085CCC  kind=static_target
$07856E  in func $078560  base $01ABC6  kind=static_target
$0785B4  in func $07858A  base $0842D0  kind=static_target
$0785E4  in func $0785BA  base $00172C  kind=static_target
$07860C  in func $07860C  base $0848B2  kind=static_target
$07864A  in func $07862E  base $0845A8  kind=static_target
$078688  in func $078650  base $06860A  kind=static_target
$07869E  in func $07868E  base $0848B2  kind=static_target
$0786FC  in func $0786E4  base $0845A8  kind=static_target
$07870C  in func $078702  base $01040C  kind=static_target
$07875C  in func $078742  base $0848B2  kind=static_target
$07878A  in func $078762  base $085976  kind=static_target
$078820  in func $078816  base $085BD0  kind=static_target
$078852  in func $078846  base $000000  kind=dynamic_register
$078872  in func $078860  base $01ABC6  kind=static_target
$0788BE  in func $0788B8  base $0848B2  kind=static_target
$078944  in func $078934  base $01ABC6  kind=static_target
$0789EC  in func $0789EC  base $01ABC6  kind=static_target
$078A4A  in func $078A44  base $0851A8  kind=static_target
$078A8C  in func $078A6E  base $01ABC6  kind=static_target
$078A92  in func $078A92  base $0852C8  kind=static_target
$078ABE  in func $078A98  base $01ABC6  kind=static_target
$078B22  in func $078B0E  base $01ABB6  kind=static_target
$078B5A  in func $078B4C  base $01ABB6  kind=static_target
$078CBA  in func $078C88  base $085FAE  kind=static_target
$078CC8  in func $078CC0  base $085ABC  kind=static_target
$078FA4  in func $078F7E  base $001AD2  kind=static_target
$079024  in func $078FD6  base $084088  kind=static_target
$079038  in func $07902A  base $01ABC6  kind=static_target
$079056  in func $07904A  base $0848B2  kind=static_target
$079094  in func $07907C  base $084248  kind=static_target
$0790C8  in func $0790C8  base $01ABC6  kind=static_target
$0790CE  in func $0790CE  base $0852C8  kind=static_target
$07912C  in func $079110  base $084088  kind=static_target
$07913A  in func $079132  base $085098  kind=static_target
$079164  in func $079140  base $0852C8  kind=static_target
$0791D2  in func $0791D2  base $084948  kind=static_target
$0791F6  in func $0791F6  base $084976  kind=static_target
$07921C  in func $0791FC  base $084248  kind=static_target
$07923C  in func $079226  base $01ABC6  kind=static_target
$079294  in func $07928E  base $01040C  kind=static_target
$07929A  in func $07929A  base $0852C8  kind=static_target
$0792CE  in func $0792B8  base $084948  kind=static_target
$079326  in func $079318  base $08493C  kind=static_target
$079340  in func $07932C  base $08493C  kind=static_target
$079368  in func $07935C  base $0850FC  kind=static_target
$079380  in func $07936E  base $084248  kind=static_target
$079396  in func $079386  base $0850FC  kind=static_target
$0793CA  in func $0793B4  base $084948  kind=static_target
$079404  in func $0793EE  base $01ABC6  kind=static_target
$079438  in func $07942E  base $01ABC6  kind=static_target
$0794A8  in func $079492  base $00172C  kind=static_target
$079500  in func $079500  base $01ABB6  kind=static_target
$07951A  in func $079506  base $01ABC6  kind=static_target
$079538  in func $079520  base $084088  kind=static_target
$0797E8  in func $0797AE  base $085968  kind=static_target
$079834  in func $079822  base $08493C  kind=static_target
$07987A  in func $079846  base $084088  kind=static_target
$0798E8  in func $0798E0  base $0848B2  kind=static_target
$07990C  in func $0798EE  base $084088  kind=static_target
$079964  in func $07995E  base $0848B2  kind=static_target
$079980  in func $079980  base $0848B2  kind=static_target
$0799BA  in func $0799B0  base $01ABC6  kind=static_target
$079A02  in func $0799FC  base $00172C  kind=static_target
$079AD0  in func $079AD0  base $01ABB6  kind=static_target
$079B44  in func $079B3E  base $085168  kind=static_target
$079B6C  in func $079B4A  base $085168  kind=static_target
$079BA0  in func $079B8E  base $085168  kind=static_target
$079BCE  in func $079BBE  base $01ABC6  kind=static_target
$079C08  in func $079BF2  base $01ABC6  kind=static_target
$079C2E  in func $079C1E  base $0849B4  kind=static_target
$079C74  in func $079C74  base $0849B4  kind=static_target
$079C82  in func $079C7A  base $079C86  kind=fallback_hybrid/function_entry
$079D00  in func $079CF6  base $01ABB6  kind=static_target
$079D1A  in func $079D16  base $085098  kind=static_target
$079D4A  in func $079D30  base $085098  kind=static_target
$079DD2  in func $079DD2  base $01ABC6  kind=static_target
$079DE4  in func $079DDE  base $0852C8  kind=static_target
$079E0C  in func $079DEA  base $01ABC6  kind=static_target
$079E30  in func $079E24  base $085098  kind=static_target
$079E7C  in func $079E78  base $085098  kind=static_target
$079E92  in func $079E82  base $000000  kind=dynamic_register
$079EBE  in func $079EA4  base $084948  kind=static_target
$079ED8  in func $079EC4  base $01ABC6  kind=static_target
$07A008  in func $07A000  base $085AC4  kind=static_target
$07A09E  in func $07A08C  base $01E2C2  kind=static_target
$07A2B6  in func $07A2AA  base $085968  kind=static_target
$07A2D6  in func $07A2C4  base $08493C  kind=static_target
$07A312  in func $07A2E8  base $084088  kind=static_target
$07A31E  in func $07A318  base $0848B2  kind=static_target
$07A3BC  in func $07A3B0  base $0848B2  kind=static_target
$07A41A  in func $07A40E  base $01ABC6  kind=static_target
$07A44A  in func $07A43C  base $0852C8  kind=static_target
$07A460  in func $07A450  base $0849EE  kind=static_target
$07A4F2  in func $07A4EA  base $0843B0  kind=static_target
$07A508  in func $07A4F8  base $0849EE  kind=static_target
$07A522  in func $07A514  base $084060  kind=static_target
$07A536  in func $07A528  base $084C6A  kind=static_target
$07A560  in func $07A55E  base $084A2C  kind=static_target
$07A57A  in func $07A56C  base $084060  kind=static_target
$07A5BC  in func $07A590  base $01ABC6  kind=static_target
$07A5C2  in func $07A5C2  base $01ABB6  kind=static_target
$07A636  in func $07A636  base $085FB2  kind=static_target
$07A644  in func $07A63C  base $085AC8  kind=static_target
$07A734  in func $07A72A  base $085968  kind=static_target
$07A74C  in func $07A742  base $07A750  kind=fallback_hybrid/offset_table
$07A814  in func $07A80A  base $07A818  kind=fallback_hybrid/offset_table
$07A87C  in func $07A872  base $01ABC6  kind=static_target
$07A916  in func $07A90C  base $01ABC6  kind=static_target
$07AA84  in func $07AA7A  base $07AA88  kind=fallback_hybrid/offset_table
$07ABF0  in func $07ABEA  base $084948  kind=static_target
$07AC1C  in func $07AC16  base $085168  kind=static_target
$07ACC6  in func $07ACBA  base $01ABC6  kind=static_target
$07ACF6  in func $07ACE8  base $0852C8  kind=static_target
$07AD8C  in func $07AD8C  base $085FB2  kind=static_target
$07AD9A  in func $07AD92  base $085AC8  kind=static_target
$07ADBC  in func $07ADB2  base $07ADC0  kind=fallback_hybrid/offset_table
$07AED2  in func $07AEC4  base $01ABC6  kind=static_target
$07B034  in func $07B024  base $01ABC6  kind=static_target
$07B0AE  in func $07B0A8  base $01ABC6  kind=static_target
$07B0CA  in func $07B0B4  base $01ABC6  kind=static_target
$07B150  in func $07B13E  base $01ABB6  kind=static_target
$07B2D4  in func $07B2B0  base $08493C  kind=static_target
$07B3CE  in func $07B3C4  base $01BB0E  kind=static_target
$07B43E  in func $07B43E  base $0848B2  kind=static_target
$07B4A6  in func $07B4A0  base $0848B2  kind=static_target
$07B50E  in func $07B502  base $0848C0  kind=static_target
$07B566  in func $07B566  base $0845C4  kind=static_target
$07B59C  in func $07B586  base $084248  kind=static_target
$07B776  in func $07B770  base $0848B2  kind=static_target
$07B7B2  in func $07B7A6  base $0848B2  kind=static_target
$07B85A  in func $07B842  base $01ABC6  kind=static_target
$07B87A  in func $07B87A  base $0848B2  kind=static_target
$07B8AA  in func $07B8A4  base $0848C0  kind=static_target
$07B960  in func $07B95C  base $084248  kind=static_target
$07B96C  in func $07B966  base $0845C4  kind=static_target
$07B9A0  in func $07B99A  base $01AB32  kind=static_target
$07B9A6  in func $07B9A6  base $0852D6  kind=static_target
$07B9B8  in func $07B9AC  base $0848B2  kind=static_target
$07B9F4  in func $07B9BE  base $001AD2  kind=static_target
$07BA22  in func $07BA22  base $0845C4  kind=static_target
$07BA4A  in func $07BA4A  base $084248  kind=static_target
$07BAE0  in func $07BACE  base $0845A8  kind=static_target
$07BAF2  in func $07BAE6  base $0845C4  kind=static_target
$07BB28  in func $07BB28  base $0845A8  kind=static_target
$07BB42  in func $07BB2E  base $0848C0  kind=static_target
$07BBE8  in func $07BBD4  base $0845C4  kind=static_target
$07BC60  in func $07BC5A  base $01ABC6  kind=static_target
$07BC92  in func $07BC66  base $084248  kind=static_target
$07BD1E  in func $07BCD8  base $00C434  kind=static_target
$07BD52  in func $07BD52  base $01ABB6  kind=static_target
$07BD98  in func $07BD74  base $08493C  kind=static_target
$07BDFA  in func $07BDE6  base $0845C4  kind=static_target
$07BE18  in func $07BE00  base $0845A8  kind=static_target
$07BE64  in func $07BE4E  base $0845A8  kind=static_target
$07BE70  in func $07BE6A  base $0845C4  kind=static_target
$07BECA  in func $07BEC4  base $0848B2  kind=static_target
$07BF2E  in func $07BF16  base $084088  kind=static_target
$07BF74  in func $07BF50  base $01AB52  kind=static_target
$07BFC2  in func $07BFB4  base $0845A8  kind=static_target
$07C090  in func $07C08A  base $0848B2  kind=static_target
$07C0D8  in func $07C096  base $0845A8  kind=static_target
$07C128  in func $07C108  base $084088  kind=static_target
$07C13E  in func $07C12C  base $0845A8  kind=static_target
$07C150  in func $07C144  base $0848B2  kind=static_target
$07C17E  in func $07C16C  base $0848C0  kind=static_target
$07C1FA  in func $07C1F6  base $0845A8  kind=static_target
$07C206  in func $07C200  base $0845C4  kind=static_target
$07C254  in func $07C254  base $01AB52  kind=static_target
$07C296  in func $07C278  base $0848C0  kind=static_target
$07C2C6  in func $07C29C  base $0845A8  kind=static_target
$07C2E0  in func $07C2CC  base $01AB52  kind=static_target
$07C2FE  in func $07C2E6  base $0845A8  kind=static_target
$07C30A  in func $07C304  base $0845C4  kind=static_target
$07C324  in func $07C310  base $0845A8  kind=static_target
$07C3C0  in func $07C3A2  base $0848B2  kind=static_target
$07C41A  in func $07C3F2  base $0845A8  kind=static_target
$07C432  in func $07C420  base $0848C0  kind=static_target
$07C452  in func $07C438  base $0845A8  kind=static_target
$07C458  in func $07C458  base $0845C4  kind=static_target
$07C48C  in func $07C480  base $0848C0  kind=static_target
$07C53E  in func $07C520  base $0845A8  kind=static_target
$07C544  in func $07C544  base $0845C4  kind=static_target
$07C59A  in func $07C586  base $0848C0  kind=static_target
$07C60E  in func $07C5FC  base $0845A8  kind=static_target
$07C654  in func $07C642  base $0845A8  kind=static_target
$07C668  in func $07C658  base $01AB52  kind=static_target
$07C676  in func $07C676  base $0859B2  kind=static_target
$07C73C  in func $07C718  base $084248  kind=static_target
$07C766  in func $07C760  base $0851A8  kind=static_target
$07C786  in func $07C77E  base $08495C  kind=static_target
$07C79C  in func $07C78C  base $0861E8  kind=static_target
$07C7B0  in func $07C7A2  base $0851A8  kind=static_target
$07C7F6  in func $07C7C4  base $01ABC6  kind=static_target
$07C83A  in func $07C832  base $01ABC6  kind=static_target
$07C8A8  in func $07C8A0  base $01ABC6  kind=static_target
$07C8E6  in func $07C8E2  base $01ABC6  kind=static_target
$07C91A  in func $07C8FE  base $01ABC6  kind=static_target
$07C920  in func $07C920  base $01ABB6  kind=static_target
$07C964  in func $07C944  base $01ABC6  kind=static_target
$07C96A  in func $07C96A  base $0852C8  kind=static_target
$07C9CC  in func $07C9B8  base $01ABC6  kind=static_target
$07CA04  in func $07C9F0  base $01040C  kind=static_target
$07CA0A  in func $07CA0A  base $0852C8  kind=static_target
$07CA3E  in func $07CA3A  base $01ABB6  kind=static_target
$07CA54  in func $07CA44  base $00172C  kind=static_target
$07CACC  in func $07CAA0  base $01ABC6  kind=static_target
$07CAF4  in func $07CAF4  base $01ABC6  kind=static_target
$07CB4A  in func $07CB40  base $01ABC6  kind=static_target
$07CB86  in func $07CB86  base $01ABC6  kind=static_target
$07CBC6  in func $07CBBC  base $01ABC6  kind=static_target
$07CC38  in func $07CC38  base $01ABC6  kind=static_target
$07CC5C  in func $07CC4E  base $0852C8  kind=static_target
$07CCD2  in func $07CC90  base $085FC8  kind=static_target
$07CD20  in func $07CCEE  base $01ABB6  kind=static_target
$07CD44  in func $07CD26  base $084088  kind=static_target
$07CD58  in func $07CD4A  base $084948  kind=static_target
$07CD98  in func $07CD6A  base $084948  kind=static_target
$07CE40  in func $07CE3A  base $084948  kind=static_target
$07CE8E  in func $07CE8E  base $084948  kind=static_target
$07CEB2  in func $07CE94  base $0852F8  kind=static_target
$07CF30  in func $07CF2A  base $08512A  kind=static_target
$07CF36  in func $07CF36  base $01ABB6  kind=static_target
$07CF70  in func $07CF70  base $01ABB6  kind=static_target
$07CFE4  in func $07CFCC  base $01ABC6  kind=static_target
$07D078  in func $07D078  base $01ABC6  kind=static_target
$07D0BE  in func $07D0A0  base $01ABB6  kind=static_target
$07D13E  in func $07D138  base $0852C8  kind=static_target
$07D172  in func $07D15C  base $01ABB6  kind=static_target
$07D25C  in func $07D25C  base $000000  kind=dynamic_register
$07D380  in func $07D380  base $000000  kind=dynamic_register
$07D3E0  in func $07D3C6  base $085968  kind=static_target
$07D3EE  in func $07D3E6  base $085AC0  kind=static_target
$07DE4C  in func $07DDDC  base $085968  kind=static_target
$07DE50  in func $07DE50  base $085CCC  kind=static_target
$07DECA  in func $07DECA  base $0848B2  kind=static_target
$07DFB0  in func $07DFAC  base $0848B2  kind=static_target
$07DFBE  in func $07DFB4  base $07DFC2  kind=fallback_hybrid/offset_table
$07DFDC  in func $07DFDC  base $0848B2  kind=static_target
$07E000  in func $07DFE0  base $01ABC6  kind=static_target
$07E038  in func $07E034  base $01ABC6  kind=static_target
$07E068  in func $07E03E  base $0842D0  kind=static_target
$07E0EE  in func $07E0E0  base $07E0F2  kind=fallback_hybrid/offset_table
$07E11C  in func $07E11C  base $01ABC6  kind=static_target
$07E146  in func $07E130  base $01ABC6  kind=static_target
$07E17E  in func $07E164  base $01ABC6  kind=static_target
$07E18C  in func $07E184  base $01ABC6  kind=static_target
$07E1A8  in func $07E192  base $01ABC6  kind=static_target
$07E1CE  in func $07E1CE  base $01ABC6  kind=static_target
$07E206  in func $07E206  base $01ABC6  kind=static_target
$07E21E  in func $07E20C  base $01ABC6  kind=static_target
$07E25E  in func $07E25E  base $01ABC6  kind=static_target
$07E280  in func $07E272  base $085BD0  kind=static_target
$07E4F0  in func $07E4DE  base $01ABB6  kind=static_target
$07E78C  in func $07E780  base $0849CA  kind=static_target
$07E7A0  in func $07E790  base $0849EE  kind=static_target
$07E7F0  in func $07E7DC  base $01040C  kind=static_target
$07E830  in func $07E828  base $01040C  kind=static_target
$07E8C0  in func $07E8C0  base $08493C  kind=static_target
$07E91A  in func $07E90A  base $08493C  kind=static_target
$07E938  in func $07E930  base $0852C8  kind=static_target
$07E9A0  in func $07E99A  base $0851A8  kind=static_target
$07E9F2  in func $07E9F2  base $01ABC6  kind=static_target
$07E9F8  in func $07E9F8  base $0852C8  kind=static_target
$07EA1A  in func $07E9FC  base $01ABC6  kind=static_target
$07EA20  in func $07EA20  base $0852C8  kind=static_target
$07EA60  in func $07EA58  base $084948  kind=static_target
$07EA8A  in func $07EA86  base $084948  kind=static_target
$07EA8E  in func $07EA8E  base $0852C8  kind=static_target
$07EADA  in func $07EAC2  base $084948  kind=static_target
$07EAF0  in func $07EAF0  base $08512A  kind=static_target
$07EB30  in func $07EB30  base $01ABC6  kind=static_target
$07EB56  in func $07EB36  base $0852F8  kind=static_target
$07EC5E  in func $07EC4C  base $01ABC6  kind=static_target
$07EC6A  in func $07EC64  base $084A00  kind=static_target
$07EE42  in func $07EE3A  base $085AC4  kind=static_target
$07EEF0  in func $07EEBC  base $084088  kind=static_target
$07EF12  in func $07EEF4  base $085FAE  kind=static_target
$07EF50  in func $07EF28  base $085FC8  kind=static_target
$07F0E2  in func $07F094  base $084088  kind=static_target
$07F0F6  in func $07F0F6  base $085CCC  kind=static_target
$07F126  in func $07F126  base $08493C  kind=static_target
$07F17E  in func $07F178  base $0848B2  kind=static_target
$07F1B8  in func $07F1AA  base $0848B2  kind=static_target
$07F1E8  in func $07F1BC  base $084088  kind=static_target
$07F202  in func $07F1F4  base $084428  kind=static_target
$07F234  in func $07F222  base $0845A8  kind=static_target
$07F256  in func $07F248  base $01ABC6  kind=static_target
$07F358  in func $07F338  base $01ABB6  kind=static_target
$07F3BC  in func $07F3A4  base $084A2C  kind=static_target
$07F3D4  in func $07F3C0  base $084948  kind=static_target
$07F3E8  in func $07F3D8  base $084948  kind=static_target
$07F40E  in func $07F40A  base $084948  kind=static_target
$07F47C  in func $07F466  base $01ABC6  kind=static_target
$07F510  in func $07F4FC  base $01ABC6  kind=static_target
$07F51E  in func $07F516  base $0852C8  kind=static_target
$07F542  in func $07F522  base $08493C  kind=static_target
$07F668  in func $07F656  base $0851A8  kind=static_target
$07F66C  in func $07F66C  base $01ABB6  kind=static_target
$07F690  in func $07F672  base $08495C  kind=static_target
$07F6A8  in func $07F694  base $08495C  kind=static_target
$07F6D2  in func $07F6CA  base $084948  kind=static_target
$07F6F0  in func $07F6E2  base $084948  kind=static_target
$07F71A  in func $07F706  base $08495C  kind=static_target
$07F71E  in func $07F71E  base $0852C8  kind=static_target
$07F740  in func $07F730  base $084948  kind=static_target
$07F76E  in func $07F744  base $01ABC6  kind=static_target
$07F7A4  in func $07F792  base $01B5A4  kind=static_target
$07F7F0  in func $07F7F0  base $01ABC6  kind=static_target
$07F818  in func $07F7F6  base $01ABC6  kind=static_target
$07F8C2  in func $07F8AC  base $01ABB6  kind=static_target
$07F94A  in func $07F928  base $0857DC  kind=static_target
$07F9FA  in func $07F9E8  base $0857DC  kind=static_target
$07FA50  in func $07FA42  base $0857DC  kind=static_target
$07FC32  in func $07FC32  base $085FAE  kind=static_target
$07FC3E  in func $07FC36  base $085ABC  kind=static_target
$07FFB2  in func $07FF92  base $07FFB6  kind=fallback_hybrid/function_entry
$07FFFA  in func $07FFFA  base $0848B2  kind=static_target
$080126  in func $080116  base $0848B2  kind=static_target
$080182  in func $080162  base $0852D6  kind=static_target
$08019C  in func $080188  base $08493C  kind=static_target
$0801FC  in func $0801EE  base $084088  kind=static_target
$08022A  in func $080200  base $06860A  kind=static_target
$080274  in func $080266  base $0848B2  kind=static_target
$080300  in func $0802E8  base $01ABC6  kind=static_target
$080330  in func $080326  base $001AD2  kind=static_target
$08042E  in func $0803FE  base $085E62  kind=static_target
$080440  in func $080434  base $085E62  kind=static_target
$0804D2  in func $0804BC  base $08493C  kind=static_target
$0804E6  in func $0804D8  base $01ABC6  kind=static_target
$0804F4  in func $0804F0  base $084060  kind=static_target
$080502  in func $0804FA  base $0843D6  kind=static_target
$080558  in func $08054A  base $01ABC6  kind=static_target
$08057E  in func $08056A  base $01ABC6  kind=static_target
$080598  in func $08058A  base $01ABC6  kind=static_target
$0805B4  in func $0805AC  base $0849B4  kind=static_target
$0805E6  in func $0805D6  base $084976  kind=static_target
$080630  in func $080630  base $084976  kind=static_target
$08069E  in func $08069A  base $084948  kind=static_target
$0806AE  in func $0806A2  base $084976  kind=static_target
$0806FE  in func $0806FA  base $084948  kind=static_target
$08077A  in func $080762  base $01ABC6  kind=static_target
$0807A4  in func $0807A4  base $01ABC6  kind=static_target
$0807CE  in func $0807CE  base $01ABC6  kind=static_target
$0807DE  in func $0807DE  base $01ABC6  kind=static_target
$080826  in func $080816  base $084948  kind=static_target
$080860  in func $08085C  base $084948  kind=static_target
$0808AC  in func $0808A4  base $084976  kind=static_target
$0808C2  in func $0808BC  base $084976  kind=static_target
$0808D0  in func $0808C6  base $01ABB6  kind=static_target
$080962  in func $080962  base $01ABC6  kind=static_target
$080A7A  in func $080A62  base $08493C  kind=static_target
$080A80  in func $080A7E  base $08493C  kind=static_target
$080AF8  in func $080AF8  base $0852C8  kind=static_target
$080B7A  in func $080B78  base $0852C8  kind=static_target
$080C58  in func $080C52  base $0848B2  kind=static_target
$080C84  in func $080C80  base $0845C8  kind=static_target
$080CD2  in func $080CCE  base $0845C8  kind=static_target
$080D3A  in func $080D20  base $01ABC6  kind=static_target
$080D72  in func $080D58  base $08493C  kind=static_target
$080D94  in func $080D8C  base $01ABC6  kind=static_target
$080DE0  in func $080DE0  base $01ABC6  kind=static_target
$080DF2  in func $080DE6  base $01ABC6  kind=static_target
$080E02  in func $080DF8  base $01ABB6  kind=static_target
$080E42  in func $080E2A  base $01ABC6  kind=static_target
$080E4E  in func $080E48  base $01ABB6  kind=static_target
$080F06  in func $080EFE  base $085AC8  kind=static_target
$0810F8  in func $0810F8  base $01ABB6  kind=static_target
$081252  in func $081248  base $085FAE  kind=static_target
$081260  in func $081258  base $085AC0  kind=static_target
$081624  in func $08161A  base $001AD2  kind=static_target
$08169E  in func $081632  base $001380  kind=static_target
$081716  in func $081710  base $00172C  kind=static_target
$0817FC  in func $0817C6  base $01ABB6  kind=static_target
$08187A  in func $081836  base $084248  kind=static_target
$081A22  in func $081A12  base $001AD2  kind=static_target
$081A98  in func $081A50  base $084248  kind=static_target
$081CE8  in func $081CCC  base $01ABB6  kind=static_target
$081D66  in func $081D5A  base $01ABC6  kind=static_target
$081D94  in func $081D8C  base $01ABC6  kind=static_target
$081DD4  in func $081D9A  base $084088  kind=static_target
$081E3E  in func $081E3E  base $01ABC6  kind=static_target
$081E60  in func $081E50  base $08512A  kind=static_target
$081E72  in func $081E64  base $01ABC6  kind=static_target
$081EA6  in func $081EA2  base $0849B4  kind=static_target
$081F38  in func $081F32  base $0849EE  kind=static_target
$081F5A  in func $081F4E  base $0850FC  kind=static_target
$081F9E  in func $081F92  base $084948  kind=static_target
$081FA2  in func $081FA2  base $084976  kind=static_target
$082010  in func $082002  base $0852C8  kind=static_target
$082084  in func $082074  base $085098  kind=static_target
$0820DA  in func $0820C6  base $084948  kind=static_target
$08210A  in func $0820F8  base $01ABC6  kind=static_target
$08211C  in func $082116  base $0848B2  kind=static_target
$0821A8  in func $08219E  base $084948  kind=static_target
$0821B2  in func $0821AC  base $084976  kind=static_target
$082200  in func $0821EA  base $01B5A4  kind=static_target
$08224C  in func $08224C  base $01B5A4  kind=static_target
$082368  in func $082368  base $01ABB6  kind=static_target
$08244C  in func $08243A  base $01B5A4  kind=static_target
$082474  in func $082452  base $001526  kind=static_target
$0824BC  in func $0824BC  base $01ABC6  kind=static_target
$082560  in func $08251C  base $084088  kind=static_target
$0825AC  in func $082590  base $085098  kind=static_target
$0825BE  in func $0825B0  base $084948  kind=static_target
$0825E0  in func $0825D4  base $084948  kind=static_target
$0825EE  in func $0825E4  base $084068  kind=static_target
$082676  in func $08265A  base $0850FC  kind=static_target
$0826C4  in func $0826B2  base $0850FC  kind=static_target
$082744  in func $082724  base $01ABC6  kind=static_target
$082764  in func $08275A  base $0013C2  kind=static_target
$082AFA  in func $082AE4  base $01AB52  kind=static_target
$083060  in func $083060  base $01ABB6  kind=static_target
$0830DC  in func $0830A4  base $084248  kind=static_target
$0830E4  in func $0830E0  base $084248  kind=static_target
$083782  in func $083782  base $01B5F0  kind=static_target
$0837C0  in func $0837C0  base $01B5A4  kind=static_target
$0837F0  in func $0837DA  base $01ABC6  kind=static_target
$083856  in func $08383E  base $084088  kind=static_target
$0839AA  in func $083986  base $08695A  kind=static_target
$0839BE  in func $0839B0  base $0852C8  kind=static_target
$083A46  in func $083A30  base $01ABC6  kind=static_target
$083A72  in func $083A68  base $084948  kind=static_target
$083ADA  in func $083ABA  base $00DCCA  kind=static_target
$083C40  in func $083C2E  base $083C44  kind=fallback_hybrid/offset_table
$083CC8  in func $083CB8  base $00172C  kind=static_target
$083CD4  in func $083CD0  base $00172C  kind=static_target
$083CE2  in func $083CDC  base $085968  kind=static_target
$083CEE  in func $083CE8  base $085968  kind=static_target
$083DD4  in func $083DAC  base $000000  kind=dynamic_register
$083E94  in func $083E74  base $0848B2  kind=static_target
$083EEA  in func $083EEA  base $0852C8  kind=static_target
$083F98  in func $083F90  base $01ABC6  kind=static_target
$083FD6  in func $083FC6  base $01ABC6  kind=static_target
$08448A  in func $084482  base $000000  kind=dynamic_register
$084528  in func $084528  base $085FEC  kind=static_target
$084534  in func $08452C  base $000000  kind=dynamic_register
$0845A6  in func $08459E  base $000000  kind=dynamic_register
$08480C  in func $0847EE  base $000000  kind=dynamic_register
$0848BE  in func $0848BA  base $000000  kind=dynamic_register
$0848DC  in func $0848D4  base $000000  kind=dynamic_register
$084924  in func $08491C  base $000000  kind=dynamic_register
$08493A  in func $084932  base $000000  kind=dynamic_register
$084942  in func $08493C  base $01ABC6  kind=static_target
$084956  in func $084948  base $01ABC6  kind=static_target
$084970  in func $08495C  base $01ABC6  kind=static_target
$084994  in func $084986  base $01040C  kind=static_target
$0849A6  in func $08499A  base $01ABC6  kind=static_target
$0849C0  in func $0849B4  base $01ABC6  kind=static_target
$0849E4  in func $0849E4  base $01ABC6  kind=static_target
$0849FA  in func $0849EE  base $01ABC6  kind=static_target
$084A14  in func $084A00  base $01ABC6  kind=static_target
$084A26  in func $084A1A  base $01ABC6  kind=static_target
$084A3E  in func $084A2C  base $01ABC6  kind=static_target
$084A5E  in func $084A44  base $01ABC6  kind=static_target
$084A6A  in func $084A64  base $01ABC6  kind=static_target
$084A98  in func $084A98  base $01ABB6  kind=static_target
$084AC6  in func $084AC0  base $01ABB6  kind=static_target
$084AF4  in func $084AEE  base $01ABB6  kind=static_target
$084B22  in func $084B1C  base $01ABB6  kind=static_target
$084E74  in func $084E62  base $084E78  kind=fallback_hybrid/offset_table
$084F90  in func $084F82  base $01ABC6  kind=static_target
$0850AA  in func $085098  base $01ABC6  kind=static_target
$0850DC  in func $0850CA  base $01ABC6  kind=static_target
$085124  in func $0850FC  base $01ABC6  kind=static_target
$085162  in func $08512A  base $01ABC6  kind=static_target
$085182  in func $085168  base $01ABC6  kind=static_target
$0851A2  in func $085188  base $01ABC6  kind=static_target
$0851D6  in func $0851A8  base $01ABC6  kind=static_target
$0851EE  in func $0851DC  base $01ABC6  kind=static_target
$08524E  in func $085230  base $01ABC6  kind=static_target
$08565A  in func $085654  base $084428  kind=static_target
$085664  in func $08565E  base $084428  kind=static_target
$08566C  in func $085668  base $084428  kind=static_target
$08567E  in func $08567A  base $0848B2  kind=static_target
$08568A  in func $085686  base $01ABC6  kind=static_target
$085696  in func $085690  base $01ABC6  kind=static_target
$0856BA  in func $0856B6  base $000000  kind=dynamic_register
$0856C2  in func $0856BC  base $01ABC6  kind=static_target
$0856D8  in func $0856C8  base $000000  kind=dynamic_register
$0856E4  in func $0856DA  base $08493C  kind=static_target
$0856F0  in func $0856EC  base $08493C  kind=static_target
$0856FE  in func $0856F8  base $0850FC  kind=static_target
$08570C  in func $085706  base $0851A8  kind=static_target
$085716  in func $085710  base $0848B2  kind=static_target
$085724  in func $08571A  base $0848B2  kind=static_target
$08580E  in func $0857EA  base $085812  kind=fallback_hybrid/offset_table
$0859FE  in func $0859F6  base $0859FA  kind=fallback_hybrid/INTERIOR_UNRESOLVED
$085B12  in func $085AFA  base $01ABC6  kind=static_target
$085B24  in func $085B24  base $01ABB6  kind=static_target
$085B52  in func $085B46  base $01ABB6  kind=static_target
$085B82  in func $085B6C  base $01ABB6  kind=static_target
$085BAC  in func $085BAC  base $001358  kind=static_target
$085BFE  in func $085BFE  base $0848B2  kind=static_target
$085C1E  in func $085C02  base $083C2E  kind=static_target
$085C3E  in func $085C28  base $085BB6  kind=static_target
$085C4E  in func $085C42  base $01ABB6  kind=static_target
$085D90  in func $085D70  base $000000  kind=dynamic_register
$085E0C  in func $085E08  base $084088  kind=static_target
$085E5E  in func $085E36  base $084280  kind=static_target
$085E86  in func $085E7A  base $001380  kind=static_target
$085ED6  in func $085ED2  base $0852C8  kind=static_target
$085F4C  in func $085F38  base $0852C8  kind=static_target
$086020  in func $086006  base $00172C  kind=static_target
$08615C  in func $08615A  base $001358  kind=static_target
$086170  in func $086162  base $001358  kind=static_target
$0861A2  in func $086176  base $001526  kind=static_target
$086292  in func $086282  base $086296  kind=fallback_hybrid/offset_table
$08632A  in func $086326  base $01B5A4  kind=static_target
$086340  in func $086330  base $01ABC6  kind=static_target
$086346  in func $086346  base $01ABB6  kind=static_target
$0863AC  in func $086386  base $001380  kind=static_target
$08640E  in func $08640E  base $01ABB6  kind=static_target
$08644A  in func $086440  base $085E62  kind=static_target
$086474  in func $086460  base $001380  kind=static_target
$08647A  in func $08647A  base $01ABB6  kind=static_target
$086588  in func $086568  base $01ABC6  kind=static_target
$0865B6  in func $0865A2  base $084088  kind=static_target
$0865F4  in func $0865BA  base $084088  kind=static_target
$0866C4  in func $0866C0  base $01AB52  kind=static_target
$0866EE  in func $0866E2  base $01AB52  kind=static_target
$0866FC  in func $0866F4  base $01AB52  kind=static_target
$08670E  in func $086702  base $01AB52  kind=static_target
$086738  in func $086734  base $01AB52  kind=static_target
$08674E  in func $086744  base $084068  kind=static_target
$086778  in func $086778  base $084948  kind=static_target
$086780  in func $08677C  base $084948  kind=static_target
$086794  in func $086784  base $084068  kind=static_target
$0867E6  in func $0867E6  base $084948  kind=static_target
$0867FA  in func $0867F2  base $084948  kind=static_target
$086824  in func $086814  base $01ABC6  kind=static_target
$086844  in func $086838  base $084948  kind=static_target
$086860  in func $086848  base $01ABC6  kind=static_target
$086878  in func $086878  base $085098  kind=static_target
$0868C0  in func $0868BC  base $085098  kind=static_target
$0868DA  in func $0868DA  base $085098  kind=static_target
$0869A8  in func $086972  base $0869EE  kind=static_target
$086A76  in func $086A66  base $01DC72  kind=static_target
$086A86  in func $086A7C  base $01DC72  kind=static_target
$086D36  in func $086D1E  base $084064  kind=static_target
$086D8C  in func $086D86  base $0851A8  kind=static_target
$086DA6  in func $086D98  base $085168  kind=static_target
$086DD2  in func $086DCA  base $0848B2  kind=static_target
$086E9A  in func $086E84  base $085230  kind=static_target
$086F12  in func $086F12  base $0848B2  kind=static_target
$086F1E  in func $086F16  base $01AB52  kind=static_target
$086F46  in func $086F24  base $08499A  kind=static_target
$086F4E  in func $086F4E  base $01ABB6  kind=static_target
$086F64  in func $086F64  base $084428  kind=static_target
$087042  in func $08703E  base $000000  kind=dynamic_register
$087190  in func $087182  base $085168  kind=static_target
$0871D8  in func $08719A  base $08418E  kind=static_target
$0871E0  in func $0871DC  base $08418E  kind=static_target
$0871E4  in func $0871E4  base $08567A  kind=static_target
$0872B6  in func $0872A8  base $084948  kind=static_target
$0872C8  in func $0872BA  base $084948  kind=static_target
$0872F0  in func $0872CC  base $084948  kind=static_target
$087306  in func $0872F4  base $084948  kind=static_target
$087394  in func $087394  base $0848B2  kind=static_target
$087456  in func $087444  base $084948  kind=static_target
$087486  in func $087474  base $084948  kind=static_target
$0874D8  in func $0874A8  base $01B67E  kind=static_target
$0874EC  in func $0874DE  base $01B67E  kind=static_target
$0874FA  in func $0874FA  base $01B67E  kind=static_target
$087706  in func $0876F8  base $085168  kind=static_target
$0877C4  in func $0877B4  base $084A2C  kind=static_target
$0877EA  in func $0877D4  base $084060  kind=static_target
$08784E  in func $087832  base $084948  kind=static_target
$087860  in func $087854  base $084948  kind=static_target
$087886  in func $08787C  base $084088  kind=static_target
$0878F2  in func $0878E0  base $08543E  kind=static_target
$08790C  in func $0878F6  base $085168  kind=static_target
$087928  in func $087910  base $0852C8  kind=static_target
$087934  in func $08792C  base $01ABC6  kind=static_target
$087968  in func $087956  base $085168  kind=static_target
$087976  in func $087972  base $084060  kind=static_target
$0879C4  in func $08799E  base $0841CE  kind=static_target
$0879E6  in func $0879D0  base $0857DC  kind=static_target
$087A02  in func $0879EC  base $01ABC6  kind=static_target
$087A60  in func $087A52  base $085168  kind=static_target
$087AA0  in func $087A9C  base $0848B2  kind=static_target
$087AE0  in func $087ABA  base $0848B2  kind=static_target
$087AF2  in func $087AE4  base $0851A8  kind=static_target
$087B46  in func $087B38  base $01AB52  kind=static_target
$087B78  in func $087B74  base $01AB52  kind=static_target
$087C00  in func $087BF2  base $085168  kind=static_target
$087C6C  in func $087C32  base $084088  kind=static_target
$087C96  in func $087C88  base $0848DE  kind=static_target
$087D1E  in func $087D14  base $0848DE  kind=static_target
$087D44  in func $087D2E  base $084088  kind=static_target
$087D82  in func $087D74  base $08495C  kind=static_target
$087D96  in func $087D86  base $08495C  kind=static_target
$087DC8  in func $087DAE  base $0851A8  kind=static_target
$087DD2  in func $087DCC  base $0851A8  kind=static_target
$087DE4  in func $087DD6  base $084948  kind=static_target
$087E06  in func $087DE8  base $01ABC6  kind=static_target
$087E0C  in func $087E0C  base $0852C8  kind=static_target
$087E60  in func $087E42  base $01ABC6  kind=static_target
$087E6A  in func $087E66  base $01ABC6  kind=static_target
$087EB2  in func $087EAE  base $01ABC6  kind=static_target
$087EC2  in func $087EB8  base $084060  kind=static_target
$087ED2  in func $087EC6  base $084948  kind=static_target
$087ED6  in func $087ED6  base $01ABB6  kind=static_target
$087F9A  in func $087F84  base $085168  kind=static_target
$087FA2  in func $087F9E  base $01ABC6  kind=static_target
$08801E  in func $08800C  base $01AB52  kind=static_target
$088074  in func $08804C  base $01AB52  kind=static_target
$08807A  in func $08807A  base $084BE8  kind=static_target
$0882B8  in func $0882AA  base $085168  kind=static_target
$08838E  in func $088386  base $085230  kind=static_target
$088408  in func $088408  base $01AB52  kind=static_target
$088436  in func $088436  base $01AB52  kind=static_target
$08849A  in func $088488  base $085168  kind=static_target
$0884C6  in func $0884A8  base $084088  kind=static_target
$088506  in func $0884FA  base $084728  kind=static_target
$08857E  in func $08857E  base $0848B2  kind=static_target
$08858A  in func $088582  base $0852C8  kind=static_target
$0885AC  in func $088590  base $08493C  kind=static_target
$088628  in func $088624  base $084088  kind=static_target
$088638  in func $08862C  base $085CA6  kind=static_target
$0886A2  in func $0886A2  base $0848B2  kind=static_target
$08873A  in func $08873A  base $0848B2  kind=static_target
$088778  in func $088770  base $0848B2  kind=static_target
$08879A  in func $088792  base $0848B2  kind=static_target
$0887B2  in func $08879E  base $06860A  kind=static_target
$0887C8  in func $0887B8  base $0848B2  kind=static_target
$0887FC  in func $0887F2  base $084088  kind=static_target
$088818  in func $088802  base $01ABB6  kind=static_target
$08883C  in func $08882C  base $01040C  kind=static_target
$088842  in func $088842  base $01ABB6  kind=static_target
$088888  in func $08887C  base $08493C  kind=static_target
$088964  in func $088964  base $01ABC6  kind=static_target
$08896E  in func $08896A  base $01ABB6  kind=static_target
$088994  in func $088974  base $0852F8  kind=static_target
$0889A8  in func $08899E  base $0889AC  kind=fallback_hybrid/offset_table
$088B08  in func $088AFC  base $085FAE  kind=static_target
$088BD8  in func $088BC4  base $085168  kind=static_target
$088BF4  in func $088BE8  base $084088  kind=static_target
$088CB6  in func $088CA4  base $084948  kind=static_target
$088D6A  in func $088D58  base $08495C  kind=static_target
$088DBC  in func $088DBC  base $0848B2  kind=static_target
$088E9C  in func $088E8E  base $085168  kind=static_target
$088EBC  in func $088EAA  base $084088  kind=static_target
$088F32  in func $088F26  base $0848C0  kind=static_target
$088F8A  in func $088F78  base $084948  kind=static_target
$088F96  in func $088F92  base $084068  kind=static_target
$088FF8  in func $088FE2  base $085230  kind=static_target
$089010  in func $089004  base $084088  kind=static_target
$089038  in func $089034  base $0845C8  kind=static_target
$08907A  in func $089076  base $08442C  kind=static_target
$0890B0  in func $08908C  base $0841CE  kind=static_target
$0890EC  in func $0890EC  base $08495C  kind=static_target
$0891D4  in func $0891C6  base $085168  kind=static_target
$0891E6  in func $0891E2  base $084060  kind=static_target
$089216  in func $089216  base $084728  kind=static_target
$089232  in func $08921A  base $084088  kind=static_target
$089236  in func $089236  base $0848B2  kind=static_target
$089272  in func $08924C  base $08413C  kind=static_target
$08928C  in func $08927E  base $08495C  kind=static_target
$0892C4  in func $0892C0  base $08442C  kind=static_target
$0892D6  in func $0892C8  base $0851A8  kind=static_target
$08934A  in func $089344  base $01AB52  kind=static_target
$089356  in func $089350  base $01AB52  kind=static_target
$08935C  in func $08935C  base $01AB52  kind=static_target
$0893B2  in func $0893A4  base $085168  kind=static_target
$0893C8  in func $0893BC  base $084088  kind=static_target
$08940A  in func $0893F4  base $01AB52  kind=static_target
$089422  in func $089410  base $084948  kind=static_target
$089430  in func $08942C  base $084068  kind=static_target
$089452  in func $08944E  base $0845C8  kind=static_target
$089468  in func $089456  base $084948  kind=static_target
$089476  in func $089472  base $084068  kind=static_target
$0894CA  in func $0894BC  base $085168  kind=static_target
$089516  in func $0894F2  base $08543E  kind=static_target
$08954C  in func $08953A  base $0848B2  kind=static_target
$08957E  in func $08957A  base $0848B2  kind=static_target
$0895C8  in func $0895A2  base $0841CE  kind=static_target
$089672  in func $089666  base $01ABC6  kind=static_target
$089686  in func $089678  base $085168  kind=static_target
$0896AC  in func $08968E  base $084B96  kind=static_target
$0896C0  in func $0896B2  base $0848C0  kind=static_target
$08985C  in func $08984E  base $085168  kind=static_target
$08992A  in func $08991A  base $0848B2  kind=static_target
$089956  in func $089956  base $08448C  kind=static_target
$0899AA  in func $08999A  base $0848B2  kind=static_target
$0899C8  in func $0899C8  base $0844C0  kind=static_target
$0899EA  in func $0899DC  base $084948  kind=static_target
$089A3E  in func $089A2C  base $0843D6  kind=static_target
$089A78  in func $089A66  base $0843D6  kind=static_target
$089A90  in func $089A82  base $085168  kind=static_target
$089AC6  in func $089A98  base $084088  kind=static_target
$089AD8  in func $089ACA  base $0848C0  kind=static_target
$089C80  in func $089C7C  base $085168  kind=static_target
$089D06  in func $089D06  base $085098  kind=static_target
$089D24  in func $089D0A  base $01ABC6  kind=static_target
$089D3C  in func $089D3C  base $085098  kind=static_target
$089D68  in func $089D64  base $085098  kind=static_target
$089D9A  in func $089D6C  base $01ABC6  kind=static_target
$089DBE  in func $089DA0  base $01ABC6  kind=static_target
$089DCE  in func $089DC4  base $01DC72  kind=static_target
$089DE0  in func $089DD4  base $089DE4  kind=fallback_hybrid/offset_table
$089DF0  in func $089DEC  base $084088  kind=static_target
$089E02  in func $089DF4  base $084088  kind=static_target
$089E12  in func $089E06  base $084088  kind=static_target
$089F8C  in func $089F8C  base $01B5A4  kind=static_target
$089FD6  in func $089FA6  base $084088  kind=static_target
$08A00E  in func $08A00A  base $0848B2  kind=static_target
$08A118  in func $08A114  base $0850B0  kind=static_target
$08A224  in func $08A1FC  base $0852F8  kind=static_target
$08A26A  in func $08A234  base $0852F8  kind=static_target
$08A28E  in func $08A280  base $01B5A4  kind=static_target
$08A2A2  in func $08A294  base $01B5A4  kind=static_target
$08A304  in func $08A304  base $01B5A4  kind=static_target
$08A31E  in func $08A30A  base $01B5A4  kind=static_target
$08A33A  in func $08A32C  base $01B5A4  kind=static_target
$08A352  in func $08A352  base $01B5A4  kind=static_target
$08A37C  in func $08A36C  base $01B5A4  kind=static_target
$08A3C4  in func $08A3C0  base $08A3C8  kind=fallback_hybrid/offset_table
$08A492  in func $08A472  base $085098  kind=static_target
$08A53E  in func $08A53E  base $0852C8  kind=static_target
$08A5BE  in func $08A5BE  base $0848B2  kind=static_target
$08A64A  in func $08A63A  base $084948  kind=static_target
$08A67A  in func $08A66C  base $085168  kind=static_target
$08A6A2  in func $08A6A2  base $085168  kind=static_target
$08A6EA  in func $08A6EA  base $085168  kind=static_target
$08A702  in func $08A6EE  base $085168  kind=static_target
$08A72C  in func $08A72C  base $084088  kind=static_target
$08A740  in func $08A740  base $084088  kind=static_target
$08A76A  in func $08A754  base $01ABC6  kind=static_target
$08A780  in func $08A770  base $084060  kind=static_target
$08A8AC  in func $08A898  base $01ABC6  kind=static_target
$08A8FE  in func $08A8E2  base $01ABB6  kind=static_target
$08A93A  in func $08A92A  base $0852F8  kind=static_target
$08AB92  in func $08AB92  base $0842D0  kind=static_target
$08ABAA  in func $08ABAA  base $0850E2  kind=static_target
$08ACA2  in func $08AC98  base $01DC72  kind=static_target
$08AD04  in func $08ACF6  base $01ABC6  kind=static_target
$08AD64  in func $08AD64  base $085188  kind=static_target
$08ADA6  in func $08ADA6  base $085188  kind=static_target
$08ADC0  in func $08ADAA  base $085188  kind=static_target
$08ADEE  in func $08ADE4  base $085188  kind=static_target
$08AE30  in func $08AE30  base $085188  kind=static_target
$08AE68  in func $08AE68  base $085188  kind=static_target
$08AE86  in func $08AE7E  base $085188  kind=static_target
$08AEBA  in func $08AEBA  base $085188  kind=static_target
$08AEC4  in func $08AEBE  base $085188  kind=static_target
$08AEC8  in func $08AEC8  base $085188  kind=static_target
$08AEDE  in func $08AEDA  base $0849B4  kind=static_target
$08AEF8  in func $08AEF4  base $0849B4  kind=static_target
$08AF0E  in func $08AF0A  base $0849B4  kind=static_target
$08AF62  in func $08AF5A  base $0849B4  kind=static_target
$08AFC6  in func $08AFC6  base $0856F8  kind=static_target
$08B08C  in func $08B07C  base $01DC72  kind=static_target
$08B0A2  in func $08B092  base $01DC72  kind=static_target
$08B15C  in func $08B13C  base $0852D6  kind=static_target
$08B1F8  in func $08B1F8  base $085168  kind=static_target
$08B210  in func $08B208  base $085168  kind=static_target
$08B24C  in func $08B24C  base $085168  kind=static_target
$08B254  in func $08B250  base $085168  kind=static_target
$08B28E  in func $08B27E  base $0852F8  kind=static_target
$08B29C  in func $08B292  base $01DC72  kind=static_target
$08B2F0  in func $08B2F0  base $084088  kind=static_target
$08B312  in func $08B302  base $085168  kind=static_target
$08B334  in func $08B334  base $085168  kind=static_target
$08B34C  in func $08B344  base $085168  kind=static_target
$08B372  in func $08B358  base $01ABB6  kind=static_target
$08B3A6  in func $08B398  base $01B5A4  kind=static_target
$08B3CC  in func $08B3AC  base $01B5A4  kind=static_target
$08B490  in func $08B480  base $0852F8  kind=static_target
$08B510  in func $08B510  base $084060  kind=static_target
$08B51C  in func $08B514  base $085168  kind=static_target
$08B54E  in func $08B53A  base $01ABC6  kind=static_target
$08B592  in func $08B57C  base $084060  kind=static_target
$08B5B4  in func $08B5B4  base $085168  kind=static_target
$08B610  in func $08B604  base $085098  kind=static_target
$08B630  in func $08B630  base $0852C8  kind=static_target
$08B64A  in func $08B63E  base $085168  kind=static_target
$08B67A  in func $08B67A  base $0852C8  kind=static_target
$08B6D0  in func $08B6D0  base $01ABB6  kind=static_target
$08B754  in func $08B748  base $01ABC6  kind=static_target
$08B778  in func $08B762  base $01ABC6  kind=static_target
$08B78A  in func $08B78A  base $01ABB6  kind=static_target
$08B7B2  in func $08B7AE  base $01ABC6  kind=static_target
$08B7C4  in func $08B7C0  base $0850FC  kind=static_target
$08B8DA  in func $08B8C2  base $084088  kind=static_target
$08B8E6  in func $08B8DE  base $085168  kind=static_target
$08B91E  in func $08B91A  base $084948  kind=static_target
$08BB22  in func $08BB0C  base $085230  kind=static_target
$08BBB4  in func $08BBA0  base $0848DE  kind=static_target
$08BC2C  in func $08BC2C  base $08565E  kind=static_target
$08BC4A  in func $08BC46  base $0848C0  kind=static_target
$08BCB8  in func $08BC94  base $0848B2  kind=static_target
$08BD00  in func $08BCE2  base $084428  kind=static_target
$08BD3E  in func $08BD1C  base $01AB52  kind=static_target
$08BD64  in func $08BD64  base $0848B2  kind=static_target
$08BDAA  in func $08BDA2  base $01ABC6  kind=static_target
$08BDBE  in func $08BDB0  base $00F93C  kind=static_target
$08BE00  in func $08BDEA  base $084088  kind=static_target
$08BE90  in func $08BE78  base $08413C  kind=static_target
$08BEBA  in func $08BEBA  base $085168  kind=static_target
$08BECA  in func $08BEBE  base $085168  kind=static_target
$08BED4  in func $08BECE  base $085168  kind=static_target
$08BF70  in func $08BF66  base $08495C  kind=static_target
$08BF88  in func $08BF74  base $0851A8  kind=static_target
$08BFA4  in func $08BF9C  base $0851A8  kind=static_target
$08BFEA  in func $08BFDC  base $085168  kind=static_target
$08C016  in func $08BFFC  base $084088  kind=static_target
$08C032  in func $08C032  base $0848B2  kind=static_target
$08C054  in func $08C04E  base $084428  kind=static_target
$08C102  in func $08C0FC  base $0848B2  kind=static_target
$08C11C  in func $08C11C  base $0848B2  kind=static_target
$08C158  in func $08C146  base $084948  kind=static_target
$08C166  in func $08C162  base $084068  kind=static_target
$08C1B6  in func $08C1A4  base $08495C  kind=static_target
$08C1C6  in func $08C1C2  base $084068  kind=static_target
$08C31E  in func $08C310  base $085168  kind=static_target
$08C34C  in func $08C326  base $084088  kind=static_target
$08C35E  in func $08C352  base $084088  kind=static_target
$08C370  in func $08C364  base $084088  kind=static_target
$08C394  in func $08C394  base $084428  kind=static_target
$08C3B0  in func $08C398  base $08495C  kind=static_target
$08C3E8  in func $08C3E4  base $08C3EC  kind=fallback_hybrid/offset_table
$08C44C  in func $08C446  base $084CD4  kind=static_target
$08C454  in func $08C450  base $08C458  kind=fallback_hybrid/offset_table
$08C47A  in func $08C45E  base $0848C0  kind=static_target
$08C4B2  in func $08C4AC  base $0848B2  kind=static_target
$08C4BA  in func $08C4B6  base $08C4BE  kind=fallback_hybrid/offset_table
$08C4C4  in func $08C4C4  base $0848B2  kind=static_target
$08C4E6  in func $08C4E2  base $08C4EA  kind=fallback_hybrid/offset_table
$08C526  in func $08C520  base $0848B2  kind=static_target
$08C546  in func $08C52A  base $084948  kind=static_target
$08C56C  in func $08C54A  base $084948  kind=static_target
$08C5CE  in func $08C5BC  base $08413C  kind=static_target
$08C5E2  in func $08C5E2  base $08413C  kind=static_target
$08C5EC  in func $08C5E8  base $08413C  kind=static_target
$08C66E  in func $08C660  base $085168  kind=static_target
$08C684  in func $08C676  base $084088  kind=static_target
$08C6B4  in func $08C6A8  base $01AB52  kind=static_target
$08C6D4  in func $08C6BA  base $08495C  kind=static_target
$08C6F8  in func $08C6F2  base $08495C  kind=static_target
$08C764  in func $08C756  base $085168  kind=static_target
$08C7D2  in func $08C7C4  base $0848B2  kind=static_target
$08C814  in func $08C806  base $084948  kind=static_target
$08C824  in func $08C820  base $084068  kind=static_target
$08C8D0  in func $08C8D0  base $0848B2  kind=static_target
$08C918  in func $08C90E  base $08495C  kind=static_target
$08C9AA  in func $08C994  base $085230  kind=static_target
$08CA0E  in func $08CA0A  base $084428  kind=static_target
$08CA44  in func $08CA3E  base $084428  kind=static_target
$08CA9C  in func $08CA9C  base $084428  kind=static_target
$08CACE  in func $08CABE  base $084428  kind=static_target
$08CB2A  in func $08CB02  base $0848B2  kind=static_target
$08CBA2  in func $08CB7E  base $08493C  kind=static_target
$08CBB8  in func $08CBB8  base $01ABB6  kind=static_target
$08CC14  in func $08CBC6  base $08413C  kind=static_target
$08CC42  in func $08CC3C  base $01AB52  kind=static_target
$08CC5E  in func $08CC56  base $01AB52  kind=static_target
$08CC7C  in func $08CC64  base $06860A  kind=static_target
$08CCD6  in func $08CCB4  base $084248  kind=static_target
$08CCFC  in func $08CCEA  base $01AB52  kind=static_target
$08CD18  in func $08CD10  base $01AB52  kind=static_target
$08CD52  in func $08CD1E  base $084088  kind=static_target
$08CD80  in func $08CD74  base $085188  kind=static_target
$08CD8E  in func $08CD84  base $08413C  kind=static_target
$08CDBA  in func $08CDBA  base $0843B0  kind=static_target
$08CDDC  in func $08CDC4  base $0852D6  kind=static_target
$08CE58  in func $08CE58  base $0850B0  kind=static_target
$08CE76  in func $08CE5C  base $01ABC6  kind=static_target
$08CE7C  in func $08CE7C  base $0852C8  kind=static_target
$08CEA6  in func $08CE9A  base $0843B0  kind=static_target
$08CED0  in func $08CED0  base $084428  kind=static_target
$08CF32  in func $08CF32  base $084428  kind=static_target
$08CF58  in func $08CF46  base $01ABC6  kind=static_target
$08CF84  in func $08CF84  base $01ABB6  kind=static_target
$08D03A  in func $08D026  base $084248  kind=static_target
$08D078  in func $08D06E  base $08413C  kind=static_target
$08D0D2  in func $08D0D2  base $0852D6  kind=static_target
$08D102  in func $08D0D6  base $084088  kind=static_target
$08D138  in func $08D112  base $00172C  kind=static_target
$08D366  in func $08D366  base $085168  kind=static_target
$08D38C  in func $08D36C  base $06860A  kind=static_target
$08D3AC  in func $08D398  base $085168  kind=static_target
$08D414  in func $08D410  base $085168  kind=static_target
$08D472  in func $08D46E  base $085168  kind=static_target
$08D4EE  in func $08D4EA  base $01ABC6  kind=static_target
$08D506  in func $08D4F4  base $085188  kind=static_target
$08D528  in func $08D50C  base $0852D6  kind=static_target
$08D560  in func $08D560  base $01ABB6  kind=static_target
$08D57E  in func $08D566  base $085FC8  kind=static_target
$08D5C0  in func $08D5AE  base $085098  kind=static_target
$08D5D2  in func $08D5CE  base $084060  kind=static_target
$08D5F6  in func $08D5E6  base $084088  kind=static_target
$08D61C  in func $08D61C  base $0848B2  kind=static_target
$08D638  in func $08D62A  base $08495C  kind=static_target
$08D6A2  in func $08D6A2  base $084428  kind=static_target
$08D6D0  in func $08D6D0  base $084088  kind=static_target
$08D6F8  in func $08D6F2  base $0848B2  kind=static_target
$08D708  in func $08D6FE  base $0852C8  kind=static_target
$08D746  in func $08D70E  base $01ABC6  kind=static_target
$08D75E  in func $08D75E  base $0852C8  kind=static_target
$08D79A  in func $08D790  base $084428  kind=static_target
$08D7B6  in func $08D7B6  base $084428  kind=static_target
$08D7CA  in func $08D7C4  base $084428  kind=static_target
$08D842  in func $08D842  base $084428  kind=static_target
$08D8A8  in func $08D89E  base $01DC72  kind=static_target
$08DB36  in func $08DB24  base $085168  kind=static_target
$08DB60  in func $08DB46  base $084088  kind=static_target
$08DBB6  in func $08DB9E  base $08543E  kind=static_target
$08DBF6  in func $08DBEE  base $0848C0  kind=static_target
$08DC64  in func $08DC4C  base $084948  kind=static_target
$08DC90  in func $08DC8A  base $0850FC  kind=static_target
$08DCBE  in func $08DCA8  base $0857DC  kind=static_target
$08DCEC  in func $08DCEC  base $08575A  kind=static_target
$08DD6E  in func $08DD60  base $085168  kind=static_target
$08DE1A  in func $08DE0E  base $0848B2  kind=static_target
$08DE5C  in func $08DE4E  base $08495C  kind=static_target
$08DF74  in func $08DF64  base $084948  kind=static_target
$08DF8A  in func $08DF7A  base $084948  kind=static_target
$08E0E4  in func $08E0CC  base $085230  kind=static_target
$08E12C  in func $08E118  base $084428  kind=static_target
$08E1C4  in func $08E1AC  base $085230  kind=static_target
$08E1E0  in func $08E1D2  base $084350  kind=static_target
$08E22E  in func $08E22A  base $0845C8  kind=static_target
$08E272  in func $08E25E  base $01ABC6  kind=static_target
$08E2DA  in func $08E2CE  base $01ABC6  kind=static_target
$08E2E0  in func $08E2E0  base $01ABB6  kind=static_target
$08E2F6  in func $08E2F6  base $084948  kind=static_target
$08E30C  in func $08E2FC  base $084248  kind=static_target
$08E386  in func $08E384  base $01ABB6  kind=static_target
$08E68C  in func $08E67E  base $085168  kind=static_target
$08E6DA  in func $08E6BE  base $08418E  kind=static_target
$08E728  in func $08E70E  base $0848B2  kind=static_target
$08E794  in func $08E794  base $01ABC6  kind=static_target
$08E79A  in func $08E79A  base $0852C8  kind=static_target
$08E81A  in func $08E7FC  base $084C9A  kind=static_target
$08E884  in func $08E87E  base $084C9A  kind=static_target
$08E8A2  in func $08E89E  base $000000  kind=dynamic_register
$08E8E0  in func $08E8DA  base $084C9A  kind=static_target
$08E8EC  in func $08E8EC  base $0848B2  kind=static_target
$08E974  in func $08E96E  base $084C9A  kind=static_target
$08E9F6  in func $08E9EC  base $08E9FA  kind=fallback_hybrid/offset_table
$08EAA2  in func $08EA94  base $085168  kind=static_target
$08EAEE  in func $08EAD2  base $08413C  kind=static_target
$08EAF4  in func $08EAF4  base $0848B2  kind=static_target
$08EB50  in func $08EB32  base $084088  kind=static_target
$08EBA0  in func $08EB56  base $084088  kind=static_target
$08EBC6  in func $08EBB6  base $084A2C  kind=static_target
$08EC44  in func $08EC44  base $0848B2  kind=static_target
$08EC80  in func $08EC6E  base $01ABC6  kind=static_target
$08ECAA  in func $08EC9C  base $01ABC6  kind=static_target
$08ECD8  in func $08ECD8  base $0848B2  kind=static_target
$08ED0E  in func $08ED02  base $0848B2  kind=static_target
$08ED40  in func $08ED36  base $0848B2  kind=static_target
$08ED66  in func $08ED66  base $0845C4  kind=static_target
$08EDDC  in func $08EDCE  base $085168  kind=static_target
$08EE3E  in func $08EE36  base $084088  kind=static_target
$08EF90  in func $08EF64  base $01ABC6  kind=static_target
$08EF9C  in func $08EF96  base $0852C8  kind=static_target
$08EFB6  in func $08EFAC  base $0843D6  kind=static_target
$08EFE6  in func $08EFBC  base $084248  kind=static_target
$08F030  in func $08F02C  base $0843D6  kind=static_target
$08F064  in func $08F05E  base $084948  kind=static_target
$08F070  in func $08F06A  base $084948  kind=static_target
$08F134  in func $08F0F2  base $084248  kind=static_target
$08F18C  in func $08F146  base $01ABC6  kind=static_target
$08F196  in func $08F146  base $085200  kind=static_target
$08F1BC  in func $08F146  base $01ABC6  kind=static_target
$08F39C  in func $08F396  base $01AB52  kind=static_target
$08F3B2  in func $08F3A2  base $01ABC6  kind=static_target
$08F3E0  in func $08F3B8  base $01ABB6  kind=static_target
$08F40A  in func $08F406  base $00172C  kind=static_target
$08F418  in func $08F418  base $02F798  kind=static_target
$08F4A4  in func $08F486  base $0851DC  kind=static_target
$08F4AA  in func $08F486  base $085098  kind=static_target
$08F4D8  in func $08F4B6  base $084FCC  kind=static_target
$08F4E2  in func $08F4B6  base $084060  kind=static_target
$08F512  in func $08F50A  base $01AB52  kind=static_target
$08F55A  in func $08F53C  base $084088  kind=static_target
$08F78C  in func $08F77E  base $085098  kind=static_target
$08F79C  in func $08F798  base $084060  kind=static_target
$08F7FC  in func $08F7CC  base $01ABC6  kind=static_target
$08F802  in func $08F802  base $085200  kind=static_target
$08F834  in func $08F81C  base $08543E  kind=static_target
$08F840  in func $08F83A  base $0848B2  kind=static_target
$08F898  in func $08F88A  base $0845C4  kind=static_target
$08F8E8  in func $08F8C2  base $01AB52  kind=static_target
$08F900  in func $08F8EE  base $01AB52  kind=static_target
$08F928  in func $08F918  base $084A2C  kind=static_target
$08F970  in func $08F970  base $0848B2  kind=static_target
$08F998  in func $08F984  base $08495C  kind=static_target
$08F9C6  in func $08F9C6  base $084428  kind=static_target
$08F9F0  in func $08F9F0  base $0848B2  kind=static_target
$08FB4C  in func $08FB14  base $01ABC6  kind=static_target
$08FB58  in func $08FB52  base $0850B0  kind=static_target
$08FB5E  in func $08FB5E  base $085976  kind=static_target
$08FB6E  in func $08FB6A  base $084060  kind=static_target
$08FB98  in func $08FB98  base $0845C4  kind=static_target
$08FBB2  in func $08FB9E  base $0840D8  kind=static_target
$08FBDA  in func $08FBB8  base $0851A8  kind=static_target
$08FBE6  in func $08FBE0  base $084428  kind=static_target
$08FDC2  in func $08FDBE  base $085168  kind=static_target
$08FDD2  in func $08FDC8  base $085168  kind=static_target
$08FDF0  in func $08FDE2  base $084986  kind=static_target
$08FE28  in func $08FE00  base $084088  kind=static_target
$08FE32  in func $08FE2E  base $0848B2  kind=static_target
$08FE58  in func $08FE4E  base $0848C0  kind=static_target
$08FEB0  in func $08FEB0  base $0852C8  kind=static_target
$08FEEA  in func $08FEB6  base $084976  kind=static_target
$08FEF6  in func $08FEF0  base $084976  kind=static_target
$08FF34  in func $08FF2E  base $084948  kind=static_target
$08FF64  in func $08FF4A  base $0850FC  kind=static_target
$08FF7C  in func $08FF6A  base $0850FC  kind=static_target
$08FF94  in func $08FF82  base $084B84  kind=static_target
$0901DA  in func $0901B0  base $084088  kind=static_target
$09020C  in func $0901F8  base $08493C  kind=static_target
$09030E  in func $0902E6  base $084280  kind=static_target
$090374  in func $09036E  base $0848B2  kind=static_target
$0903BC  in func $090390  base $0852C8  kind=static_target
$0903E4  in func $0903E2  base $084A2C  kind=static_target
$090448  in func $090448  base $0843B0  kind=static_target
$0904B2  in func $0904B2  base $0843B0  kind=static_target
$0904CE  in func $0904B8  base $0843B0  kind=static_target
$0904DC  in func $0904DC  base $0843B0  kind=static_target
$090590  in func $090590  base $01ABB6  kind=static_target
$0905CA  in func $0905BA  base $01ABB6  kind=static_target
$090618  in func $090610  base $085AC8  kind=static_target
$09073C  in func $090728  base $085168  kind=static_target
$090756  in func $090756  base $085168  kind=static_target
$09078A  in func $09076C  base $084948  kind=static_target
$0907BE  in func $09079C  base $0907C2  kind=fallback_hybrid/offset_table
$0907CA  in func $0907CA  base $01ABB6  kind=static_target
$090800  in func $090800  base $01ABC6  kind=static_target
$09081C  in func $090806  base $01ABC6  kind=static_target
$090948  in func $090948  base $01ABC6  kind=static_target
$090986  in func $090986  base $01ABC6  kind=static_target
$090A32  in func $090A1C  base $01ABB6  kind=static_target
$090B2E  in func $090B1A  base $084248  kind=static_target
$090C1A  in func $090C16  base $000000  kind=dynamic_register
$090D52  in func $090D48  base $01ABC6  kind=static_target
$090D9A  in func $090D9A  base $0852C8  kind=static_target
$090E70  in func $090E66  base $01ABC6  kind=static_target
$090EBC  in func $090EBC  base $01ABB6  kind=static_target
$090EF2  in func $090EE6  base $085FEC  kind=static_target
$090F28  in func $090F24  base $00C4D2  kind=static_target
$090F86  in func $090F7C  base $01ABB6  kind=static_target
$09154C  in func $091546  base $000000  kind=dynamic_register
$091592  in func $091586  base $01ABC6  kind=static_target
$0915BC  in func $091598  base $01ABB6  kind=static_target
$091600  in func $091600  base $085168  kind=static_target
$091618  in func $091618  base $085168  kind=static_target
$091670  in func $091670  base $085168  kind=static_target
$0916A0  in func $0916A0  base $085168  kind=static_target
$0916CA  in func $0916CA  base $085168  kind=static_target
$091710  in func $09170C  base $084948  kind=static_target
$09175C  in func $09175C  base $084948  kind=static_target
$091778  in func $091778  base $084948  kind=static_target
$0917D6  in func $0917D6  base $08495C  kind=static_target
$0917E2  in func $0917DC  base $085168  kind=static_target
$091880  in func $091844  base $01ABC6  kind=static_target
$091892  in func $091886  base $091896  kind=fallback_hybrid/offset_table
$091952  in func $09193C  base $0850B0  kind=static_target
$091A28  in func $091A1A  base $085168  kind=static_target
$091ABC  in func $091AB0  base $0848B2  kind=static_target
$091B0E  in func $091AFA  base $084088  kind=static_target
$091B36  in func $091B30  base $084976  kind=static_target
$091B60  in func $091B4E  base $084976  kind=static_target
$091B78  in func $091B66  base $084976  kind=static_target
$091BAC  in func $091B98  base $084976  kind=static_target
$091BCA  in func $091BB2  base $084976  kind=static_target
$091BDE  in func $091BD0  base $08495C  kind=static_target
$091C1C  in func $091C16  base $084E62  kind=static_target
$091C78  in func $091C6A  base $085168  kind=static_target
$091CBC  in func $091CA8  base $084088  kind=static_target
$091CC8  in func $091CC2  base $0848B2  kind=static_target
$091D18  in func $091D10  base $01AB52  kind=static_target
$091D34  in func $091D34  base $084728  kind=static_target
$091D88  in func $091D7A  base $08495C  kind=static_target
$091E44  in func $091E44  base $0848B2  kind=static_target
$091EA0  in func $091E9A  base $084986  kind=static_target
$092A40  in func $092A36  base $092A44  kind=fallback_hybrid/offset_table
$092AF6  in func $092AE6  base $01ABC6  kind=static_target
$1FBFA0  in func $1FB6CE  base $000000  kind=dynamic_register
$200BE2  in func $200AB4  base $001E7A  kind=static_target
$200BEA  in func $200AB4  base $001E7A  kind=static_target
$200D1E  in func $200C0E  base $001E7A  kind=static_target
$200EA8  in func $200EA0  base $001E7A  kind=static_target
$200EC6  in func $200EC6  base $001E7A  kind=static_target
$200ED8  in func $200ECC  base $001E7A  kind=static_target
$200F9E  in func $200F9E  base $FFFFF608  kind=static_target
$2018CE  in func $2018C6  base $000000  kind=dynamic_register
$201B84  in func $201B78  base $201BD4  kind=fallback_hybrid/function_entry
$201E5A  in func $201DF4  base $001D74  kind=static_target
$2023DE  in func $2023CA  base $2023E4  kind=fallback_hybrid/offset_table
$203338  in func $203338  base $0023CA  kind=static_target
$203FCE  in func $203FC2  base $019240  kind=static_target
$20402C  in func $20402C  base $019240  kind=static_target
$2040B2  in func $2040B2  base $019240  kind=static_target
$20413A  in func $20413A  base $019240  kind=static_target
$20417E  in func $204172  base $019240  kind=static_target
$2041E2  in func $2041D6  base $019240  kind=static_target
$204278  in func $20426C  base $019240  kind=static_target
$205316  in func $205310  base $019230  kind=static_target
$207DA2  in func $207DA2  base $019240  kind=static_target
$207E16  in func $207E0C  base $019240  kind=static_target
$207E58  in func $207E50  base $019240  kind=static_target
$207E90  in func $207E88  base $019240  kind=static_target
$207EA0  in func $207E96  base $019240  kind=static_target
$207ECA  in func $207EC2  base $019240  kind=static_target
$2083DE  in func $2083DE  base $019240  kind=static_target
$2086F8  in func $2086D4  base $0015E2  kind=static_target
$208AB0  in func $208A32  base $001D5C  kind=static_target
$2096F4  in func $2096B8  base $2096F8  kind=fallback_hybrid/function_entry
$209770  in func $209768  base $00160A  kind=static_target
$2097CA  in func $2097CA  base $019240  kind=static_target
$209810  in func $209804  base $019240  kind=static_target
$209DBA  in func $209D8E  base $019240  kind=static_target
$209E8E  in func $209E6C  base $20B534  kind=static_target
$209E98  in func $209E94  base $20B534  kind=static_target
$209F20  in func $209F0A  base $001770  kind=static_target
$20A398  in func $20A38C  base $019240  kind=static_target
$20A4DE  in func $20A4CE  base $019240  kind=static_target
$20A536  in func $20A504  base $019240  kind=static_target
$20A556  in func $20A53C  base $019240  kind=static_target
$20AC06  in func $20AC02  base $20A38C  kind=static_target
$20B264  in func $20B264  base $019240  kind=static_target
$20B854  in func $20B83C  base $20B7BE  kind=static_target
$20BADA  in func $20BAD0  base $00160A  kind=static_target
$20C1B6  in func $20C1AA  base $019240  kind=static_target
$20C21E  in func $20C1BE  base $019240  kind=static_target
$20C404  in func $20C3F4  base $019240  kind=static_target
$20C470  in func $20C40A  base $019240  kind=static_target
$20C4C6  in func $20C4C6  base $019240  kind=static_target
$20C566  in func $20C55E  base $019240  kind=static_target
$20C572  in func $20C56C  base $20C576  kind=fallback_hybrid/function_entry
$20C636  in func $20C624  base $019240  kind=static_target
$20C6A6  in func $20C6A6  base $019240  kind=static_target
$20C6E8  in func $20C6E8  base $019240  kind=static_target
$20E928  in func $20E90E  base $0195EA  kind=static_target
$20EA7A  in func $20EA46  base $0015E2  kind=static_target
$20F5FC  in func $20F5F2  base $20F600  kind=fallback_hybrid/offset_table
$20F790  in func $20F78C  base $018D72  kind=static_target
$20F8C8  in func $20F8BE  base $20F8CC  kind=fallback_hybrid/offset_table
$20FA6C  in func $20FA66  base $20FA7C  kind=fallback_hybrid/offset_table
$20FD16  in func $20FCFC  base $00160A  kind=static_target
$211704  in func $2116FE  base $05B548  kind=static_target
$211730  in func $211726  base $211734  kind=fallback_hybrid/offset_table
$211BF6  in func $211BF2  base $019240  kind=static_target
$211BFC  in func $211BFC  base $05B548  kind=static_target
$211C0C  in func $211C02  base $211C10  kind=fallback_hybrid/offset_table
$211E44  in func $211E3C  base $00164C  kind=static_target
$211FA6  in func $211F88  base $00160A  kind=static_target
$21202C  in func $212028  base $00160A  kind=static_target
$21278C  in func $21278C  base $011562  kind=static_target
$21298E  in func $212972  base $00160A  kind=static_target
$2129B6  in func $212994  base $00160A  kind=static_target
$2129E6  in func $2129BC  base $00160A  kind=static_target
$212A1A  in func $212A02  base $00160A  kind=static_target
$212A80  in func $212A22  base $0015E2  kind=static_target
$21313C  in func $2130D2  base $00160A  kind=static_target
$213196  in func $213186  base $019240  kind=static_target
$2131F8  in func $2131F8  base $011562  kind=static_target
$21322A  in func $213218  base $019240  kind=static_target
$2132EA  in func $2132D0  base $0019D0  kind=static_target
$2133FE  in func $2133FA  base $019240  kind=static_target
$213432  in func $21341E  base $019240  kind=static_target
$213E80  in func $213E7A  base $05B548  kind=static_target
$213EAC  in func $213EA2  base $213EB0  kind=fallback_hybrid/offset_table
$2143F8  in func $2143F4  base $019240  kind=static_target
$2143FE  in func $2143FE  base $05B548  kind=static_target
$21440E  in func $214404  base $214412  kind=fallback_hybrid/offset_table
$2146B2  in func $214676  base $00164C  kind=static_target
$2146FA  in func $2146EE  base $2146FE  kind=fallback_hybrid/offset_table
$2152F0  in func $2152D8  base $00160A  kind=static_target
$215366  in func $215362  base $00160A  kind=static_target
$215AF4  in func $215AF4  base $011562  kind=static_target
$21625C  in func $21624C  base $019240  kind=static_target
$2162BE  in func $2162BE  base $011562  kind=static_target
$2162EE  in func $2162DC  base $019240  kind=static_target
$21631E  in func $21631A  base $019240  kind=static_target
$216350  in func $21633C  base $019240  kind=static_target
$216C16  in func $216C08  base $019240  kind=static_target
$216D52  in func $216D44  base $019240  kind=static_target
$216F06  in func $216EFC  base $216F0A  kind=fallback_hybrid/offset_table
$216FE0  in func $216FB0  base $019240  kind=static_target
$216FE6  in func $216FE6  base $019230  kind=static_target
$216FFE  in func $216FEC  base $019240  kind=static_target
$217004  in func $217004  base $019230  kind=static_target
$21703E  in func $217028  base $019240  kind=static_target
$217044  in func $217044  base $019230  kind=static_target
$217064  in func $21704A  base $019240  kind=static_target
$2174F0  in func $2174E6  base $2174F4  kind=fallback_hybrid/offset_table
$217560  in func $217554  base $019240  kind=static_target
$217568  in func $217568  base $019230  kind=static_target
$2178C8  in func $2178BE  base $2178CC  kind=fallback_hybrid/offset_table
$21793A  in func $21792A  base $21793E  kind=fallback_hybrid/offset_table
$21799A  in func $217984  base $019240  kind=static_target
$217A0E  in func $2179FE  base $019240  kind=static_target
$217CDC  in func $217CD2  base $217CE0  kind=fallback_hybrid/offset_table
$217D2E  in func $217D1E  base $217D32  kind=fallback_hybrid/offset_table
$217D9E  in func $217D92  base $019240  kind=static_target
$217F46  in func $217F46  base $019240  kind=static_target
$217F7C  in func $217F7C  base $019230  kind=static_target
$218012  in func $21800C  base $019230  kind=static_target
$218152  in func $2180F0  base $019240  kind=static_target
$218230  in func $2181B6  base $019240  kind=static_target
$218358  in func $218334  base $019240  kind=static_target
$21842C  in func $21840E  base $019240  kind=static_target
$218432  in func $218432  base $019230  kind=static_target
$218512  in func $2184BC  base $019240  kind=static_target
$218D00  in func $218CF6  base $218D04  kind=fallback_hybrid/offset_table
$218DBE  in func $218DB4  base $0015E2  kind=static_target
$218DC4  in func $218DC4  base $00160A  kind=static_target
$218E1A  in func $218E14  base $0015E2  kind=static_target
$218E20  in func $218E20  base $00160A  kind=static_target
$218E30  in func $218E26  base $218E34  kind=fallback_hybrid/offset_table
$2190D0  in func $2190CC  base $019216  kind=static_target
$219D14  in func $219D0E  base $219D18  kind=fallback_hybrid/function_entry
$21A778  in func $21A778  base $03925A  kind=static_target
$21A92E  in func $21A924  base $21A932  kind=fallback_hybrid/offset_table
$21AAC2  in func $21AAB8  base $21AAC6  kind=fallback_hybrid/offset_table
$21AC60  in func $21AC56  base $21AC64  kind=fallback_hybrid/offset_table
$21ACD8  in func $21ACCE  base $21ACDC  kind=fallback_hybrid/offset_table
$21ACFE  in func $21ACF4  base $21AD02  kind=fallback_hybrid/offset_table
$21ADAE  in func $21ADA4  base $21ADB2  kind=fallback_hybrid/offset_table
$21ADF0  in func $21ADE6  base $21ADF4  kind=fallback_hybrid/offset_table
$21AE22  in func $21AE18  base $21AE26  kind=fallback_hybrid/offset_table
$21B0DE  in func $21B0D6  base $019C06  kind=static_target
$21B106  in func $21B0E4  base $019240  kind=static_target
$21B248  in func $21B240  base $019C06  kind=static_target
$21B270  in func $21B24E  base $019240  kind=static_target
$21B444  in func $21B43A  base $21B448  kind=fallback_hybrid/offset_table
$21B628  in func $21B61E  base $21B62C  kind=fallback_hybrid/offset_table
$21B6B4  in func $21B6A8  base $21B6B8  kind=fallback_hybrid/offset_table
$21B6E0  in func $21B6D2  base $0015E2  kind=static_target
$21B732  in func $21B730  base $0015E2  kind=static_target
$21B788  in func $21B786  base $00164C  kind=static_target
$21B8F8  in func $21B894  base $0015E2  kind=static_target
$21C23A  in func $21C230  base $21C23E  kind=fallback_hybrid/offset_table
$21C2D6  in func $21C2D6  base $019240  kind=static_target
$21C334  in func $21C334  base $019240  kind=static_target
$21C3A0  in func $21C3A0  base $019240  kind=static_target
$21C3FE  in func $21C3FE  base $019C06  kind=static_target
$21C440  in func $21C440  base $019C06  kind=static_target
$21C5E0  in func $21C5D8  base $019C06  kind=static_target
$21C716  in func $21C70E  base $019C06  kind=static_target
$21C7A0  in func $21C7A0  base $019230  kind=static_target
$21C886  in func $21C850  base $019240  kind=static_target
$21CB42  in func $21CB3A  base $019240  kind=static_target
$21CDE0  in func $21CDDE  base $00160A  kind=static_target
$21D170  in func $21D156  base $019240  kind=static_target
$21D1D4  in func $21D1BA  base $019240  kind=static_target
$21D238  in func $21D21E  base $019240  kind=static_target
$21D2FE  in func $21D2E4  base $019240  kind=static_target
$21D362  in func $21D348  base $019240  kind=static_target
$21D3C6  in func $21D3AC  base $019240  kind=static_target
$21D44C  in func $21D44C  base $019C52  kind=static_target
$21D62E  in func $21D5D6  base $013A82  kind=static_target
$21D792  in func $21D788  base $019C2E  kind=static_target
$21D798  in func $21D798  base $019240  kind=static_target
$21D884  in func $21D870  base $019240  kind=static_target
$21D88A  in func $21D88A  base $019230  kind=static_target
$21D8B6  in func $21D8A2  base $019240  kind=static_target
$21D8F6  in func $21D8F6  base $019240  kind=static_target
$21D936  in func $21D92C  base $019C2E  kind=static_target
$21D93C  in func $21D93C  base $019240  kind=static_target
$21DC00  in func $21DBFE  base $00160A  kind=static_target
$21E278  in func $21E264  base $019240  kind=static_target
$21E27E  in func $21E27E  base $019230  kind=static_target
$21E382  in func $21E370  base $019240  kind=static_target
$21E394  in func $21E388  base $019240  kind=static_target
$21E39A  in func $21E39A  base $019230  kind=static_target
$21E4B2  in func $21E49A  base $00160A  kind=static_target
$21F6F6  in func $21F6D8  base $019230  kind=static_target
$21F896  in func $21F860  base $019230  kind=static_target
$21F8A4  in func $21F8A4  base $019C06  kind=static_target
$21F99C  in func $21F98A  base $019240  kind=static_target
$21F9A2  in func $21F9A2  base $019230  kind=static_target
$21FA18  in func $21FA16  base $00160A  kind=static_target
$21FAD8  in func $21FAD8  base $019C06  kind=static_target
$21FB3E  in func $21FB08  base $019230  kind=static_target
$21FB4E  in func $21FB4E  base $019C06  kind=static_target
$2203A8  in func $220394  base $019240  kind=static_target
$2203D6  in func $2203D6  base $019230  kind=static_target
$22043E  in func $22041A  base $019240  kind=static_target
$22046A  in func $220444  base $019240  kind=static_target
$220496  in func $220470  base $019240  kind=static_target
$220516  in func $220516  base $019240  kind=static_target
$22085C  in func $220848  base $019240  kind=static_target
$22088A  in func $22088A  base $019230  kind=static_target
$2208BC  in func $220890  base $019240  kind=static_target
$22091E  in func $220904  base $019240  kind=static_target
$22094A  in func $220924  base $019240  kind=static_target
$2209CE  in func $2209CE  base $019240  kind=static_target
$220C1C  in func $220C1C  base $019C06  kind=static_target
$220CA2  in func $220C90  base $019C06  kind=static_target
$220D1A  in func $220CFE  base $019C06  kind=static_target
$220D4E  in func $220D4E  base $019C06  kind=static_target
$220D54  in func $220D54  base $019C06  kind=static_target
$221002  in func $221002  base $019C06  kind=static_target
$2210BA  in func $221088  base $019230  kind=static_target
$2210E8  in func $2210DC  base $019C06  kind=static_target
$22112C  in func $2210FC  base $019230  kind=static_target
$22115A  in func $22114E  base $019C06  kind=static_target
$221358  in func $221358  base $019C06  kind=static_target
$221434  in func $2213F4  base $221438  kind=fallback_hybrid/offset_table
$22160E  in func $221602  base $019C06  kind=static_target
$221660  in func $221654  base $019240  kind=static_target
$22170C  in func $22170A  base $00160A  kind=static_target
$22179A  in func $221786  base $019C2E  kind=static_target
$22181C  in func $221810  base $019240  kind=static_target
$221922  in func $22190E  base $00160A  kind=static_target
$221A2A  in func $221A1E  base $019C06  kind=static_target
$221A80  in func $221A74  base $019240  kind=static_target
$221B34  in func $221B1C  base $00160A  kind=static_target
$221B8A  in func $221B7A  base $019C2E  kind=static_target
$221C76  in func $221C74  base $00160A  kind=static_target
$221CC8  in func $221CB8  base $019C2E  kind=static_target
$221D8E  in func $221D8C  base $00160A  kind=static_target
$2220A0  in func $22208E  base $2220A4  kind=fallback_hybrid/offset_table
$2222CA  in func $2222BC  base $2222CE  kind=fallback_hybrid/offset_table
$2225CE  in func $2225B0  base $019240  kind=static_target
$222764  in func $222760  base $019C2E  kind=static_target
$2227C0  in func $2227BC  base $019C2E  kind=static_target
$222810  in func $22280C  base $019C2E  kind=static_target
$22285E  in func $22285E  base $019240  kind=static_target
$2228B6  in func $2228B6  base $019240  kind=static_target
$222902  in func $222902  base $019240  kind=static_target
$222948  in func $22293E  base $22294C  kind=fallback_hybrid/offset_table
$2229E6  in func $2229DC  base $2229EA  kind=fallback_hybrid/offset_table
$2237DA  in func $2237DA  base $019230  kind=static_target
$223CB8  in func $223CB8  base $019230  kind=static_target
$223E42  in func $223E2E  base $019240  kind=static_target
$223E64  in func $223E64  base $019230  kind=static_target
$2242EE  in func $2242D4  base $019240  kind=static_target
$22454E  in func $22453A  base $019240  kind=static_target
$224560  in func $224560  base $019230  kind=static_target
$22466A  in func $224636  base $019240  kind=static_target
$22467C  in func $22467C  base $019230  kind=static_target
$2247D4  in func $2247D4  base $019C06  kind=static_target
$224996  in func $224996  base $019CE0  kind=static_target
$224B1A  in func $224B1A  base $019C06  kind=static_target
$224D08  in func $224D04  base $019C2E  kind=static_target
$2251AA  in func $2251AA  base $019C06  kind=static_target
$225254  in func $225252  base $00160A  kind=static_target
$2252BA  in func $2252AA  base $019C06  kind=static_target
$225438  in func $22541A  base $019C06  kind=static_target
$225456  in func $225456  base $019CE0  kind=static_target
$22567C  in func $225668  base $019240  kind=static_target
$225696  in func $225682  base $019240  kind=static_target
$2256B6  in func $2256B6  base $019230  kind=static_target
$22576E  in func $22576E  base $019240  kind=static_target
$225BE4  in func $225BDC  base $225BE8  kind=fallback_hybrid/offset_table
$225F3A  in func $225F30  base $019C06  kind=static_target
$225F56  in func $225F42  base $019240  kind=static_target
$225F78  in func $225F68  base $019230  kind=static_target
$2260F0  in func $2260EA  base $031786  kind=static_target
$226102  in func $2260F8  base $019C06  kind=static_target
$22615A  in func $22613C  base $019C2E  kind=static_target
$2261B0  in func $2261B0  base $019C06  kind=static_target
$2262F2  in func $2262DE  base $019C06  kind=static_target
$226306  in func $2262F8  base $019C06  kind=static_target
$2264F4  in func $2264E0  base $01C152  kind=static_target
$226582  in func $226582  base $019C06  kind=static_target
$2266BE  in func $2266AA  base $019240  kind=static_target
$2266C4  in func $2266C4  base $019230  kind=static_target
$2266F8  in func $2266E4  base $019240  kind=static_target
$2267EA  in func $2267E8  base $00160A  kind=static_target
$2269F6  in func $2269EA  base $019C06  kind=static_target
$226AC8  in func $226AAE  base $226ACE  kind=fallback_hybrid/offset_table
$226BCE  in func $226BA0  base $0017B0  kind=static_target
$226CFC  in func $226CDA  base $0017B0  kind=static_target
$226D24  in func $226D02  base $0017B0  kind=static_target
$226D6C  in func $226D48  base $0017B0  kind=static_target
$226DA8  in func $226D82  base $0017B0  kind=static_target
$2273B6  in func $2273A8  base $0017B0  kind=static_target
$2273CA  in func $2273BC  base $0017B0  kind=static_target
$227A2E  in func $227A2E  base $019C06  kind=static_target
$227CD8  in func $227CBA  base $019C06  kind=static_target
$228228  in func $2281F6  base $019C06  kind=static_target
$22824C  in func $22824C  base $019C06  kind=static_target
$228334  in func $228334  base $019C52  kind=static_target
$2283AA  in func $2283AA  base $019C06  kind=static_target
$228490  in func $22848A  base $019C52  kind=static_target
$2284F8  in func $2284D0  base $019C52  kind=static_target
$228596  in func $228596  base $019C52  kind=static_target
$2285A4  in func $22859C  base $2285A8  kind=fallback_hybrid/offset_table
$22891A  in func $22891A  base $019C52  kind=static_target
$22897C  in func $22897C  base $019C06  kind=static_target
$2289AC  in func $2289AC  base $019C06  kind=static_target
$2289DC  in func $2289DC  base $019C06  kind=static_target
$228A46  in func $228A46  base $019C52  kind=static_target
$228A80  in func $228A80  base $019C06  kind=static_target
$228AC4  in func $228AC4  base $019C52  kind=static_target
$228B88  in func $228B88  base $019C52  kind=static_target
$228BD4  in func $228BD4  base $019CE0  kind=static_target
$228CF2  in func $228CD8  base $019C06  kind=static_target
$228D74  in func $228D4A  base $019C06  kind=static_target
$228DA4  in func $228DA4  base $019C06  kind=static_target
$228DBE  in func $228DB0  base $228DC2  kind=fallback_hybrid/offset_table
$229466  in func $229466  base $019C06  kind=static_target
$2294AA  in func $229494  base $019C06  kind=static_target
$229798  in func $229798  base $019C06  kind=static_target
$229868  in func $229854  base $019240  kind=static_target
$22986E  in func $22986E  base $019230  kind=static_target
$2298A6  in func $229874  base $019C06  kind=static_target
$2298E2  in func $2298E2  base $019C06  kind=static_target
$22996C  in func $22996C  base $019C06  kind=static_target
$22A0C2  in func $22A0A6  base $019C52  kind=static_target
$22A0C8  in func $22A0C8  base $019C06  kind=static_target
$22A324  in func $22A2D2  base $01C152  kind=static_target
$22A592  in func $22A57C  base $019C52  kind=static_target
$22A598  in func $22A598  base $019C06  kind=static_target
$22A5A8  in func $22A59E  base $019240  kind=static_target
$22A5BA  in func $22A5AE  base $019240  kind=static_target
$22A5C0  in func $22A5C0  base $019230  kind=static_target
$22A600  in func $22A5EA  base $019C52  kind=static_target
$22A618  in func $22A618  base $019240  kind=static_target
$22A648  in func $22A63C  base $019240  kind=static_target
$22A64E  in func $22A64E  base $019230  kind=static_target
$22A67A  in func $22A660  base $019C52  kind=static_target
$22A74E  in func $22A740  base $00160A  kind=static_target
$22AA30  in func $22AA12  base $019240  kind=static_target
$22AA5E  in func $22AA5E  base $019230  kind=static_target
$22AA64  in func $22AA64  base $019240  kind=static_target
$22AB18  in func $22AB0E  base $019240  kind=static_target
$22AB2A  in func $22AB1E  base $019240  kind=static_target
$22AB30  in func $22AB30  base $019230  kind=static_target
$22AB76  in func $22AB76  base $019230  kind=static_target
$22AC26  in func $22AC18  base $00160A  kind=static_target
$22AC80  in func $22AC7A  base $019230  kind=static_target
$22AD7E  in func $22AD7E  base $019C52  kind=static_target
$22ADE8  in func $22ADBC  base $019240  kind=static_target
$22AE0A  in func $22AE0A  base $019230  kind=static_target
$22AE36  in func $22AE36  base $019240  kind=static_target
$22B0AC  in func $22B07A  base $019240  kind=static_target
$22B0CC  in func $22B0CC  base $019230  kind=static_target
$22B0F4  in func $22B0D2  base $0115FE  kind=static_target
$22B330  in func $22B330  base $019C06  kind=static_target
$22B6CC  in func $22B6C0  base $019C06  kind=static_target
$22B7C4  in func $22B7C4  base $019C06  kind=static_target
$22B7FA  in func $22B7CA  base $019C2E  kind=static_target
$22B830  in func $22B800  base $019C2E  kind=static_target
$22B866  in func $22B836  base $019C2E  kind=static_target
$22B89C  in func $22B86C  base $019C2E  kind=static_target
$22B8CE  in func $22B8A2  base $019C2E  kind=static_target
$22B902  in func $22B8D4  base $019C2E  kind=static_target
$22B9AA  in func $22B9AA  base $019C06  kind=static_target
$22BA06  in func $22B9EE  base $019C52  kind=static_target
$22BC14  in func $22BC14  base $019C06  kind=static_target
$22BC7E  in func $22BC7E  base $019C06  kind=static_target
$22BD06  in func $22BD06  base $019240  kind=static_target
$22BDBE  in func $22BDB4  base $22BDC2  kind=fallback_hybrid/offset_table
$22BF44  in func $22BEDE  base $019240  kind=static_target
$22BFEA  in func $22BFEA  base $019240  kind=static_target
$22BFFA  in func $22BFF0  base $019240  kind=static_target
$22C000  in func $22C000  base $019230  kind=static_target
$22C05C  in func $22C05C  base $019240  kind=static_target
$22C09C  in func $22C08E  base $019240  kind=static_target
$22C104  in func $22C0F6  base $019240  kind=static_target
$22C122  in func $22C122  base $019240  kind=static_target
$22C144  in func $22C144  base $019240  kind=static_target
$22C346  in func $22C332  base $019240  kind=static_target
$22C444  in func $22C43A  base $22C448  kind=fallback_hybrid/offset_table
$22C596  in func $22C58A  base $019C06  kind=static_target
$22C5BA  in func $22C5BA  base $019230  kind=static_target
$22C5F0  in func $22C5C0  base $019C06  kind=static_target
$22C9BC  in func $22C9B8  base $019CE0  kind=static_target
$22C9C2  in func $22C9C2  base $019230  kind=static_target
$22CA16  in func $22CA12  base $019240  kind=static_target
$22CA52  in func $22CA2A  base $019240  kind=static_target
$22CA7C  in func $22CA7C  base $019240  kind=static_target
$22CA8C  in func $22CA82  base $22CA90  kind=fallback_hybrid/offset_table
$22CAAC  in func $22CA98  base $019230  kind=static_target
$22CC2E  in func $22CC2E  base $019230  kind=static_target
$22CC48  in func $22CC34  base $019230  kind=static_target
$22CC78  in func $22CC72  base $019240  kind=static_target
$22CCA0  in func $22CC8C  base $019230  kind=static_target
$22CCCA  in func $22CCCA  base $019240  kind=static_target
$22CCEE  in func $22CCE6  base $019230  kind=static_target
$22CD0E  in func $22CCF4  base $019230  kind=static_target
$22CD38  in func $22CD38  base $019240  kind=static_target
$22CE02  in func $22CDF8  base $22CE06  kind=fallback_hybrid/offset_table
$22CF62  in func $22CF42  base $0015E2  kind=static_target
$22CFA4  in func $22CF8A  base $00160A  kind=static_target
$22CFEA  in func $22CFDC  base $019230  kind=static_target
$22D06C  in func $22D068  base $019240  kind=static_target
$22D090  in func $22D08E  base $019240  kind=static_target
$22D0EA  in func $22D0D4  base $019230  kind=static_target
$22D444  in func $22D43A  base $22D448  kind=fallback_hybrid/offset_table
$22D4CA  in func $22D4B6  base $0015E2  kind=static_target
$22D508  in func $22D4F2  base $00160A  kind=static_target
$22D730  in func $22D72C  base $019240  kind=static_target
$22D74C  in func $22D748  base $019240  kind=static_target
$22D760  in func $22D752  base $019240  kind=static_target
$22D780  in func $22D766  base $019240  kind=static_target
$22D7C6  in func $22D7BE  base $000000  kind=dynamic_register
$22D7F8  in func $22D7F0  base $000000  kind=dynamic_register
$22D81A  in func $22D812  base $000000  kind=dynamic_register
$22D842  in func $22D81C  base $000000  kind=dynamic_register
$22D886  in func $22D876  base $019240  kind=static_target
$22D8A8  in func $22D89A  base $019230  kind=static_target
$22D8B4  in func $22D8B4  base $019240  kind=static_target
$22D8BA  in func $22D8BA  base $019230  kind=static_target
$22E074  in func $22E06A  base $22E078  kind=fallback_hybrid/offset_table
$22E152  in func $22E146  base $019240  kind=static_target
$22E158  in func $22E158  base $019230  kind=static_target
$22E170  in func $22E15E  base $019240  kind=static_target
$22E176  in func $22E176  base $019230  kind=static_target
$22E17C  in func $22E17C  base $019230  kind=static_target
$22E2BC  in func $22E2BC  base $019230  kind=static_target
$22E2C2  in func $22E2C2  base $019240  kind=static_target
$22E58A  in func $22E58A  base $019C06  kind=static_target
$22E5DE  in func $22E5DE  base $019C06  kind=static_target
$22E622  in func $22E604  base $019C06  kind=static_target
$22E7BA  in func $22E7B0  base $019230  kind=static_target
$22E8B2  in func $22E8B2  base $019C06  kind=static_target
$22E9AC  in func $22E9AC  base $019C06  kind=static_target
$22E9C0  in func $22E9BA  base $019230  kind=static_target
$22EA4E  in func $22EA4E  base $019240  kind=static_target
$22EA7E  in func $22EA6A  base $019240  kind=static_target
$22EA84  in func $22EA84  base $019230  kind=static_target
$22EAC2  in func $22EAAE  base $019240  kind=static_target
$22EAE4  in func $22EAC8  base $019240  kind=static_target
$22EB06  in func $22EAEA  base $019240  kind=static_target
$22EB64  in func $22EB64  base $019C52  kind=static_target
$22ED80  in func $22ED80  base $019C06  kind=static_target
$22EE26  in func $22EE1A  base $019C06  kind=static_target
$22F172  in func $22F16E  base $019C2E  kind=static_target
$22F23E  in func $22F22E  base $019240  kind=static_target
$22F244  in func $22F244  base $019230  kind=static_target
$22F2EE  in func $22F2C0  base $019C2E  kind=static_target
$22F31A  in func $22F314  base $019C52  kind=static_target
$22F3C0  in func $22F3C0  base $019C06  kind=static_target
$22F59E  in func $22F59E  base $019240  kind=static_target
$22F79C  in func $22F77E  base $019C06  kind=static_target
$22F812  in func $22F812  base $019C06  kind=static_target
$22F9AE  in func $22F9AE  base $019C06  kind=static_target
$22FBE4  in func $22FBC6  base $019C06  kind=static_target
$22FD4A  in func $22FD2C  base $019C06  kind=static_target
$22FDF6  in func $22FDF6  base $019230  kind=static_target
$22FE96  in func $22FE96  base $019230  kind=static_target
$2302C2  in func $23029C  base $019240  kind=static_target
$2302D4  in func $2302D4  base $019230  kind=static_target
$230428  in func $23040E  base $019CE0  kind=static_target
$230802  in func $2307FA  base $019C06  kind=static_target
$23081A  in func $230808  base $01BFC8  kind=static_target
$230C4A  in func $230C2C  base $019C06  kind=static_target
$230CF2  in func $230CE0  base $00160A  kind=static_target
$230DA2  in func $230D78  base $019C06  kind=static_target
$230E68  in func $230E68  base $019C06  kind=static_target
$230F6C  in func $230F68  base $019C2E  kind=static_target
$230F9A  in func $230F9A  base $019C52  kind=static_target
$2310E8  in func $2310D8  base $019C52  kind=static_target
$231196  in func $231180  base $019C52  kind=static_target
$231352  in func $23134E  base $019C2E  kind=static_target
$231360  in func $231358  base $231364  kind=fallback_hybrid/offset_table
$231952  in func $23194E  base $019C2E  kind=static_target
$231960  in func $231958  base $231964  kind=fallback_hybrid/offset_table
$231B8E  in func $231B7C  base $019C52  kind=static_target
$231C5E  in func $231C52  base $019C52  kind=static_target
$231D1E  in func $231D06  base $00160A  kind=static_target
$231E0E  in func $231E0E  base $019C52  kind=static_target
$232098  in func $23207E  base $00160A  kind=static_target
$232220  in func $2321FC  base $019240  kind=static_target
$232232  in func $232232  base $019230  kind=static_target
$2322D6  in func $2322C4  base $019240  kind=static_target
$23233E  in func $23233E  base $019C52  kind=static_target
$23234C  in func $232344  base $232350  kind=fallback_hybrid/offset_table
$2325E2  in func $2325CC  base $019C52  kind=static_target
$232814  in func $2327FE  base $019C52  kind=static_target
$232B14  in func $232B14  base $019C52  kind=static_target
$232D14  in func $232CFA  base $013A82  kind=static_target
$232E64  in func $232E4A  base $013A82  kind=static_target
$232EFE  in func $232EEE  base $019C52  kind=static_target
$2331CC  in func $2331B2  base $013A82  kind=static_target
$2332D0  in func $2332A2  base $019C2E  kind=static_target
$2332D6  in func $2332D6  base $019C06  kind=static_target
$233480  in func $23347C  base $019CE4  kind=static_target
$2334CA  in func $2334CA  base $019CE0  kind=static_target
$2334D0  in func $2334D0  base $019C06  kind=static_target
$2337D8  in func $2337D8  base $019CE0  kind=static_target
$2337F0  in func $2337DE  base $019240  kind=static_target
$2337F6  in func $2337F6  base $019230  kind=static_target
$233808  in func $2337FC  base $019C06  kind=static_target
$233954  in func $233932  base $019C2E  kind=static_target
$2339C8  in func $2339AA  base $019C06  kind=static_target
$233BAE  in func $233BAA  base $019C2E  kind=static_target
$233E80  in func $233E78  base $019C06  kind=static_target
$2340D6  in func $2340D2  base $019C2E  kind=static_target
$234340  in func $234316  base $019C06  kind=static_target
$23436A  in func $23436A  base $019C06  kind=static_target
$2344A8  in func $2344A0  base $2344AC  kind=fallback_hybrid/offset_table
$234FC8  in func $234FC8  base $019C06  kind=static_target
$235022  in func $235022  base $019C06  kind=static_target
$235138  in func $235104  base $019240  kind=static_target
$23514E  in func $23513E  base $0115FE  kind=static_target
$235164  in func $235154  base $0115FE  kind=static_target
$235272  in func $23525A  base $019240  kind=static_target
$2352CA  in func $2352B2  base $019240  kind=static_target
$2353F4  in func $2353DC  base $00160A  kind=static_target
$23541C  in func $23541C  base $019240  kind=static_target
$2355CE  in func $2355CE  base $019240  kind=static_target
$2358F8  in func $2358F8  base $019240  kind=static_target
$2359E4  in func $2359C6  base $019240  kind=static_target
$235BB4  in func $235B96  base $018D72  kind=static_target
$235BBA  in func $235BBA  base $018DCC  kind=static_target
$235CB0  in func $235CA2  base $019230  kind=static_target
$235CF2  in func $235CE0  base $019230  kind=static_target
$235D06  in func $235D06  base $019240  kind=static_target
$235D6A  in func $235D68  base $00160A  kind=static_target
$235DE8  in func $235DE2  base $019230  kind=static_target
$235DF4  in func $235DEE  base $019240  kind=static_target
$235EA2  in func $235E7E  base $019230  kind=static_target
$235EAE  in func $235EA8  base $019240  kind=static_target
$235ECE  in func $235EC0  base $022908  kind=static_target
$235FDA  in func $235FC8  base $019230  kind=static_target
$235FE0  in func $235FE0  base $019240  kind=static_target
$2362E6  in func $236298  base $019240  kind=static_target
$2363A4  in func $236398  base $019240  kind=static_target
$2364A2  in func $2364A0  base $00160A  kind=static_target
$236620  in func $2365E8  base $019230  kind=static_target
$23665C  in func $23664E  base $019240  kind=static_target
$23667E  in func $236670  base $019240  kind=static_target
$236764  in func $23675C  base $019240  kind=static_target
$236AA4  in func $236A9E  base $019230  kind=static_target
$236AB6  in func $236AAA  base $019240  kind=static_target
$2372B4  in func $2372AE  base $019230  kind=static_target
$2373D2  in func $2373C2  base $019240  kind=static_target
$2374A8  in func $237470  base $019230  kind=static_target
$2374EA  in func $2374E6  base $019240  kind=static_target
$237512  in func $23750E  base $019240  kind=static_target
$237664  in func $237656  base $019240  kind=static_target
$2376F2  in func $2376A6  base $019240  kind=static_target
$237736  in func $237736  base $019240  kind=static_target
$237794  in func $237786  base $019230  kind=static_target
$23779A  in func $23779A  base $019240  kind=static_target
$2377F4  in func $2377E2  base $019230  kind=static_target
$2377FA  in func $2377FA  base $019240  kind=static_target
$2378A4  in func $2378A4  base $019C06  kind=static_target
$2378F8  in func $2378E4  base $019230  kind=static_target
$23792A  in func $237924  base $019240  kind=static_target
$237AA0  in func $237AA0  base $019C06  kind=static_target
$237B22  in func $237B22  base $019C06  kind=static_target
$237E90  in func $237E90  base $019230  kind=static_target
$237E96  in func $237E96  base $019240  kind=static_target
$237F08  in func $237EFE  base $019240  kind=static_target
$237F1A  in func $237F0E  base $019240  kind=static_target
$237F20  in func $237F20  base $019230  kind=static_target
$237F5A  in func $237F5A  base $019230  kind=static_target
$23808C  in func $23807E  base $00160A  kind=static_target
$2381EA  in func $2381C2  base $01C11C  kind=static_target
$2386D6  in func $2386D6  base $019C52  kind=static_target
$238A8A  in func $238A78  base $019240  kind=static_target
$238C12  in func $238C0C  base $019240  kind=static_target
$238C8A  in func $238C84  base $019240  kind=static_target
$238C90  in func $238C90  base $019230  kind=static_target
$238DE6  in func $238DE0  base $019240  kind=static_target
$238EC6  in func $238EC0  base $019230  kind=static_target
$238F0E  in func $238F00  base $019230  kind=static_target
$238FDE  in func $238FC0  base $019240  kind=static_target
$238FE4  in func $238FE4  base $019230  kind=static_target
$239150  in func $23913C  base $019230  kind=static_target
$239252  in func $239208  base $019230  kind=static_target
$2396DC  in func $2396D2  base $2396E0  kind=fallback_hybrid/function_entry
$239C66  in func $239C3A  base $2399AA  kind=static_target
$239C8A  in func $239C6A  base $2399AA  kind=static_target
$23A09C  in func $23A08C  base $000000  kind=dynamic_register
$23A62A  in func $23A626  base $239B7C  kind=static_target
$23A62E  in func $23A62E  base $239C3A  kind=static_target
$23A63E  in func $23A632  base $239E7A  kind=static_target
$23A64A  in func $23A642  base $239E7A  kind=static_target
$23A6AE  in func $23A664  base $239BF2  kind=static_target
$23A6D0  in func $23A6B2  base $23A0A8  kind=static_target
$23A6F0  in func $23A6D4  base $23A0A8  kind=static_target
$23A762  in func $23A742  base $239BF2  kind=static_target
$23A7BA  in func $23A78C  base $23A072  kind=static_target
$23A7DE  in func $23A7BE  base $23A072  kind=static_target
$23AAC6  in func $23AAC2  base $239B7C  kind=static_target
$23AC48  in func $23AC3C  base $019230  kind=static_target
$23AD0A  in func $23ACF0  base $239EB4  kind=static_target
$23AD30  in func $23AD0E  base $23B0FC  kind=static_target
$23AD38  in func $23AD34  base $23AD3C  kind=fallback_hybrid/function_entry
$23ADAA  in func $23AD8E  base $239EB4  kind=static_target
$23ADE4  in func $23ADD4  base $23B0FC  kind=static_target
$23AEF6  in func $23AEF2  base $239E7A  kind=static_target
$23AF22  in func $23AF1E  base $239E7A  kind=static_target
$23AFF6  in func $23AFF2  base $239E7A  kind=static_target
$23B112  in func $23B0FC  base $239EB4  kind=static_target
$23B176  in func $23B152  base $239F40  kind=static_target
$23B218  in func $23B200  base $01BA88  kind=static_target
$23B2B0  in func $23B2AC  base $239B7C  kind=static_target
$23B2C0  in func $23B2B4  base $23B2C4  kind=fallback_hybrid/function_entry
$23B3A4  in func $23B390  base $239CC8  kind=static_target
$23B3F2  in func $23B3F2  base $239C3A  kind=static_target
$23B44E  in func $23B440  base $23B6A8  kind=static_target
$23B46A  in func $23B452  base $23B46E  kind=fallback_hybrid/function_entry
$23B4A4  in func $23B486  base $239E7A  kind=static_target
$23B4D8  in func $23B4D8  base $239E7A  kind=static_target
$23B604  in func $23B5F0  base $23A0E0  kind=static_target
$23B64A  in func $23B64A  base $23A0E0  kind=static_target
$23B918  in func $23B910  base $019230  kind=static_target
$23B92C  in func $23B91E  base $019240  kind=static_target
$23B970  in func $23B96A  base $23B974  kind=fallback_hybrid/function_entry
$23B9A8  in func $23B9A4  base $019240  kind=static_target
$23BAA8  in func $23BA98  base $019230  kind=static_target
$23BAC0  in func $23BAC0  base $019240  kind=static_target
$23BAEC  in func $23BAE4  base $019230  kind=static_target
$23BB44  in func $23BB3C  base $019230  kind=static_target
$23BB68  in func $23BB4A  base $019240  kind=static_target
$23BBDC  in func $23BBC2  base $019230  kind=static_target
$23C2BC  in func $23C2B4  base $239B7C  kind=static_target
$23C2C0  in func $23C2C0  base $239C3A  kind=static_target
$23C2EE  in func $23C2E6  base $239EB4  kind=static_target
$23C2F6  in func $23C2F2  base $23C2FA  kind=fallback_hybrid/function_entry
$23C37A  in func $23C35E  base $239EB4  kind=static_target
$23C42A  in func $23C40E  base $239EB4  kind=static_target
$23C5DA  in func $23C5D6  base $239B7C  kind=static_target
$23C5E6  in func $23C5DE  base $239C3A  kind=static_target
$23C60C  in func $23C5EA  base $239E7A  kind=static_target
$23C62C  in func $23C610  base $239EB4  kind=static_target
$23C634  in func $23C630  base $23C638  kind=fallback_hybrid/function_entry
$23C716  in func $23C6FE  base $239EB4  kind=static_target
$23C850  in func $23C848  base $239B7C  kind=static_target
$23C860  in func $23C854  base $239C3A  kind=static_target
$23C878  in func $23C864  base $239EB4  kind=static_target
$23C880  in func $23C87C  base $23C884  kind=fallback_hybrid/function_entry
$23C8EC  in func $23C8DC  base $23A0E0  kind=static_target
$23C994  in func $23C988  base $239EB4  kind=static_target
$23CA48  in func $23CA3C  base $239B7C  kind=static_target
$23CA5C  in func $23CA4C  base $23CA60  kind=fallback_hybrid/function_entry
$23CA7A  in func $23CA6C  base $239C3A  kind=static_target
$23CA9A  in func $23CA90  base $239C3A  kind=static_target
$23CAAA  in func $23CA9E  base $239D46  kind=static_target
$23CACA  in func $23CAC4  base $239C3A  kind=static_target
$23CC36  in func $23CC2A  base $23CC3A  kind=fallback_hybrid/function_entry
$23CDF8  in func $23CDF4  base $23CDFC  kind=fallback_hybrid/function_entry
$23CF50  in func $23CF48  base $019230  kind=static_target
$23CF7A  in func $23CF56  base $01BA88  kind=static_target
$23D158  in func $23D134  base $239EB4  kind=static_target
$23D160  in func $23D15C  base $23D164  kind=fallback_hybrid/function_entry
$23D1B4  in func $23D188  base $23A0E0  kind=static_target
$23D1FC  in func $23D1F8  base $23D200  kind=fallback_hybrid/function_entry
$23D30C  in func $23D300  base $23D310  kind=fallback_hybrid/function_entry
$23D420  in func $23D41A  base $019230  kind=static_target
$23D466  in func $23D44E  base $019230  kind=static_target
$23D540  in func $23D53C  base $239B7C  kind=static_target
$23D54E  in func $23D544  base $239C0C  kind=static_target
$23D62A  in func $23D614  base $239EB4  kind=static_target
$23D632  in func $23D62E  base $23D636  kind=fallback_hybrid/function_entry
$23D6BC  in func $23D6A0  base $239EB4  kind=static_target
$23D6C8  in func $23D6C4  base $239E7A  kind=static_target
$23D6E2  in func $23D6CC  base $239E7A  kind=static_target
$23D6F8  in func $23D6E6  base $23A0C6  kind=static_target
$23D730  in func $23D710  base $23A0C6  kind=static_target
$23D7BC  in func $23D798  base $239E7A  kind=static_target
$23D8A0  in func $23D898  base $239E7A  kind=static_target
$23D93C  in func $23D936  base $23D940  kind=fallback_hybrid/function_entry
$23DA4A  in func $23DA46  base $019230  kind=static_target
$23DA5E  in func $23DA5A  base $239B7C  kind=static_target
$23DA74  in func $23DA62  base $239C0C  kind=static_target
$23DA78  in func $23DA78  base $239C3A  kind=static_target
$23DA98  in func $23DA7C  base $239EB4  kind=static_target
$23DAA0  in func $23DA9C  base $23DAA4  kind=fallback_hybrid/function_entry
$23DB14  in func $23DAF8  base $23A0E0  kind=static_target
$23DB2E  in func $23DB18  base $239B7C  kind=static_target
$23DB36  in func $23DB32  base $23DB3A  kind=fallback_hybrid/function_entry
$23DB64  in func $23DB64  base $239C3A  kind=static_target
$23DBC0  in func $23DB98  base $239EB4  kind=static_target
$23DBDE  in func $23DBC4  base $239E7A  kind=static_target
$23DBE6  in func $23DBE2  base $23DBEA  kind=fallback_hybrid/function_entry
$23DC44  in func $23DC22  base $23A0E0  kind=static_target
$23DC5A  in func $23DC52  base $23A0E0  kind=static_target
$23DD18  in func $23DD14  base $239E7A  kind=static_target
$23DDD2  in func $23DDCE  base $239E7A  kind=static_target
$23DF42  in func $23DF3E  base $239B7C  kind=static_target
$23DF46  in func $23DF46  base $239C3A  kind=static_target
$23DF9A  in func $23DF86  base $239EB4  kind=static_target
$23DFBC  in func $23DF9E  base $239EB4  kind=static_target
$23DFC4  in func $23DFC0  base $23DFC8  kind=fallback_hybrid/function_entry
$23E036  in func $23E02E  base $239EB4  kind=static_target
$23E0B0  in func $23E098  base $239EB4  kind=static_target
$23E2EE  in func $23E2DC  base $239B7C  kind=static_target
$23E318  in func $23E2F2  base $239C0C  kind=static_target
$23E326  in func $23E31C  base $239C0C  kind=static_target
$23E340  in func $23E32A  base $239C0C  kind=static_target
$23E35E  in func $23E354  base $239C0C  kind=static_target
$23E3A6  in func $23E396  base $239D46  kind=static_target
$23E4BA  in func $23E4B2  base $23E4BC  kind=fallback_hybrid/INTERIOR_UNRESOLVED
$23E590  in func $23E588  base $019230  kind=static_target
$23E5BA  in func $23E596  base $01BA88  kind=static_target
$23E63C  in func $23E618  base $239EB4  kind=static_target
$23E644  in func $23E640  base $23E648  kind=fallback_hybrid/function_entry
$23E6C4  in func $23E698  base $23A0E0  kind=static_target
$23E77A  in func $23E772  base $239EB4  kind=static_target
$23E812  in func $23E7FA  base $239B7C  kind=static_target
$23E822  in func $23E816  base $23E826  kind=fallback_hybrid/function_entry
$23E844  in func $23E82E  base $239C0C  kind=static_target
$23E848  in func $23E848  base $239C3A  kind=static_target
$23E872  in func $23E872  base $239C3A  kind=static_target
$23E8A6  in func $23E89E  base $239EB4  kind=static_target
$23E8AE  in func $23E8AA  base $23E8B2  kind=fallback_hybrid/function_entry
$23E926  in func $23E90A  base $23A0E0  kind=static_target
$23EA68  in func $23EA44  base $23A0E0  kind=static_target
$23EFC6  in func $23EF80  base $239BC6  kind=static_target
$23EFDA  in func $23EFCA  base $239D46  kind=static_target
$23F022  in func $23F014  base $239E7A  kind=static_target
$23F036  in func $23F026  base $239FDC  kind=static_target
$23F2A2  in func $23F2A2  base $019240  kind=static_target
$23F2C2  in func $23F2AE  base $019240  kind=static_target
$23F3D8  in func $23F3D8  base $019240  kind=static_target
$23F412  in func $23F3FE  base $019240  kind=static_target
$23F47C  in func $23F47C  base $01636A  kind=static_target
$23F494  in func $23F494  base $01636A  kind=static_target
$23F4A0  in func $23F49A  base $019230  kind=static_target
$23F4C0  in func $23F4A6  base $019240  kind=static_target
$23F51A  in func $23F506  base $052CF0  kind=static_target
$23F560  in func $23F560  base $019240  kind=static_target
$23F5B0  in func $23F5A6  base $019240  kind=static_target
$23F5E6  in func $23F5DC  base $019240  kind=static_target
$24054E  in func $240546  base $240552  kind=fallback_hybrid/offset_table
$2405A8  in func $240560  base $003276  kind=static_target
$2406A6  in func $240684  base $003276  kind=static_target
$24073A  in func $24073A  base $019240  kind=static_target
$240756  in func $240750  base $019240  kind=static_target
$240784  in func $24077E  base $019240  kind=static_target
$2407A2  in func $24079C  base $019240  kind=static_target
$2407AE  in func $2407A8  base $019240  kind=static_target
$2407FE  in func $2407F4  base $019240  kind=static_target
$240876  in func $24086C  base $019240  kind=static_target
$2408B8  in func $2408AE  base $019240  kind=static_target
$240908  in func $2408FE  base $019240  kind=static_target
$240932  in func $240932  base $019240  kind=static_target
$240942  in func $240938  base $019240  kind=static_target
$24099C  in func $24099C  base $019240  kind=static_target
$2409C4  in func $2409C4  base $019240  kind=static_target
$240A18  in func $240A08  base $019240  kind=static_target
$240A24  in func $240A1E  base $019240  kind=static_target
$243190  in func $243186  base $243194  kind=fallback_hybrid/offset_table
$243276  in func $24325A  base $019240  kind=static_target
$243292  in func $24327C  base $019240  kind=static_target
$24331E  in func $243302  base $019240  kind=static_target
$243374  in func $24336A  base $243378  kind=fallback_hybrid/offset_table
$2433A0  in func $2433A0  base $019240  kind=static_target
$2435E4  in func $2435D4  base $2435E8  kind=fallback_hybrid/offset_table
$243912  in func $243912  base $019240  kind=static_target
$24392E  in func $243920  base $019240  kind=static_target
$243954  in func $243954  base $019240  kind=static_target
$243992  in func $243980  base $019240  kind=static_target
$2439A8  in func $243998  base $053A06  kind=static_target
$243A48  in func $243A48  base $019240  kind=static_target
$243A88  in func $243A82  base $019240  kind=static_target
$243A9E  in func $243A8E  base $019240  kind=static_target
$243B24  in func $243B10  base $019240  kind=static_target
$243B2A  in func $243B2A  base $019230  kind=static_target
$243B6E  in func $243B66  base $019230  kind=static_target
$243B8A  in func $243B82  base $019230  kind=static_target
$243B90  in func $243B90  base $019240  kind=static_target
$243C1A  in func $243C14  base $019240  kind=static_target
$243C40  in func $243C40  base $019240  kind=static_target
$243C72  in func $243C52  base $019232  kind=static_target
$243CD0  in func $243CBC  base $019240  kind=static_target
$243D1E  in func $243D14  base $0015E2  kind=static_target
$243D4A  in func $243D42  base $0544AC  kind=static_target
$243DC4  in func $243D6A  base $00160A  kind=static_target
$243DEE  in func $243DCA  base $0015E2  kind=static_target
$243E18  in func $243DF4  base $0015E2  kind=static_target
$243E42  in func $243E1E  base $0015E2  kind=static_target
$243F12  in func $243F08  base $000000  kind=dynamic_register
$243F76  in func $243F56  base $052BB8  kind=static_target
$24426A  in func $24425E  base $019230  kind=static_target
$244344  in func $244326  base $0544AC  kind=static_target
$24434A  in func $24434A  base $052CEC  kind=static_target
$244368  in func $244350  base $019240  kind=static_target
$244390  in func $244372  base $053660  kind=static_target
$24440C  in func $24440C  base $0538C2  kind=static_target
$24442A  in func $244412  base $019240  kind=static_target
$24445E  in func $244430  base $019240  kind=static_target
$244474  in func $244464  base $0538B6  kind=static_target
$24472A  in func $24471A  base $000000  kind=dynamic_register
$244760  in func $244748  base $019240  kind=static_target
$2447A4  in func $244774  base $0529F8  kind=static_target
$2447D4  in func $2447B8  base $053EC8  kind=static_target
$24481A  in func $24481A  base $053030  kind=static_target
$244858  in func $24484C  base $053030  kind=static_target
$24489C  in func $244896  base $053030  kind=static_target
$2448D2  in func $2448C6  base $019216  kind=static_target
$244910  in func $2448FA  base $053A06  kind=static_target
$244932  in func $244926  base $019240  kind=static_target
$244948  in func $244938  base $01F9A8  kind=static_target
$244966  in func $24494E  base $019240  kind=static_target
$2449CA  in func $2449CA  base $053030  kind=static_target
$2449EC  in func $2449D8  base $052CF0  kind=static_target
$244A2A  in func $244A24  base $053030  kind=static_target
$244A9A  in func $244A9A  base $052CEC  kind=static_target
$244AC0  in func $244AA0  base $01BA88  kind=static_target
$244AC6  in func $244AC6  base $019230  kind=static_target
$244AEE  in func $244ACC  base $0538F2  kind=static_target
$244B8E  in func $244B6A  base $053EC8  kind=static_target
$244BA4  in func $244B94  base $053030  kind=static_target
$244C0E  in func $244C08  base $053A06  kind=static_target
$244C44  in func $244C22  base $019240  kind=static_target
$244CC4  in func $244C5E  base $0529F8  kind=static_target
$244CD0  in func $244CCA  base $0541F0  kind=static_target
$244CF2  in func $244CEC  base $053030  kind=static_target
$244DE6  in func $244DE0  base $053A06  kind=static_target
$244E20  in func $244E00  base $01BA88  kind=static_target
$244E26  in func $244E26  base $019230  kind=static_target
$244E76  in func $244E76  base $019230  kind=static_target
$244EAC  in func $244E8A  base $0538F2  kind=static_target
$244EEA  in func $244ECA  base $053EC8  kind=static_target
$244F66  in func $244F60  base $053030  kind=static_target
$244FDC  in func $244FD2  base $053A06  kind=static_target
$244FFA  in func $244FE2  base $0538F2  kind=static_target
$24503E  in func $245010  base $0529F8  kind=static_target
$245044  in func $245044  base $0538C2  kind=static_target
$245086  in func $245086  base $052DBA  kind=static_target
$2450B8  in func $24508C  base $0019B6  kind=static_target
$2450F2  in func $2450D6  base $052BB8  kind=static_target
$24511C  in func $245110  base $052CEC  kind=static_target
$245158  in func $245122  base $053A06  kind=static_target
$245196  in func $245196  base $019230  kind=static_target
$2451F0  in func $2451EA  base $0537A4  kind=static_target
$24521E  in func $2451F6  base $0528E2  kind=static_target
$245238  in func $245234  base $053030  kind=static_target
$245256  in func $24523E  base $0538F2  kind=static_target
$245292  in func $24526A  base $052AAC  kind=static_target
$2452B6  in func $2452B2  base $052DBE  kind=static_target
$2452E8  in func $2452E8  base $052CEC  kind=static_target
$2452FE  in func $2452EE  base $052CEC  kind=static_target
$245352  in func $24534A  base $05333A  kind=static_target
$2453AC  in func $2453AC  base $0537A4  kind=static_target
$245422  in func $245422  base $0537A4  kind=static_target
$245446  in func $245438  base $0537A4  kind=static_target
$245480  in func $245478  base $019C06  kind=static_target
$2454DC  in func $2454C4  base $0019B6  kind=static_target
$245540  in func $245540  base $019C06  kind=static_target
$245556  in func $245556  base $05372C  kind=static_target
$245572  in func $24555C  base $052BB8  kind=static_target
$245658  in func $24564C  base $019C52  kind=static_target
$24566E  in func $24566E  base $019230  kind=static_target
$24568C  in func $245674  base $0019B6  kind=static_target
$2456E8  in func $2456E8  base $019C06  kind=static_target
$24588E  in func $245876  base $019240  kind=static_target
$245918  in func $245918  base $053030  kind=static_target
$245934  in func $24591E  base $0529F8  kind=static_target
$245942  in func $24593A  base $019216  kind=static_target
$245960  in func $245948  base $24655A  kind=static_target
$245970  in func $245964  base $053030  kind=static_target
$2459AC  in func $245998  base $045E24  kind=static_target
$245A12  in func $2459FE  base $0529F8  kind=static_target
$245AD6  in func $245ACA  base $053030  kind=static_target
$245AE6  in func $245ADC  base $052BB8  kind=static_target
$245B78  in func $245B68  base $053A06  kind=static_target
$245BCC  in func $245B7E  base $0529F8  kind=static_target
$245BFE  in func $245BFE  base $019240  kind=static_target
$245C1C  in func $245C04  base $019240  kind=static_target
$245C22  in func $245C22  base $053A06  kind=static_target
$245C60  in func $245C4E  base $0530BA  kind=static_target
$245C9E  in func $245C8C  base $0530BA  kind=static_target
$245CF8  in func $245CDE  base $019240  kind=static_target
$245CFE  in func $245CFE  base $019230  kind=static_target
$245D5A  in func $245D5A  base $019240  kind=static_target
$245D7A  in func $245D7A  base $019240  kind=static_target
$245D94  in func $245D8E  base $019230  kind=static_target
$245EE2  in func $245ECE  base $053106  kind=static_target
$245F64  in func $245F40  base $053106  kind=static_target
$245F8A  in func $245F70  base $053106  kind=static_target
$246012  in func $245FFE  base $053106  kind=static_target
$246096  in func $246070  base $019240  kind=static_target
$24609C  in func $24609C  base $019230  kind=static_target
$2460C0  in func $2460A8  base $019240  kind=static_target
$2460E4  in func $2460CE  base $0529F8  kind=static_target
$246132  in func $246120  base $052C9A  kind=static_target
$24616A  in func $246160  base $053A14  kind=static_target
$24617E  in func $246170  base $019240  kind=static_target
$2461C4  in func $2461AA  base $019240  kind=static_target
$2461D4  in func $2461D4  base $053A14  kind=static_target
$2461F6  in func $2461DA  base $0529F8  kind=static_target
$246238  in func $24622C  base $052C9A  kind=static_target
$246280  in func $246266  base $0529F8  kind=static_target
$24629E  in func $246294  base $053A14  kind=static_target
$2462B2  in func $2462A4  base $019240  kind=static_target
$2462D0  in func $2462C2  base $019240  kind=static_target
$2462F8  in func $2462E2  base $0529F8  kind=static_target
$246346  in func $246334  base $052C74  kind=static_target
$246378  in func $246372  base $053030  kind=static_target
$2463D8  in func $2463BC  base $019240  kind=static_target
$2463DE  in func $2463DE  base $019230  kind=static_target
$2464A4  in func $246486  base $001984  kind=static_target
$2464F2  in func $2464F2  base $053030  kind=static_target
$246530  in func $246530  base $053D14  kind=static_target
$24657A  in func $246574  base $053D14  kind=static_target
$2465A0  in func $24658E  base $0529F8  kind=static_target
$2465B8  in func $2465A6  base $0529F8  kind=static_target
$246614  in func $246608  base $019240  kind=static_target
$246630  in func $24661A  base $053A14  kind=static_target
$24665A  in func $246636  base $05311C  kind=static_target
$24667C  in func $24667C  base $05311C  kind=static_target
$246692  in func $246682  base $0529D4  kind=static_target
$24669E  in func $246698  base $053106  kind=static_target
$2466B8  in func $2466A4  base $053106  kind=static_target
$2466D0  in func $2466CC  base $0529D4  kind=static_target
$2466F6  in func $2466F6  base $053030  kind=static_target
$246714  in func $246714  base $052DBA  kind=static_target
$246744  in func $24672E  base $0529F8  kind=static_target
$24674E  in func $24674A  base $0529F8  kind=static_target
$246796  in func $246782  base $019240  kind=static_target
$2467C6  in func $2467BC  base $2467CA  kind=fallback_hybrid/offset_table
$246800  in func $2467D2  base $019240  kind=static_target
$24680C  in func $246806  base $019240  kind=static_target
$24687C  in func $24686C  base $246880  kind=fallback_hybrid/offset_table
$2468D4  in func $2468CE  base $0530AE  kind=static_target
$246906  in func $2468DA  base $0529F8  kind=static_target
$24691A  in func $24690C  base $0530AE  kind=static_target
$2469E0  in func $2469BE  base $053EC8  kind=static_target
$246A20  in func $246A00  base $0529F8  kind=static_target
$246A32  in func $246A26  base $0530AE  kind=static_target
$246A80  in func $246A68  base $0529F8  kind=static_target
$246A98  in func $246A92  base $0530AE  kind=static_target
$246ACC  in func $246AC8  base $0530AE  kind=static_target
$246AD8  in func $246AD2  base $0530AE  kind=static_target
$246B34  in func $246B26  base $0530AE  kind=static_target
$246B40  in func $246B3A  base $0530AE  kind=static_target
$246B5A  in func $246B46  base $019216  kind=static_target
$246B76  in func $246B6C  base $0529F8  kind=static_target
$246B90  in func $246B7C  base $053106  kind=static_target
$246BE8  in func $246BCE  base $0529F8  kind=static_target
$246C0E  in func $246C00  base $0530D0  kind=static_target
$246C4E  in func $246C42  base $053030  kind=static_target
$246C90  in func $246C90  base $053030  kind=static_target
$246CB8  in func $246CAC  base $05303E  kind=static_target
$246CD0  in func $246CBE  base $053A06  kind=static_target
$246CE0  in func $246CD6  base $246CE4  kind=fallback_hybrid/offset_table
$246D34  in func $246D28  base $0530AE  kind=static_target
$246D3A  in func $246D3A  base $019240  kind=static_target
$246DC4  in func $246DC4  base $053030  kind=static_target
$246DD8  in func $246DD2  base $053106  kind=static_target
$246E00  in func $246DDE  base $053A22  kind=static_target
$246F1E  in func $246EFC  base $0543E2  kind=static_target
$247130  in func $2470E6  base $053EC8  kind=static_target
$24715E  in func $247146  base $0530AE  kind=static_target
$2471E4  in func $2471E0  base $0529F8  kind=static_target
$24722E  in func $24720A  base $0529F8  kind=static_target
$2472EE  in func $2472EA  base $053030  kind=static_target
$247376  in func $247370  base $053030  kind=static_target
$2473B2  in func $247388  base $0529F8  kind=static_target
$2473E8  in func $2473BE  base $05441C  kind=static_target
$247424  in func $2473EE  base $052BB8  kind=static_target
$24746C  in func $247444  base $0019B6  kind=static_target
$2474A8  in func $24749E  base $019230  kind=static_target
$2474D4  in func $2474AE  base $019240  kind=static_target
$247508  in func $247504  base $0529F8  kind=static_target
$247540  in func $247540  base $053030  kind=static_target
$247560  in func $247556  base $052DBE  kind=static_target
$2475BE  in func $2475AC  base $053A22  kind=static_target
$2475E6  in func $2475C4  base $0530BA  kind=static_target
$24768C  in func $24768C  base $053030  kind=static_target
$247724  in func $24770C  base $0530AE  kind=static_target
$24773A  in func $247734  base $053A06  kind=static_target
$2477A8  in func $2477A8  base $0530AE  kind=static_target
$2477AE  in func $2477AE  base $019230  kind=static_target
$2477FE  in func $2477F8  base $019240  kind=static_target
$247828  in func $24781E  base $019240  kind=static_target
$24786C  in func $247858  base $019240  kind=static_target
$2478A2  in func $247888  base $019240  kind=static_target
$2478CE  in func $2478A8  base $019240  kind=static_target
$2479D2  in func $2479C4  base $0529F8  kind=static_target
$247ABC  in func $247A9C  base $0543E2  kind=static_target
$247D4A  in func $247D1E  base $0529F8  kind=static_target
$247DDC  in func $247DAA  base $053EC8  kind=static_target
$247E04  in func $247DF2  base $0530AE  kind=static_target
$247E56  in func $247E22  base $0529F8  kind=static_target
$247E62  in func $247E5C  base $053030  kind=static_target
$247E82  in func $247E82  base $053030  kind=static_target
$247F0A  in func $247F04  base $05303E  kind=static_target
$247F4A  in func $247F3A  base $053030  kind=static_target
$247FDE  in func $247FD2  base $053030  kind=static_target
$2480BE  in func $2480BA  base $0529F8  kind=static_target
$24812C  in func $248118  base $053030  kind=static_target
$248142  in func $248132  base $05317E  kind=static_target
$24816A  in func $248156  base $0529F8  kind=static_target
$2481C8  in func $2481C4  base $053030  kind=static_target
$2481E4  in func $2481E4  base $053030  kind=static_target
$2481F6  in func $2481F2  base $053030  kind=static_target
$24830E  in func $2482EE  base $0530AE  kind=static_target
$248314  in func $248314  base $053A06  kind=static_target
$248384  in func $248370  base $019240  kind=static_target
$24839C  in func $24838A  base $0530AE  kind=static_target
$248418  in func $2483E8  base $052BB8  kind=static_target
$248422  in func $24841E  base $052DBE  kind=static_target
$248460  in func $248444  base $052CF0  kind=static_target
$24847E  in func $248466  base $052DBA  kind=static_target
$248488  in func $248484  base $052DBE  kind=static_target
$2484C2  in func $2484C2  base $019240  kind=static_target
$248538  in func $248524  base $053106  kind=static_target
$248560  in func $248550  base $053106  kind=static_target
$248602  in func $2485BA  base $019240  kind=static_target
$248624  in func $248608  base $019240  kind=static_target
$24862A  in func $24862A  base $019230  kind=static_target
$2486D8  in func $2486D8  base $019230  kind=static_target
$24872C  in func $24872C  base $019230  kind=static_target
$248754  in func $248732  base $053A22  kind=static_target
$24877C  in func $24875A  base $053A22  kind=static_target
$248938  in func $248922  base $0529F8  kind=static_target
$248B2C  in func $248B12  base $0543E2  kind=static_target
$248D56  in func $248D56  base $0541F0  kind=static_target
$248D76  in func $248D64  base $0530AE  kind=static_target
$248DDE  in func $248DDA  base $0529F8  kind=static_target
$248DEA  in func $248DE4  base $053030  kind=static_target
$248E22  in func $248DF0  base $24655A  kind=static_target
$248E32  in func $248E26  base $053030  kind=static_target
$248ECE  in func $248EA8  base $24655A  kind=static_target
$248F42  in func $248F1E  base $053A22  kind=static_target
$248F5E  in func $248F48  base $019240  kind=static_target
$248F8A  in func $248F64  base $052BB8  kind=static_target
$248FD4  in func $248F90  base $053A14  kind=static_target
$248FF0  in func $248FDA  base $053196  kind=static_target
$249004  in func $249000  base $0529D8  kind=static_target
$24903E  in func $249036  base $052EA6  kind=static_target
$249056  in func $249044  base $0529F8  kind=static_target
$249070  in func $24905C  base $0542CE  kind=static_target
$24908E  in func $24908E  base $052F26  kind=static_target
$2490CA  in func $2490A0  base $019240  kind=static_target
$249124  in func $249124  base $052CEC  kind=static_target
$24914A  in func $24912A  base $0529F8  kind=static_target
$2491E8  in func $2491C6  base $019240  kind=static_target
$2491F4  in func $2491EE  base $053A14  kind=static_target
$24920A  in func $2491FA  base $019240  kind=static_target
$249222  in func $249210  base $053106  kind=static_target
$249282  in func $249272  base $052CEC  kind=static_target
$2492CA  in func $2492AC  base $053106  kind=static_target
$24931E  in func $2492F6  base $0529F8  kind=static_target
$249338  in func $249334  base $053D26  kind=static_target
$2493B2  in func $24939E  base $053106  kind=static_target
$2493DA  in func $2493CA  base $053106  kind=static_target
$249404  in func $2493F6  base $0530D0  kind=static_target
$24942C  in func $249418  base $052C9A  kind=static_target
$2494C0  in func $2494AA  base $053030  kind=static_target
$24953A  in func $249530  base $0529F8  kind=static_target
$249566  in func $249566  base $052EA6  kind=static_target
$249588  in func $24956C  base $053A06  kind=static_target
$2495A8  in func $2495A0  base $05316C  kind=static_target
$2495CE  in func $2495AE  base $0530AE  kind=static_target
$2495E8  in func $2495E8  base $019240  kind=static_target
$249638  in func $249638  base $053030  kind=static_target
$2496DA  in func $2496CC  base $019240  kind=static_target
$249706  in func $2496E0  base $019240  kind=static_target
$249716  in func $24970C  base $019230  kind=static_target
$249A94  in func $249A86  base $0543E2  kind=static_target
$249B1A  in func $249B16  base $000000  kind=dynamic_register
$249DEC  in func $249D9A  base $053EC8  kind=static_target
$249E14  in func $249E02  base $0530AE  kind=static_target
$249E78  in func $249E74  base $0529F8  kind=static_target
$249EDA  in func $249EDA  base $019216  kind=static_target
$249EEC  in func $249EE0  base $24655A  kind=static_target
$249F1E  in func $249F1E  base $019216  kind=static_target
$249F50  in func $249F4A  base $019216  kind=static_target
$249F62  in func $249F56  base $053030  kind=static_target
$249F94  in func $249F94  base $053030  kind=static_target
$24A050  in func $24A046  base $053D4A  kind=static_target
$24A06C  in func $24A06C  base $052AAC  kind=static_target
$24A0FC  in func $24A072  base $052BB8  kind=static_target
$24A10E  in func $24A102  base $052BB8  kind=static_target
$24A11A  in func $24A114  base $053030  kind=static_target
$24A132  in func $24A120  base $0530AE  kind=static_target
$24A1E4  in func $24A15A  base $0529F8  kind=static_target
$24A1EA  in func $24A1EA  base $053030  kind=static_target
$24A21A  in func $24A214  base $053030  kind=static_target
$24A234  in func $24A220  base $24655A  kind=static_target
$24A244  in func $24A238  base $053030  kind=static_target
$24A2B6  in func $24A2B0  base $05303E  kind=static_target
$24A2F0  in func $24A2F0  base $053030  kind=static_target
$24A312  in func $24A312  base $053D4A  kind=static_target
$24A332  in func $24A318  base $24655A  kind=static_target
$24A3BE  in func $24A396  base $24655A  kind=static_target
$24A3E0  in func $24A3C2  base $019216  kind=static_target
$24A43E  in func $24A412  base $0529F8  kind=static_target
$24A498  in func $24A486  base $0530AE  kind=static_target
$24A54E  in func $24A548  base $053030  kind=static_target
$24A56A  in func $24A56A  base $053030  kind=static_target
$24A5EC  in func $24A5BA  base $0529F8  kind=static_target
$24A5F8  in func $24A5F2  base $0473BE  kind=static_target
$24A634  in func $24A624  base $053140  kind=static_target
$24A65E  in func $24A65A  base $0529F8  kind=static_target
$24A6B8  in func $24A6A8  base $052C9A  kind=static_target
$24A6BE  in func $24A6BE  base $053A06  kind=static_target
$24A6D4  in func $24A6C4  base $05317E  kind=static_target
$24A72E  in func $24A726  base $052C9A  kind=static_target
$24A7A0  in func $24A776  base $0529F8  kind=static_target
$24A7D8  in func $24A7CE  base $0529F8  kind=static_target
$24A80E  in func $24A802  base $053030  kind=static_target
$24A83A  in func $24A834  base $053030  kind=static_target
$24A924  in func $24A910  base $053106  kind=static_target
$24A95A  in func $24A92A  base $052C9A  kind=static_target
$24A992  in func $24A978  base $019240  kind=static_target
$24A998  in func $24A998  base $053A06  kind=static_target
$24A9D8  in func $24A9C4  base $053030  kind=static_target
$24A9DE  in func $24A9DE  base $019230  kind=static_target
$24A9EE  in func $24A9E4  base $0529F8  kind=static_target
$24AA90  in func $24AA90  base $053A06  kind=static_target
$24AADE  in func $24AACA  base $053A06  kind=static_target
$24AAF6  in func $24AAE4  base $05317E  kind=static_target
$24AB18  in func $24AAFC  base $05317E  kind=static_target
$24AB26  in func $24AB1E  base $05317E  kind=static_target
$24AB38  in func $24AB2C  base $05317E  kind=static_target
$24AB4A  in func $24AB3E  base $05317E  kind=static_target
$24AB5C  in func $24AB50  base $05317E  kind=static_target
$24AB70  in func $24AB62  base $05317E  kind=static_target
$24ABB0  in func $24ABAC  base $0529F8  kind=static_target
$24ABD2  in func $24ABB6  base $05316C  kind=static_target
$24AC52  in func $24AC22  base $0530AE  kind=static_target
$24AC58  in func $24AC58  base $053A14  kind=static_target
$24AC78  in func $24AC72  base $0537A4  kind=static_target
$24ACBE  in func $24AC9A  base $019240  kind=static_target
$24ACCA  in func $24ACC4  base $019240  kind=static_target
$24ACDC  in func $24ACD0  base $019240  kind=static_target
$24ACE8  in func $24ACE2  base $053106  kind=static_target
$24AD1E  in func $24AD12  base $053A22  kind=static_target
$24AE52  in func $24AE4E  base $019C2E  kind=static_target
$24AE58  in func $24AE58  base $019230  kind=static_target
$24AE9E  in func $24AE94  base $019230  kind=static_target
$24B29A  in func $24B28C  base $0543E2  kind=static_target
$24B2D8  in func $24B2C8  base $0530AE  kind=static_target
$24B2E8  in func $24B2DE  base $053152  kind=static_target
$24B62E  in func $24B5DC  base $053EC8  kind=static_target
$24B672  in func $24B652  base $0530AE  kind=static_target
$24B6BC  in func $24B688  base $0529F8  kind=static_target
$24B6C8  in func $24B6C2  base $053030  kind=static_target
$24B6FC  in func $24B6F0  base $053030  kind=static_target
$24B748  in func $24B748  base $052DBA  kind=static_target
$24B76C  in func $24B74E  base $0529F8  kind=static_target
$24B79A  in func $24B79A  base $052DBA  kind=static_target
$24B7E4  in func $24B7B4  base $052BB8  kind=static_target
$24B80A  in func $24B7F0  base $0019B6  kind=static_target
$24B81E  in func $24B810  base $0530AE  kind=static_target
$24B84E  in func $24B842  base $052C74  kind=static_target
$24B872  in func $24B86C  base $052EA6  kind=static_target
$24BA2C  in func $24BA14  base $053A06  kind=static_target
$24BAE0  in func $24BADA  base $0115FE  kind=static_target
$24BAF4  in func $24BAF4  base $019230  kind=static_target
$24BB14  in func $24BAFA  base $0115FE  kind=static_target
$24BB2C  in func $24BB28  base $0115FE  kind=static_target
$24BB92  in func $24BB82  base $0530D0  kind=static_target
$24BBE0  in func $24BBC8  base $0530D0  kind=static_target
$24BC48  in func $24BC20  base $053A22  kind=static_target
$24BD4C  in func $24BD26  base $0543E2  kind=static_target
$24BD9C  in func $24BD8E  base $2529F8  kind=static_target
$24C00E  in func $24BFB8  base $053EC8  kind=static_target
$24C01C  in func $24C01C  base $0541F0  kind=static_target
$24C040  in func $24C02A  base $2530AE  kind=static_target
$24C09E  in func $24C092  base $252AAC  kind=static_target
$24C0AC  in func $24C0A2  base $253030  kind=static_target
$24C0F2  in func $24C0F2  base $053D54  kind=static_target
$24C17C  in func $24C17C  base $253030  kind=static_target
$24C198  in func $24C180  base $2529F8  kind=static_target
$24C23E  in func $24C212  base $2529F8  kind=static_target
$24C262  in func $24C242  base $052BB8  kind=static_target
$24C2AE  in func $24C268  base $052BB8  kind=static_target
$24C35E  in func $24C344  base $053A14  kind=static_target
$24C376  in func $24C364  base $2530AE  kind=static_target
$24C3E0  in func $24C3D2  base $25303E  kind=static_target
$24C438  in func $24C42C  base $252DBA  kind=static_target
$24C47E  in func $24C47C  base $053A22  kind=static_target
$24C4A8  in func $24C484  base $2530AE  kind=static_target
$24C51E  in func $24C506  base $253030  kind=static_target
$24C558  in func $24C544  base $252DBA  kind=static_target
$24C584  in func $24C578  base $253030  kind=static_target
$24C5D4  in func $24C5C8  base $252DBA  kind=static_target
$24C63C  in func $24C628  base $2530AE  kind=static_target
$24C6AC  in func $24C6A0  base $2530AE  kind=static_target
$24C6D4  in func $24C6B0  base $019240  kind=static_target
$24C736  in func $24C736  base $053A06  kind=static_target
$24C806  in func $24C7F8  base $0543E2  kind=static_target
$24C848  in func $24C83E  base $2529F8  kind=static_target
$24C87E  in func $24C866  base $253A22  kind=static_target
$24C986  in func $24C966  base $019240  kind=static_target
$24C9E8  in func $24C99E  base $2529F8  kind=static_target
$24C9EC  in func $24C9EC  base $0541CA  kind=static_target
$24CA34  in func $24CA34  base $253030  kind=static_target
$24CA54  in func $24CA48  base $2529F8  kind=static_target
$24CA74  in func $24CA58  base $2529F8  kind=static_target
$24CA8A  in func $24CA78  base $019C06  kind=static_target
$24CB02  in func $24CAFE  base $019C06  kind=static_target
$24CB16  in func $24CB08  base $253106  kind=static_target
$24CB26  in func $24CB22  base $2529D8  kind=static_target
$24CB4E  in func $24CB4E  base $253030  kind=static_target
$24CB9A  in func $24CB6E  base $019240  kind=static_target
$24CBA6  in func $24CBA0  base $019240  kind=static_target
$24CBBA  in func $24CBAC  base $253106  kind=static_target
$24CC02  in func $24CBFC  base $253030  kind=static_target
$24CC22  in func $24CC10  base $019240  kind=static_target
$24CC8A  in func $24CC8A  base $253030  kind=static_target
$24CCA6  in func $24CC8E  base $052AFE  kind=static_target
$24CCB2  in func $24CCAC  base $253030  kind=static_target
$24CD34  in func $24CD30  base $253030  kind=static_target
$24CE4E  in func $24CE42  base $019240  kind=static_target
$24CE68  in func $24CE54  base $253A22  kind=static_target
$24CE7E  in func $24CE6C  base $2530AE  kind=static_target
$24CEB8  in func $24CEA2  base $2529D8  kind=static_target
$24CF4C  in func $24CF46  base $253030  kind=static_target
$24CFD2  in func $24CFCE  base $25335A  kind=static_target
$24D05A  in func $24D056  base $25335A  kind=static_target
$24D06E  in func $24D05E  base $25335A  kind=static_target
$24D08E  in func $24D08E  base $253030  kind=static_target
$24D0A6  in func $24D09A  base $25335A  kind=static_target
$24D0F0  in func $24D0EC  base $25335A  kind=static_target
$24D116  in func $24D112  base $25335A  kind=static_target
$24D12A  in func $24D11A  base $25335A  kind=static_target
$24D162  in func $24D156  base $253030  kind=static_target
$24D16C  in func $24D166  base $253030  kind=static_target
$24D1BA  in func $24D1B0  base $2529D0  kind=static_target
$24D1D4  in func $24D1BE  base $019240  kind=static_target
$24D1DA  in func $24D1DA  base $019230  kind=static_target
$24D1EA  in func $24D1E0  base $01BA28  kind=static_target
$24D1FA  in func $24D1F0  base $01BA28  kind=static_target
$24D454  in func $24D436  base $2543E2  kind=static_target
$24D592  in func $24D580  base $2530AE  kind=static_target
$24D5FA  in func $24D5A2  base $2529F8  kind=static_target
$24D610  in func $24D610  base $253030  kind=static_target
$24D668  in func $24D65A  base $252AAC  kind=static_target
$24D672  in func $24D66C  base $253030  kind=static_target
$24D68C  in func $24D68C  base $253030  kind=static_target
$24D732  in func $24D732  base $019216  kind=static_target
$24D7C2  in func $24D7C2  base $019240  kind=static_target
$24D7DA  in func $24D7D0  base $019240  kind=static_target
$24D81A  in func $24D80E  base $019240  kind=static_target
$24D836  in func $24D820  base $019240  kind=static_target
$24D88A  in func $24D88A  base $019240  kind=static_target
$24D8CC  in func $24D8CC  base $019240  kind=static_target
$24D8E0  in func $24D8D2  base $019C06  kind=static_target
$24D952  in func $24D91E  base $019240  kind=static_target
$24D958  in func $24D958  base $019230  kind=static_target
$24D99C  in func $24D99C  base $2530AE  kind=static_target
$24DA02  in func $24D9FA  base $2530AE  kind=static_target
$24DA76  in func $24DA6E  base $253A06  kind=static_target
$24DBDA  in func $24DBC8  base $2530AE  kind=static_target
$24DC4A  in func $24DC46  base $2529F8  kind=static_target
$24DC54  in func $24DC4E  base $253030  kind=static_target
$24DD18  in func $24DD02  base $253030  kind=static_target
$24DD42  in func $24DD26  base $019240  kind=static_target
$24DD8A  in func $24DD64  base $2529F8  kind=static_target
$24DDAC  in func $24DD8E  base $0540AE  kind=static_target
$24DDC8  in func $24DDB2  base $052BB8  kind=static_target
$24DDFE  in func $24DDCE  base $053A14  kind=static_target
$24DE12  in func $24DE04  base $2530AE  kind=static_target
$24DE90  in func $24DE88  base $253A14  kind=static_target
$24DEA4  in func $24DEA4  base $253030  kind=static_target
$24DEC4  in func $24DEBE  base $253030  kind=static_target
$24DEEA  in func $24DEDA  base $25316C  kind=static_target
$24DF16  in func $24DF0C  base $252AAC  kind=static_target
$24DF60  in func $24DF48  base $253030  kind=static_target
$24DF7C  in func $24DF6C  base $253140  kind=static_target
$24E00E  in func $24E00A  base $019240  kind=static_target
$24E028  in func $24E014  base $019240  kind=static_target
$24E032  in func $24E02E  base $253106  kind=static_target
$24E07E  in func $24E05A  base $253A22  kind=static_target
$24E0A6  in func $24E082  base $253A22  kind=static_target
$24E104  in func $24E100  base $24E108  kind=fallback_hybrid/offset_table
$24E154  in func $24E12C  base $252C74  kind=static_target
$24E284  in func $24E27E  base $2543E2  kind=static_target
$24E40A  in func $24E3A6  base $253EC8  kind=static_target
$24E40E  in func $24E40E  base $019230  kind=static_target
$24E41C  in func $24E41C  base $0541F0  kind=static_target
$24E43C  in func $24E42A  base $2530AE  kind=static_target
$24E48A  in func $24E456  base $2529F8  kind=static_target
$24E494  in func $24E48E  base $253030  kind=static_target
$24E4B4  in func $24E4B4  base $253030  kind=static_target
$24E4E2  in func $24E4DE  base $253030  kind=static_target
$24E52A  in func $24E520  base $253030  kind=static_target
$24E568  in func $24E558  base $019216  kind=static_target
$24E5B2  in func $24E5AA  base $253F12  kind=static_target
$24E5D4  in func $24E5D4  base $253F12  kind=static_target
$24E5F4  in func $24E5F4  base $253030  kind=static_target
$24E658  in func $24E654  base $2529F8  kind=static_target
$24E67C  in func $24E67C  base $253F12  kind=static_target
$24E694  in func $24E680  base $25316C  kind=static_target
$24E6DC  in func $24E6CC  base $253030  kind=static_target
$24E6FA  in func $24E6EA  base $253196  kind=static_target
$24E762  in func $24E758  base $253030  kind=static_target
$24E78C  in func $24E786  base $253030  kind=static_target
$24E874  in func $24E874  base $253030  kind=static_target
$24E8CE  in func $24E8AE  base $253A22  kind=static_target
$24EB4E  in func $24EB36  base $2543E2  kind=static_target
$24ED4C  in func $24ECF6  base $253EC8  kind=static_target
$24ED58  in func $24ED58  base $2541F0  kind=static_target
$24ED76  in func $24ED64  base $2530AE  kind=static_target
$24EDBA  in func $24EDB6  base $2529F8  kind=static_target
$24EDC4  in func $24EDBE  base $253030  kind=static_target
$24EE08  in func $24EE02  base $253030  kind=static_target
$24EE60  in func $24EE3E  base $252BB8  kind=static_target
$24EE90  in func $24EE82  base $253030  kind=static_target
$24EEC8  in func $24EE9C  base $2529F8  kind=static_target
$24EF2C  in func $24EEF6  base $053A14  kind=static_target
$24EF46  in func $24EF32  base $253140  kind=static_target
$24EF54  in func $24EF50  base $2529D8  kind=static_target
$24EF80  in func $24EF80  base $253030  kind=static_target
$24EF94  in func $24EF84  base $252BB8  kind=static_target
$24EFB8  in func $24EF98  base $019240  kind=static_target
$24EFCC  in func $24EFC8  base $2529D8  kind=static_target
$24EFF8  in func $24EFF4  base $253030  kind=static_target
$24F02C  in func $24F028  base $253030  kind=static_target
$24F068  in func $24F038  base $019240  kind=static_target
$24F072  in func $24F06E  base $253152  kind=static_target
$24F08C  in func $24F080  base $2529F8  kind=static_target
$24F154  in func $24F154  base $2530BA  kind=static_target
$24F182  in func $24F182  base $2530BA  kind=static_target
$24F1AC  in func $24F19C  base $0115FE  kind=static_target
$24F1B2  in func $24F1B2  base $019230  kind=static_target
$24F1DC  in func $24F1B8  base $253A22  kind=static_target
$24F3A6  in func $24F3A6  base $2543E2  kind=static_target
$24F3B2  in func $24F3AA  base $253FF6  kind=static_target
$24F4AE  in func $24F49C  base $2530AE  kind=static_target
$24F4FC  in func $24F4BE  base $252AFE  kind=static_target
$24F500  in func $24F500  base $253030  kind=static_target
$24F526  in func $24F520  base $253030  kind=static_target
$24F56A  in func $24F566  base $253030  kind=static_target
$24F5D4  in func $24F5CE  base $252CEC  kind=static_target
$24F5E2  in func $24F5E2  base $0540FE  kind=static_target
$24F5FA  in func $24F5E8  base $253106  kind=static_target
$24F634  in func $24F634  base $252CEC  kind=static_target
$24F652  in func $24F63E  base $24F8E8  kind=static_target
$24F656  in func $24F656  base $24F91E  kind=static_target
$24F6B2  in func $24F6AA  base $253030  kind=static_target
$24F6E4  in func $24F6CA  base $253030  kind=static_target
$24F6EC  in func $24F6E8  base $05335A  kind=static_target
$24F75E  in func $24F74E  base $25335A  kind=static_target
$24F7D2  in func $24F7CA  base $253030  kind=static_target
$24F7E0  in func $24F7D6  base $019240  kind=static_target
$24F812  in func $24F80E  base $25335A  kind=static_target
$24F8E4  in func $24F8CC  base $2543E2  kind=static_target
$24F904  in func $24F904  base $2530AE  kind=static_target
$24F91A  in func $24F916  base $2530AE  kind=static_target
$24F926  in func $24F91E  base $2530AE  kind=static_target
$24F9E6  in func $24F9D4  base $2530AE  kind=static_target
$24FA52  in func $24FA34  base $252AAC  kind=static_target
$24FA56  in func $24FA56  base $253030  kind=static_target
$24FA6A  in func $24FA5A  base $253EC8  kind=static_target
$24FA84  in func $24FA6E  base $019216  kind=static_target
$24FA92  in func $24FA8A  base $019216  kind=static_target
$24FB2C  in func $24FB16  base $019240  kind=static_target
$24FB6E  in func $24FB6E  base $053A14  kind=static_target
$24FB8A  in func $24FB74  base $019240  kind=static_target
$24FBCA  in func $24FBB4  base $019240  kind=static_target
$24FBE0  in func $24FBD0  base $019240  kind=static_target
$24FBFC  in func $24FBE6  base $019240  kind=static_target
$24FC14  in func $24FC02  base $019240  kind=static_target
$24FC30  in func $24FC1A  base $019240  kind=static_target
$24FC48  in func $24FC36  base $019240  kind=static_target
$24FC52  in func $24FC4E  base $019230  kind=static_target
$24FC72  in func $24FC58  base $252AAC  kind=static_target
$24FC7E  in func $24FC76  base $2530AE  kind=static_target
$24FCAE  in func $24FCAE  base $2530AE  kind=static_target
$24FCB2  in func $24FCB2  base $019230  kind=static_target
$24FCE0  in func $24FCC0  base $2529F8  kind=static_target
$24FCEC  in func $24FCE4  base $2530AE  kind=static_target
$24FD12  in func $24FD08  base $019240  kind=static_target
$24FD22  in func $24FD18  base $2529D0  kind=static_target
$24FD36  in func $24FD26  base $019240  kind=static_target
$24FD3C  in func $24FD3C  base $019230  kind=static_target
$24FD6E  in func $24FD5E  base $019240  kind=static_target
$24FD74  in func $24FD74  base $019230  kind=static_target
$24FDA4  in func $24FD9E  base $253140  kind=static_target
$24FDBC  in func $24FDBA  base $253140  kind=static_target
$24FE06  in func $24FE06  base $019240  kind=static_target
$24FE0C  in func $24FE0C  base $019230  kind=static_target
$24FE26  in func $24FE12  base $019240  kind=static_target
$24FE42  in func $24FE2C  base $019240  kind=static_target
$24FE50  in func $24FE48  base $019240  kind=static_target
$24FECC  in func $24FEC6  base $053810  kind=static_target
$24FEF0  in func $24FEEC  base $019240  kind=static_target
$24FF16  in func $24FF0E  base $2530D0  kind=static_target
$24FF2E  in func $24FF2A  base $253106  kind=static_target
$24FF40  in func $24FF32  base $2530AE  kind=static_target
$24FF70  in func $24FF62  base $25303E  kind=static_target
$24FF9E  in func $24FF88  base $2529F8  kind=static_target
$24FFA2  in func $24FFA2  base $019230  kind=static_target
$24FFE8  in func $24FFDA  base $2530D0  kind=static_target
$250206  in func $2501FC  base $2529F8  kind=static_target
$250212  in func $25020A  base $253FF6  kind=static_target
$25026E  in func $250258  base $2529F8  kind=static_target
$250452  in func $250436  base $2530AE  kind=static_target
$2504D2  in func $25046C  base $253EC8  kind=static_target
$2504D6  in func $2504D6  base $0541F0  kind=static_target
$2504EE  in func $2504DC  base $2529F8  kind=static_target
$250540  in func $25051A  base $2529F8  kind=static_target
$25054A  in func $250544  base $253030  kind=static_target
$250570  in func $250570  base $253030  kind=static_target
$2505B6  in func $2505A6  base $019240  kind=static_target
$25060C  in func $25060C  base $2530D0  kind=static_target
$25065C  in func $250650  base $25303E  kind=static_target
$2506B4  in func $25068E  base $2529F8  kind=static_target
$2506D0  in func $2506B8  base $2529F8  kind=static_target
$250720  in func $25070E  base $019240  kind=static_target
$25074A  in func $250738  base $2530BA  kind=static_target
$2507A4  in func $2507A0  base $2529F8  kind=static_target
$2507C8  in func $2507A8  base $019240  kind=static_target
$250854  in func $250854  base $253030  kind=static_target
$25088E  in func $250882  base $25335A  kind=static_target
$2508A0  in func $250892  base $019C06  kind=static_target
$2508F8  in func $2508F4  base $253030  kind=static_target
$250926  in func $250914  base $019240  kind=static_target
$250938  in func $250934  base $2529D0  kind=static_target
$250974  in func $250960  base $252CEC  kind=static_target
$25099C  in func $25099C  base $053A06  kind=static_target
$2509CE  in func $2509B2  base $019240  kind=static_target
$2509D8  in func $2509D4  base $019230  kind=static_target
$250A9C  in func $250A8E  base $01BFC8  kind=static_target
$250B4A  in func $250B40  base $252BB8  kind=static_target
$250B5A  in func $250B4E  base $019240  kind=static_target
$250B92  in func $250B60  base $019240  kind=static_target
$250CE6  in func $250CD2  base $2530AE  kind=static_target
$250D4C  in func $250D16  base $2529F8  kind=static_target
$250D9C  in func $250D9C  base $253030  kind=static_target
$250DB0  in func $250DA0  base $2529F8  kind=static_target
$250E66  in func $250E54  base $253030  kind=static_target
$250EA6  in func $250E96  base $253030  kind=static_target
$250EC4  in func $250EC4  base $253030  kind=static_target
$250F62  in func $250F62  base $253030  kind=static_target
$250F88  in func $250F78  base $253030  kind=static_target
$250FA2  in func $250FA2  base $253030  kind=static_target
$250FD4  in func $250FD4  base $253030  kind=static_target
$251018  in func $251018  base $253030  kind=static_target
$2510AE  in func $2510AE  base $253030  kind=static_target
$25111C  in func $251106  base $2529F8  kind=static_target
$25116A  in func $25116A  base $019240  kind=static_target
$2511F0  in func $2511EC  base $252BB8  kind=static_target
$25120C  in func $251204  base $253106  kind=static_target
$251220  in func $251210  base $25317E  kind=static_target
$25124A  in func $25122A  base $2529F8  kind=static_target
$251272  in func $25126C  base $25343E  kind=static_target
$2512CA  in func $2512C0  base $25343E  kind=static_target
$251320  in func $2512FC  base $25317E  kind=static_target
$251392  in func $251390  base $25317E  kind=static_target
$2513B6  in func $2513B4  base $25317E  kind=static_target
$2513D0  in func $2513C8  base $253106  kind=static_target
$251404  in func $2513E2  base $019240  kind=static_target
$25140A  in func $25140A  base $019230  kind=static_target
$25142C  in func $25141C  base $0115FE  kind=static_target
$25148A  in func $251486  base $019230  kind=static_target
$251546  in func $25151E  base $019240  kind=static_target
$25159A  in func $251594  base $253030  kind=static_target
$251606  in func $251606  base $253A06  kind=static_target
$251680  in func $251678  base $253A06  kind=static_target
$251700  in func $2516E8  base $253EC8  kind=static_target
$25176C  in func $251766  base $019240  kind=static_target
$2517D0  in func $2517A6  base $001D5C  kind=static_target
$251806  in func $251806  base $019240  kind=static_target
$251820  in func $25180C  base $019230  kind=static_target
$251852  in func $251852  base $253F12  kind=static_target
$25188A  in func $251882  base $0543FC  kind=static_target
$2518BE  in func $2518B6  base $0543FC  kind=static_target
$251904  in func $2518F6  base $053030  kind=static_target
$2519AA  in func $2519AA  base $019240  kind=static_target
$2519B6  in func $2519B0  base $053A06  kind=static_target
$251A84  in func $251A84  base $019240  kind=static_target
$251B3A  in func $251B30  base $019240  kind=static_target
$251B6E  in func $251B64  base $019240  kind=static_target
$251BD8  in func $251B74  base $019240  kind=static_target
$251BEA  in func $251BDE  base $019240  kind=static_target
$251DAA  in func $251DAA  base $00B7DC  kind=static_target
$251DB8  in func $251DB0  base $253FE6  kind=static_target
$251E0C  in func $251DE0  base $0017B0  kind=static_target
$251EA8  in func $251EA8  base $053A06  kind=static_target
$251F3E  in func $251F3A  base $000000  kind=dynamic_register
$252388  in func $252388  base $019C06  kind=static_target
$2523B4  in func $25238E  base $019C06  kind=static_target
$2523E4  in func $2523CE  base $019240  kind=static_target
$25243A  in func $252422  base $2529F8  kind=static_target
$252522  in func $252510  base $0548B0  kind=static_target
$252536  in func $252528  base $253A06  kind=static_target
$2525B0  in func $25259A  base $019240  kind=static_target
$2525C0  in func $2525B6  base $2529D0  kind=static_target
$2525C8  in func $2525C4  base $0530BA  kind=static_target
$252630  in func $252610  base $00EA46  kind=static_target
$2526F2  in func $2526E0  base $2526F6  kind=fallback_hybrid/offset_table
$252736  in func $252726  base $0019B6  kind=static_target
$252742  in func $25273E  base $0019B6  kind=static_target
$252750  in func $25274A  base $053EC8  kind=static_target
$252810  in func $252806  base $252814  kind=fallback_hybrid/offset_table
$252844  in func $252844  base $253030  kind=static_target
$252868  in func $252848  base $253030  kind=static_target
$2528BE  in func $2528BE  base $253A06  kind=static_target
$252936  in func $25292C  base $25293A  kind=fallback_hybrid/offset_table
$252996  in func $252992  base $019240  kind=static_target
$252D4E  in func $252D46  base $000000  kind=dynamic_register
$252F8A  in func $252F6C  base $000000  kind=dynamic_register
$25303C  in func $253038  base $000000  kind=dynamic_register
$253054  in func $25304C  base $000000  kind=dynamic_register
$253080  in func $25307C  base $000000  kind=dynamic_register
$253096  in func $25308E  base $000000  kind=dynamic_register
$2530AC  in func $2530A4  base $000000  kind=dynamic_register
$2530B4  in func $2530AE  base $019240  kind=static_target
$2530C6  in func $2530BA  base $019240  kind=static_target
$2530E2  in func $2530D0  base $019240  kind=static_target
$2530F8  in func $2530EC  base $019240  kind=static_target
$253112  in func $253106  base $019240  kind=static_target
$253136  in func $253136  base $019240  kind=static_target
$25314C  in func $253140  base $019240  kind=static_target
$253166  in func $253152  base $019240  kind=static_target
$253178  in func $25316C  base $019240  kind=static_target
$253190  in func $25317E  base $019240  kind=static_target
$2531B0  in func $253196  base $019240  kind=static_target
$2531BC  in func $2531B6  base $019240  kind=static_target
$2531EA  in func $2531EA  base $019230  kind=static_target
$253218  in func $253212  base $019230  kind=static_target
$253246  in func $253240  base $019230  kind=static_target
$253274  in func $25326E  base $019230  kind=static_target
$253512  in func $253500  base $253516  kind=fallback_hybrid/offset_table
$253624  in func $253616  base $019240  kind=static_target
$25373E  in func $25372C  base $019240  kind=static_target
$253770  in func $25375E  base $019240  kind=static_target
$2537CC  in func $2537A4  base $019240  kind=static_target
$25380A  in func $2537D2  base $019240  kind=static_target
$25382A  in func $253810  base $019240  kind=static_target
$25384A  in func $253830  base $019240  kind=static_target
$253898  in func $25386A  base $019240  kind=static_target
$2538B0  in func $25389E  base $019240  kind=static_target
$253910  in func $2538F2  base $019240  kind=static_target
$253A00  in func $2539EC  base $019240  kind=static_target
$253CDE  in func $253CD8  base $252CEC  kind=static_target
$253CE8  in func $253CE2  base $252CEC  kind=static_target
$253CF0  in func $253CEC  base $252CEC  kind=static_target
$253D02  in func $253CFE  base $253030  kind=static_target
$253D0E  in func $253D0A  base $019240  kind=static_target
$253D1E  in func $253D14  base $2530AE  kind=static_target
$253D2A  in func $253D26  base $2530AE  kind=static_target
$253D38  in func $253D32  base $2537A4  kind=static_target
$253D46  in func $253D40  base $25386A  kind=static_target
$253D50  in func $253D4A  base $253030  kind=static_target
$253D5E  in func $253D54  base $253030  kind=static_target
$253DF2  in func $253DCA  base $019240  kind=static_target
$253DFE  in func $253DF8  base $019240  kind=static_target
$253E0A  in func $253E04  base $019240  kind=static_target
$253F5E  in func $253F5C  base $253F5A  kind=fallback_hybrid/function_entry
$25403C  in func $254024  base $019240  kind=static_target
$25404E  in func $25404E  base $019230  kind=static_target
$25407C  in func $254070  base $019230  kind=static_target
$2540A8  in func $254096  base $019230  kind=static_target
$2540CC  in func $2540CC  base $0015E2  kind=static_target
$254140  in func $25413A  base $253030  kind=static_target
$254164  in func $254144  base $2526E0  kind=static_target
$254184  in func $25416E  base $2540E4  kind=static_target
$254194  in func $254188  base $019230  kind=static_target
$254268  in func $254248  base $000000  kind=dynamic_register
$25429E  in func $25429A  base $2529F8  kind=static_target
$2542DA  in func $2542CE  base $00160A  kind=static_target
$254436  in func $25441C  base $0019B6  kind=static_target
$2544EE  in func $2544EC  base $0015E2  kind=static_target
$254502  in func $2544F4  base $0015E2  kind=static_target
$254528  in func $254508  base $2539EC  kind=static_target
$254550  in func $25453C  base $2529F8  kind=static_target
$25458E  in func $254554  base $2529F8  kind=static_target
$254662  in func $25465E  base $019216  kind=static_target
$254674  in func $254668  base $019216  kind=static_target
$254682  in func $25467A  base $019216  kind=static_target
$254694  in func $254688  base $019216  kind=static_target
$2546A4  in func $25469A  base $2529D8  kind=static_target
$2546CA  in func $2546CA  base $253106  kind=static_target
$2546D2  in func $2546CE  base $253106  kind=static_target
$2546E6  in func $2546D6  base $2529D8  kind=static_target
$25473A  in func $25473A  base $253106  kind=static_target
$254750  in func $254746  base $253106  kind=static_target
$25477A  in func $25476A  base $019240  kind=static_target
$25479A  in func $25478E  base $253106  kind=static_target
$2547B6  in func $25479E  base $019240  kind=static_target
$2547CE  in func $2547CE  base $25372C  kind=static_target
$254816  in func $254812  base $25372C  kind=static_target
$254830  in func $254830  base $25372C  kind=static_target
$2548FE  in func $2548C8  base $254944  kind=static_target
$2549D0  in func $2549C8  base $01BA28  kind=static_target
$254B88  in func $254B82  base $05386A  kind=static_target
$254BA2  in func $254B8E  base $053810  kind=static_target
$254BCE  in func $254BC6  base $253030  kind=static_target
$254C96  in func $254C7A  base $2538F2  kind=static_target
$254D0E  in func $254D0E  base $253030  kind=static_target
$254D1A  in func $254D12  base $019216  kind=static_target
$254D42  in func $254D20  base $2530EC  kind=static_target
$254D4A  in func $254D4A  base $019230  kind=static_target
$254D60  in func $254D60  base $252CEC  kind=static_target
$254E3E  in func $254E3A  base $000000  kind=dynamic_register
$254F8C  in func $254F7E  base $253810  kind=static_target
$254FD4  in func $254F96  base $252AFE  kind=static_target
$254FDC  in func $254FD8  base $252AFE  kind=static_target
$254FE0  in func $254FE0  base $053CFE  kind=static_target
$2550B2  in func $2550A4  base $2530BA  kind=static_target
$2550C4  in func $2550B6  base $2530BA  kind=static_target
$2550EC  in func $2550C8  base $2530BA  kind=static_target
$255102  in func $2550F0  base $2530BA  kind=static_target
$255190  in func $255190  base $253030  kind=static_target
$255252  in func $255240  base $2530BA  kind=static_target
$255282  in func $255270  base $2530BA  kind=static_target
$2552D4  in func $2552A4  base $019CE0  kind=static_target
$2552E8  in func $2552DA  base $019CE0  kind=static_target
$2552F6  in func $2552F6  base $019CE0  kind=static_target
$255502  in func $2554EE  base $253810  kind=static_target
$2555C0  in func $2555B0  base $05317E  kind=static_target
$2555E6  in func $2555D0  base $2529D0  kind=static_target
$25564A  in func $25562E  base $0530BA  kind=static_target
$25565C  in func $255650  base $0530BA  kind=static_target
$255682  in func $255678  base $2529F8  kind=static_target
$2556EE  in func $2556D6  base $253B2C  kind=static_target
$255708  in func $2556F2  base $253810  kind=static_target
$25572C  in func $25570C  base $253A06  kind=static_target
$255734  in func $255730  base $253D94  kind=static_target
$255766  in func $25574E  base $253810  kind=static_target
$255774  in func $255770  base $2529D0  kind=static_target
$2557C2  in func $25579C  base $252B3E  kind=static_target
$2557E6  in func $2557CE  base $253D94  kind=static_target
$255846  in func $255838  base $253810  kind=static_target
$255886  in func $255882  base $253030  kind=static_target
$2558C6  in func $2558A0  base $253030  kind=static_target
$2558D8  in func $2558CA  base $25386A  kind=static_target
$25592C  in func $25591E  base $019216  kind=static_target
$25595E  in func $25595A  base $019216  kind=static_target
$2559E6  in func $2559D2  base $253810  kind=static_target
$255A52  in func $255A18  base $2529F8  kind=static_target
$255A7C  in func $255A6E  base $253056  kind=static_target
$255B04  in func $255AFA  base $253056  kind=static_target
$255B2A  in func $255B14  base $2529F8  kind=static_target
$255B68  in func $255B5A  base $2530D0  kind=static_target
$255B7C  in func $255B6C  base $2530D0  kind=static_target
$255BAE  in func $255B94  base $25386A  kind=static_target
$255BB8  in func $255BB2  base $25386A  kind=static_target
$255BCA  in func $255BBC  base $2530BA  kind=static_target
$255BEC  in func $255BCE  base $019240  kind=static_target
$255BF2  in func $255BF2  base $253A06  kind=static_target
$255C46  in func $255C28  base $019240  kind=static_target
$255C50  in func $255C4C  base $019240  kind=static_target
$255C98  in func $255C94  base $019240  kind=static_target
$255CA8  in func $255C9E  base $2529D0  kind=static_target
$255CB8  in func $255CAC  base $2530BA  kind=static_target
$255CBC  in func $255CBC  base $019230  kind=static_target
$255D82  in func $255D64  base $253810  kind=static_target
$255DFC  in func $255DEA  base $019216  kind=static_target
$255E52  in func $255E2A  base $019216  kind=static_target
$255E58  in func $255E58  base $25333A  kind=static_target
$2560A4  in func $256090  base $253810  kind=static_target
$25617A  in func $256172  base $2538F2  kind=static_target
$2561F4  in func $2561F4  base $019216  kind=static_target
$256222  in func $256222  base $019216  kind=static_target
$256286  in func $25626E  base $253810  kind=static_target
$2562B2  in func $256294  base $2529F8  kind=static_target
$2562F2  in func $2562E6  base $252EA6  kind=static_target
$25636A  in func $25636A  base $253030  kind=static_target
$256376  in func $25636E  base $053A06  kind=static_target
$256398  in func $25637C  base $2530AE  kind=static_target
$256414  in func $256410  base $2529F8  kind=static_target
$256424  in func $256418  base $0541CA  kind=static_target
$25648E  in func $25648E  base $253030  kind=static_target
$256524  in func $256524  base $253030  kind=static_target
$256560  in func $256558  base $253030  kind=static_target
$256582  in func $25657A  base $253030  kind=static_target
$25659A  in func $256586  base $04655A  kind=static_target
$2565B0  in func $2565A0  base $253030  kind=static_target
$2565E4  in func $2565DA  base $0529F8  kind=static_target
$256608  in func $2565F8  base $0115FE  kind=static_target
$25660E  in func $25660E  base $019230  kind=static_target
$256654  in func $256648  base $2530AE  kind=static_target
$256730  in func $256730  base $019240  kind=static_target
$25673A  in func $256736  base $019230  kind=static_target
$256760  in func $256740  base $253A22  kind=static_target
$256774  in func $25676A  base $256778  kind=fallback_hybrid/offset_table
$2568C6  in func $2568A8  base $2543E2  kind=static_target
$256996  in func $25697C  base $253810  kind=static_target
$2569B2  in func $2569A6  base $2529F8  kind=static_target
$256A74  in func $256A62  base $2530BA  kind=static_target
$256B28  in func $256B16  base $2530D0  kind=static_target
$256B7A  in func $256B7A  base $253030  kind=static_target
$256C5A  in func $256C46  base $253810  kind=static_target
$256C7A  in func $256C68  base $2529F8  kind=static_target
$256CF0  in func $256CE4  base $25303E  kind=static_target
$256D48  in func $256D36  base $2530BA  kind=static_target
$256D54  in func $256D50  base $2529D8  kind=static_target
$256DB6  in func $256D9A  base $2538F2  kind=static_target
$256DCE  in func $256DC2  base $2529F8  kind=static_target
$256DF6  in func $256DF2  base $252DBE  kind=static_target
$256E38  in func $256E34  base $252CF0  kind=static_target
$256E6E  in func $256E4A  base $252B3E  kind=static_target
$256EA0  in func $256EA0  base $2530D0  kind=static_target
$256F88  in func $256F74  base $253810  kind=static_target
$256F9A  in func $256F96  base $2529D0  kind=static_target
$256FCA  in func $256FCA  base $252EA6  kind=static_target
$256FE6  in func $256FCE  base $2529F8  kind=static_target
$256FEA  in func $256FEA  base $253030  kind=static_target
$257026  in func $257000  base $252AAC  kind=static_target
$257040  in func $257032  base $2530D0  kind=static_target
$257078  in func $257074  base $252CF0  kind=static_target
$25708A  in func $25707C  base $25386A  kind=static_target
$2570FE  in func $2570F8  base $019216  kind=static_target
$25710A  in func $257104  base $019216  kind=static_target
$257110  in func $257110  base $019216  kind=static_target
$257166  in func $257152  base $253810  kind=static_target
$25717C  in func $257170  base $2529F8  kind=static_target
$2571BE  in func $2571A8  base $019216  kind=static_target
$2571D6  in func $2571C4  base $2530BA  kind=static_target
$2571E4  in func $2571E0  base $2529D8  kind=static_target
$257206  in func $257202  base $252DBE  kind=static_target
$25721C  in func $25720A  base $2530BA  kind=static_target
$25722A  in func $257226  base $2529D8  kind=static_target
$25727E  in func $25726A  base $253810  kind=static_target
$2572D6  in func $2572B2  base $253B2C  kind=static_target
$257308  in func $2572F6  base $253030  kind=static_target
$257348  in func $257344  base $253030  kind=static_target
$257386  in func $25736C  base $252B3E  kind=static_target
$257436  in func $25742A  base $019240  kind=static_target
$2574F4  in func $2574E0  base $253810  kind=static_target
$2575C2  in func $2575B2  base $253030  kind=static_target
$2575EE  in func $2575EE  base $252D50  kind=static_target
$257642  in func $257632  base $253030  kind=static_target
$257660  in func $257660  base $252D84  kind=static_target
$257682  in func $257674  base $2530BA  kind=static_target
$2576D6  in func $2576C4  base $252C9A  kind=static_target
$257710  in func $2576FE  base $252C9A  kind=static_target
$2577BE  in func $2577BE  base $019C06  kind=static_target
$257808  in func $2577D8  base $2529F8  kind=static_target
$257840  in func $25783C  base $253030  kind=static_target
$25793E  in func $25793A  base $253744  kind=static_target
$257A4A  in func $257A22  base $253A22  kind=static_target
$257A90  in func $257A5A  base $253A22  kind=static_target
$257AB4  in func $257AA6  base $019C06  kind=static_target
$257AC8  in func $257ABA  base $019C06  kind=static_target
$257B1A  in func $257B1A  base $019C06  kind=static_target
$257B34  in func $257B20  base $019C06  kind=static_target
$257B50  in func $257B42  base $019C06  kind=static_target
$257B68  in func $257B68  base $019C06  kind=static_target
$257B92  in func $257B82  base $019C06  kind=static_target
$257BDA  in func $257BD6  base $257BDE  kind=fallback_hybrid/offset_table
$257C9C  in func $257C7C  base $25372C  kind=static_target
$257DB6  in func $257DB6  base $253030  kind=static_target
$257E42  in func $257E32  base $2530BA  kind=static_target
$257E72  in func $257E64  base $253810  kind=static_target
$257E9A  in func $257E9A  base $253810  kind=static_target
$257EE2  in func $257EE2  base $253810  kind=static_target
$257EFA  in func $257EE6  base $253810  kind=static_target
$257F24  in func $257F24  base $2529F8  kind=static_target
$257F38  in func $257F38  base $2529F8  kind=static_target
$257F62  in func $257F4C  base $019240  kind=static_target
$257F78  in func $257F68  base $2529D0  kind=static_target
$258088  in func $25806C  base $019240  kind=static_target
$2580D4  in func $2580B8  base $019230  kind=static_target
$258110  in func $258100  base $253A22  kind=static_target
$258368  in func $258368  base $252C34  kind=static_target
$25845A  in func $258450  base $01BA28  kind=static_target
$2584BC  in func $2584AE  base $019240  kind=static_target
$25851C  in func $25851C  base $253830  kind=static_target
$25855E  in func $25855E  base $253830  kind=static_target
$258578  in func $258562  base $253830  kind=static_target
$2585A6  in func $25859C  base $253830  kind=static_target
$2585E8  in func $2585E8  base $253830  kind=static_target
$258620  in func $258620  base $253830  kind=static_target
$25863E  in func $258636  base $253830  kind=static_target
$258672  in func $258672  base $253830  kind=static_target
$25867C  in func $258676  base $253830  kind=static_target
$258680  in func $258680  base $253830  kind=static_target
$258696  in func $258692  base $253106  kind=static_target
$2586B0  in func $2586AC  base $253106  kind=static_target
$2586C6  in func $2586C2  base $253106  kind=static_target
$25871A  in func $258712  base $253106  kind=static_target
$25877E  in func $25877E  base $253D32  kind=static_target
$258844  in func $258834  base $01BA28  kind=static_target
$25885A  in func $25884A  base $01BA28  kind=static_target
$258914  in func $2588F4  base $253A14  kind=static_target
$2589B0  in func $2589B0  base $253810  kind=static_target
$2589C8  in func $2589C0  base $253810  kind=static_target
$258A04  in func $258A04  base $253810  kind=static_target
$258A0C  in func $258A08  base $253810  kind=static_target
$258A46  in func $258A36  base $253A22  kind=static_target
$258A54  in func $258A4A  base $01BA28  kind=static_target
$258AA8  in func $258AA8  base $2529F8  kind=static_target
$258ACA  in func $258ABA  base $253810  kind=static_target
$258AEC  in func $258AEC  base $253810  kind=static_target
$258B04  in func $258AFC  base $253810  kind=static_target
$258B2A  in func $258B10  base $019230  kind=static_target
$258B5E  in func $258B50  base $019C06  kind=static_target
$258B84  in func $258B64  base $019C06  kind=static_target
$258C30  in func $258C20  base $253A22  kind=static_target
$258CB0  in func $258CB0  base $2529D0  kind=static_target
$258CBC  in func $258CB4  base $253810  kind=static_target
$258CE6  in func $258CC0  base $019240  kind=static_target
$258D2A  in func $258D14  base $2529D0  kind=static_target
$258D4C  in func $258D4C  base $253810  kind=static_target
$258DA8  in func $258D9C  base $25372C  kind=static_target
$258DC8  in func $258DC8  base $053A06  kind=static_target
$258DE2  in func $258DD6  base $253810  kind=static_target
$258E12  in func $258E12  base $053A06  kind=static_target
$258E68  in func $258E68  base $019230  kind=static_target
$258EEC  in func $258EE0  base $019240  kind=static_target
$258F10  in func $258EFA  base $019240  kind=static_target
$258F22  in func $258F22  base $019230  kind=static_target
$258F4A  in func $258F46  base $019240  kind=static_target
$258F5C  in func $258F58  base $2537A4  kind=static_target
$259072  in func $25905A  base $2529F8  kind=static_target
$25907E  in func $259076  base $253810  kind=static_target
$2590B6  in func $2590B2  base $2530BA  kind=static_target
$2592BA  in func $25929E  base $2538F2  kind=static_target
$25934C  in func $259338  base $253056  kind=static_target
$2593C4  in func $2593C4  base $253CE2  kind=static_target
$2593E2  in func $2593DE  base $25303E  kind=static_target
$259450  in func $25942C  base $253030  kind=static_target
$259498  in func $25947A  base $252CEC  kind=static_target
$2594D6  in func $2594B4  base $019216  kind=static_target
$2594FC  in func $2594FC  base $253030  kind=static_target
$259542  in func $25953A  base $019240  kind=static_target
$259556  in func $259548  base $010C98  kind=static_target
$259598  in func $259582  base $2529F8  kind=static_target
$259628  in func $259610  base $252AAC  kind=static_target
$259652  in func $259652  base $253810  kind=static_target
$259662  in func $259656  base $253810  kind=static_target
$25966C  in func $259666  base $253810  kind=static_target
$259708  in func $2596FE  base $2530D0  kind=static_target
$259720  in func $25970C  base $25386A  kind=static_target
$25973C  in func $259734  base $25386A  kind=static_target
$259782  in func $25976E  base $253810  kind=static_target
$2597AE  in func $259794  base $2529F8  kind=static_target
$2597CA  in func $2597CA  base $253030  kind=static_target
$2597EC  in func $2597E6  base $252CEC  kind=static_target
$25989A  in func $259894  base $253030  kind=static_target
$2598B4  in func $2598B4  base $253030  kind=static_target
$2598F0  in func $2598DE  base $2530BA  kind=static_target
$2598FE  in func $2598FA  base $2529D8  kind=static_target
$25994C  in func $25993A  base $2530D0  kind=static_target
$25995C  in func $259958  base $2529D8  kind=static_target
$259AB0  in func $259A9C  base $253810  kind=static_target
$259ADC  in func $259AB8  base $2529F8  kind=static_target
$259AEC  in func $259AE0  base $2529F8  kind=static_target
$259AFC  in func $259AF0  base $2529F8  kind=static_target
$259B1E  in func $259B1E  base $252CEC  kind=static_target
$259B3A  in func $259B22  base $2530D0  kind=static_target
$259B70  in func $259B6C  base $259B74  kind=fallback_hybrid/offset_table
$259BD4  in func $259BCE  base $253382  kind=static_target
$259BDC  in func $259BD8  base $259BE0  kind=fallback_hybrid/offset_table
$259C02  in func $259BE6  base $25303E  kind=static_target
$259C3A  in func $259C34  base $253030  kind=static_target
$259C42  in func $259C3E  base $259C46  kind=fallback_hybrid/offset_table
$259C4C  in func $259C4C  base $253030  kind=static_target
$259C6E  in func $259C6A  base $259C72  kind=fallback_hybrid/offset_table
$259CAE  in func $259CA8  base $253030  kind=static_target
$259CCC  in func $259CB2  base $2530BA  kind=static_target
$259CF2  in func $259CD0  base $2530BA  kind=static_target
$259D54  in func $259D42  base $252AAC  kind=static_target
$259D66  in func $259D66  base $252AAC  kind=static_target
$259D6E  in func $259D6A  base $252AAC  kind=static_target
$259DEE  in func $259DDA  base $253810  kind=static_target
$259E02  in func $259DF6  base $0529F8  kind=static_target
$259E32  in func $259E26  base $019216  kind=static_target
$259E50  in func $259E38  base $2530D0  kind=static_target
$259E74  in func $259E6E  base $2530D0  kind=static_target
$259EE0  in func $259ECC  base $253810  kind=static_target
$259F4E  in func $259F40  base $253030  kind=static_target
$259F90  in func $259F82  base $2530BA  kind=static_target
$259FA0  in func $259F9C  base $0529D8  kind=static_target
$25A048  in func $25A048  base $253030  kind=static_target
$25A08C  in func $25A084  base $2530D0  kind=static_target
$25A11E  in func $25A102  base $0538F2  kind=static_target
$25A182  in func $25A17E  base $252CEC  kind=static_target
$25A1B6  in func $25A1B0  base $252CEC  kind=static_target
$25A20C  in func $25A20C  base $252CEC  kind=static_target
$25A23C  in func $25A22C  base $052CEC  kind=static_target
$25A296  in func $25A270  base $253030  kind=static_target
$25A304  in func $25A2E8  base $2530AE  kind=static_target
$25A36C  in func $25A320  base $252AAC  kind=static_target
$25A394  in func $25A390  base $019216  kind=static_target
$25A3B0  in func $25A3A8  base $019216  kind=static_target
$25A3CE  in func $25A3B6  base $04655A  kind=static_target
$25A428  in func $25A406  base $052BB8  kind=static_target
$25A44A  in func $25A43C  base $019216  kind=static_target
$25A466  in func $25A45E  base $019216  kind=static_target
$25A4A0  in func $25A46C  base $0529F8  kind=static_target
$25A4CE  in func $25A4C2  base $253830  kind=static_target
$25A4DC  in func $25A4D2  base $052AAC  kind=static_target
$25A508  in func $25A508  base $252C74  kind=static_target
$25A536  in func $25A520  base $253A14  kind=static_target
$25A594  in func $25A590  base $052AAC  kind=static_target
$25A5E0  in func $25A5E0  base $253744  kind=static_target
$25A5FE  in func $25A5E4  base $019240  kind=static_target
$25A604  in func $25A604  base $253A06  kind=static_target
$25A62E  in func $25A622  base $252C74  kind=static_target
$25A64E  in func $25A64E  base $052CEC  kind=static_target
$25A6B0  in func $25A6B0  base $052CEC  kind=static_target
$25A6D6  in func $25A6C4  base $019240  kind=static_target
$25A6F8  in func $25A6F8  base $019230  kind=static_target
$25A90A  in func $25A90A  base $253810  kind=static_target
$25A92E  in func $25A90E  base $04655A  kind=static_target
$25A94E  in func $25A93A  base $253810  kind=static_target
$25A9B4  in func $25A9B0  base $253810  kind=static_target
$25AA10  in func $25AA0C  base $253810  kind=static_target
$25AAA4  in func $25AAA0  base $019240  kind=static_target
$25AAB6  in func $25AAAA  base $253830  kind=static_target
$25AAEC  in func $25AAEC  base $019230  kind=static_target
$25AB0A  in func $25AAF2  base $0543FC  kind=static_target
$25B552  in func $25B548  base $25B556  kind=fallback_hybrid/offset_table
$25B600  in func $25B5FA  base $019240  kind=static_target
